segment_name,full_days_to_qualify,full_liquid_share,full_category_hhi,full_first30_spend_share,full_dormancy_days,net_value
Early Churners,96.0,0.16059557534408567,0.2400115176982126,0.4224358743656845,204,-1527.4950000000001
High-Value Core,114.0,0.1366173563352266,0.1431858212005465,0.059735236299177374,0,1648.7741999999998
Bonus Opportunists,1.0,0.3736585431985614,0.40787387194757707,0.8070710366274053,107,-2836.4365999999995
Casual Regulars,,0.14803728007054695,0.19745752170990835,0.06793307907243906,14,-283.8418
Bonus Opportunists,0.0,0.4314690563909628,0.39030271496779445,0.9126249947997751,308,2102.5253999999986
Early Churners,,0.27108682674010104,0.31713538431306226,0.3129158296122606,204,-2131.9898000000003
Casual Regulars,,0.11886859840953411,0.3361423853070099,0.062413412625487316,12,-510.66740000000004
High-Value Core,103.0,0.18057213020593765,0.1249821591137888,0.0260100143243115,0,19826.608400000005
Early Churners,,0.20200285004886953,0.18869133100520014,0.4820613486068334,201,-736.3058000000001
Casual Regulars,,0.0612537902353449,0.32951323885577555,0.14126208531602577,2,-207.9050000000001
High-Value Core,191.0,0.11071410178706198,0.1947908228540125,0.0862476460224185,6,-7.7435999999997875
High-Value Core,271.0,0.1581209307801129,0.18055988365239245,0.08659818704593839,0,-9788.758399999999
Casual Regulars,,0.03875091183027344,0.19499886535505484,0.2755956723001302,5,-113.26799999999992
Casual Regulars,345.0,0.5554206663678634,0.21341058080985315,0.14994056015523102,7,109.22280000000023
Early Churners,,0.17047703022836158,0.31208877355455794,0.553879955282482,201,99.32880000000011
Casual Regulars,,0.17535440475551772,0.17252292469135627,0.05095999004319608,0,134.37220000000002
Early Churners,,0.6210722565831476,0.3115529969283992,0.6311640740379758,215,-2089.0514000000003
High-Value Core,270.0,0.13074982145449135,0.1638639026687118,0.06643792311660969,1,-8240.9634
Early Churners,,0.22941963350964256,0.15825538564726616,0.5571664938368408,205,-1156.2068
Early Churners,,0.589725824965118,0.2229434875399781,0.5076004701321731,206,372.946
High-Value Core,248.0,0.17696493697031102,0.14243201344848574,0.06597811491409188,0,-3880.4428
High-Value Core,196.0,0.19003019164797133,0.13849241587077285,0.10601685038837415,1,2794.5426
Casual Regulars,,0.0882828487398418,0.20583915959730387,0.05470107059756949,0,-340.5372
Borderline Opportunists,,0.8135482911290934,0.33408579766834523,0.482407345317969,182,-24.873199999999997
High-Value Core,,0.514355500530345,0.22398429026271646,0.14719553809434918,2,196.29399999999987
Early Churners,,0.10170659626908388,0.3448468550287913,0.6662986917950491,205,-1144.6470000000002
Bonus Opportunists,0.0,0.20651846472346924,0.5662930988835058,0.7905045814997612,134,-3563.5267999999996
Bonus Opportunists,2.0,0.3615040000202229,0.447511642393898,0.6227937974826172,180,-819.9522000000006
High-Value Core,147.0,0.37103175418222883,0.1070683276050156,0.0021186420309107345,0,11529.8324
High-Value Core,102.0,0.1460763640109358,0.2052472655419609,0.07080490715419847,0,-1644.9851999999992
Bonus Opportunists,1.0,0.411727575256766,0.3393134818136896,0.7838469476329951,208,694.8950000000004
Bonus Opportunists,9.0,0.28777139494587306,0.5052017419871495,0.7510615503073348,124,-8162.4152
High-Value Core,129.0,0.22538234421170736,0.12005020118849268,0.06455484452010032,4,2130.1668
Bonus Opportunists,5.0,0.15779148548480446,0.5107840379283333,0.7952140731371634,166,-7732.038800000001
High-Value Core,124.0,0.24298939633041802,0.13462103640336065,0.03963973439803712,0,-1509.8531999999996
High-Value Core,73.0,0.3725262975921226,0.1046609402528316,0.007122953905381537,0,15495.465400000001
Early Churners,,0.15597970392808758,0.2131179931069957,0.6201729388660665,205,-1251.7574
Minimal Engagers,,0.27770132071605536,0.4229753834399671,0.9848290892833858,164,-663.17
Early Churners,162.0,0.621262973728665,0.23163533860644328,0.5098436802714188,202,-4690.517
High-Value Core,125.0,0.18714710653925265,0.12938336784040558,0.07883563062680904,1,-2401.2562000000003
Casual Regulars,283.0,0.07489504590763836,0.1971447507140699,0.14247876845764895,10,-4124.7078
High-Value Core,129.0,0.19254723757894754,0.1075665009854823,0.009988087022969112,0,12256.958999999999
High-Value Core,336.0,0.1837495181709437,0.12855096856678186,0.08753627076471336,4,913.6180000000004
High-Value Core,,0.16938830774261485,0.13459296883835448,0.07088036809388512,1,352.9290000000001
Bonus Opportunists,0.0,0.4132563344195595,0.4582581296986439,0.8549604426330831,126,6905.516800000001
High-Value Core,94.0,0.1810816530430714,0.15304570541084558,0.11412211069469796,3,1544.2200000000003
Casual Regulars,,0.22420877906125605,0.22051816545590036,0.057857551740672926,3,-1287.4104000000002
High-Value Core,62.0,0.21505594563596497,0.10848253881424418,0.01050708062291406,0,20735.95
Casual Regulars,,0.5583317709862275,0.30066295741762716,0.09352343397315559,3,-451.40319999999997
Early Churners,,0.03078526101487805,0.4982160636051229,0.5385951101478903,204,23.45320000000015
Minimal Engagers,,0.0,0.6492111162078787,0.0,26,-2495.6132
Casual Regulars,,0.5991536604289759,0.3096404685640093,0.11801808596256144,11,-1632.0669999999998
High-Value Core,300.0,0.4211794121264034,0.11893042211098157,0.11150563700447216,0,-10498.4244
High-Value Core,136.0,0.17807922072980478,0.1383408591365359,0.14898427435355252,0,-920.6599999999994
Bonus Opportunists,3.0,0.12436366750359068,0.7219604108296224,0.7138084696553482,110,2260.3922000000002
Bonus Opportunists,5.0,0.318153063629657,0.43857918844881616,0.8246991847110609,308,-5727.096600000001
High-Value Core,40.0,0.16084644838953088,0.09747991224420675,0.011492246686097893,0,25801.083
High-Value Core,172.0,0.20184706311245995,0.15989931751452088,0.00147660751697194,0,1585.643600000003
Bonus Opportunists,,0.2722093464346491,0.5137780913999374,0.7714214404876064,186,-605.4726
High-Value Core,88.0,0.4536482287327222,0.16995999502537884,0.11715828128578591,0,84.8159999999998
Casual Regulars,,0.1268819927038672,0.24455398377940088,0.084284523156227,0,-131.65139999999997
Casual Regulars,,0.08088467152195626,0.3429972818913681,0.08139252299175588,6,-1102.9458
High-Value Core,117.0,0.45303069548782127,0.184677648431174,0.0667587378352427,1,1759.5946
High-Value Core,186.0,0.13677149925609594,0.13910460731879967,0.05535818158690959,2,298.4349999999995
Early Churners,,0.08696322380111293,0.30329125288301356,0.44431994877177644,204,579.2947999999999
High-Value Core,165.0,0.21921984481109563,0.09542575357470007,0.012121970092434639,0,16845.849
Casual Regulars,,0.11609419952796872,0.3194706440115922,0.02056884938067428,20,-1219.53
High-Value Core,360.0,0.1737141961613906,0.12743903639475035,0.05398355617223892,0,942.6788000000006
Minimal Engagers,,0.06789842511003172,0.32770518239898455,0.14127418770513073,11,-358.7514
High-Value Core,171.0,0.19809142901862664,0.16660808322743675,0.015511987993664227,1,-3155.9544
High-Value Core,114.0,0.15898051560401652,0.14611300278072284,0.10707052183988723,0,2296.4018
Casual Regulars,,0.5378986521474576,0.25067406552388205,0.1624149951857504,12,-2017.5624
High-Value Core,123.0,0.11166319081628107,0.1382376333306642,0.04488062226998216,0,-564.6325999999999
High-Value Core,201.0,0.5913590222340406,0.19666719542443492,0.13774866730129687,8,-3276.5186
Casual Regulars,,0.15606241535481805,0.13427409133459586,0.05614214565524473,0,-550.648
Casual Regulars,,0.09868523134912165,0.14743590329110678,0.061032423023307886,0,-996.9842
Casual Regulars,,0.1117877714844583,0.18395658648699598,0.1333749762979858,6,-918.2184
High-Value Core,,0.40942218598021246,0.15775126839737472,0.10769647307962553,1,404.9841999999999
Minimal Engagers,,0.550675517423227,0.3500137319626844,0.06407329224269367,6,-367.6422
Borderline Opportunists,,0.7349799269745751,0.3200255572145778,0.3595040259105372,203,-443.4866
High-Value Core,128.0,0.19871426395152558,0.15560721589491677,0.07293847693779461,1,-3130.5364
High-Value Core,117.0,0.14151781171958214,0.16899515209608118,0.058739826796337574,2,1984.5664000000002
High-Value Core,120.0,0.48234746646014176,0.16016366112981717,0.03424681229062,3,3084.392
Minimal Engagers,,0.20157325846775287,0.22393005963045073,0.0,25,-1696.4188
High-Value Core,124.0,0.2614076394079568,0.1405879135853929,0.08674592747594655,5,-2709.842
Bonus Opportunists,0.0,0.37654260899276515,0.4540104589608717,0.7385882926594884,124,2790.8719999999994
High-Value Core,167.0,0.15680359661515997,0.12328688327158917,0.048689875887853215,2,-2731.1436
High-Value Core,273.0,0.20582462308339533,0.15146346950772707,0.05187375088059467,2,-9671.81
High-Value Core,299.0,0.1286267804353142,0.15599676719653122,0.1004591683903835,0,1994.9155999999994
Early Churners,,0.07547349058238662,0.3734545717790114,0.2395591263817754,215,-525.2683999999999
Casual Regulars,,0.18046743649129982,0.2109510872995047,0.11218484951047455,1,-263.3118000000001
Casual Regulars,,0.3304967222204104,0.24977454513709188,0.006175488949044933,3,-140.08500000000004
Casual Regulars,303.0,0.28880362216631117,0.12958941040459454,0.07885507693864438,0,-2908.1064
High-Value Core,126.0,0.11275315074308281,0.12177300160468267,0.08493685792839542,6,-1855.049000000001
Casual Regulars,,0.6882308315423893,0.44386900077029073,0.04257807148255119,3,-1115.3518
Bonus Opportunists,,0.6467957449719434,0.33309772152164274,0.9248436442560642,312,-1597.7196
High-Value Core,123.0,0.1640780848584552,0.11476732388826524,0.06906257060463608,2,-1883.7111999999997
High-Value Core,364.0,0.47020482664095303,0.19383631687563735,0.11466834538244909,0,802.2950000000001
Early Churners,,0.25742334889254165,0.21847799941195384,0.33346073299253925,201,-438.0931999999999
Bonus Opportunists,1.0,0.33582085888097907,0.40667523070613804,0.7136461739691505,150,-1067.5636000000004
Casual Regulars,,0.16489649909362325,0.25773532993907666,0.08050232138620472,0,-907.7118
Casual Regulars,,0.5458693563021969,0.26549883976170835,0.046815166002209564,12,-2040.7966
High-Value Core,221.0,0.15508377144634092,0.14231204437321254,0.14754410224629172,1,-564.3406
High-Value Core,121.0,0.38880110156156283,0.10888149474795718,0.06336727252661035,0,-2510.4014
High-Value Core,149.0,0.17742131162193386,0.1501354496873134,0.08790120092274908,2,1817.8896000000004
High-Value Core,98.0,0.17347194388777556,0.12500700741502516,0.07505071370751162,0,-1570.8768
High-Value Core,181.0,0.16113275210340489,0.15522003166170592,0.11065937453890481,0,-3609.6998
Casual Regulars,,0.4889772868480506,0.2925791178702794,0.17728814557417172,7,-1399.2366
High-Value Core,333.0,0.17206808638385582,0.23476254505944,0.07446616643388615,3,1373.2701999999995
Minimal Engagers,,0.0,0.4780332223704993,0.0,79,-1761.865
Early Churners,,0.027965893013341195,0.24102878141663467,0.4164508074896218,205,59.011799999999994
Minimal Engagers,,0.638967562453437,0.3955010123695674,0.06716496361040816,10,-437.45239999999995
Casual Regulars,298.0,0.1219042855198527,0.1522323464603355,0.11038096414631318,3,682.4722000000002
Early Churners,,0.25211252887336116,0.2486450279215116,0.2991153977115921,226,-1459.3292
Bonus Opportunists,5.0,0.2520547048616439,0.5231438579803311,0.8334174600203709,251,-4637.3898
High-Value Core,133.0,0.2010914741903558,0.17342895042194612,0.05802738300147041,3,1584.3550000000005
High-Value Core,135.0,0.3591423058724674,0.10483147279123492,0.006477859498363224,0,13187.441799999997
Early Churners,147.0,0.5454346118444198,0.2854590868113768,0.5414553375417347,202,-1586.9692
Bonus Opportunists,,0.9814832194983676,0.6148459242168366,0.8651722252976448,307,452.86779999999976
High-Value Core,117.0,0.2325939141012996,0.1417076684622388,0.007140025284954859,0,5760.966399999999
High-Value Core,72.0,0.18167353073183046,0.13721398615987457,0.089842339554073,1,-1240.3540000000003
High-Value Core,131.0,0.36971639444586757,0.13481256518084145,0.011780762584556983,0,-1259.120399999998
Casual Regulars,,0.5510860915557033,0.235590673084885,0.13868975543635964,7,-1386.6984
Minimal Engagers,,0.12287430782716524,0.40505076373955173,0.02820772667992217,0,-366.135
Casual Regulars,,0.20817574858577326,0.23299693053532175,0.10672422789013297,2,237.11660000000006
High-Value Core,291.0,0.24647920031709758,0.11598479114153036,0.16095355230643138,0,-10298.6136
Bonus Opportunists,,0.9886197367241079,0.539427242870592,0.822982597737281,307,172.9328000000005
Casual Regulars,,0.2011542810282917,0.22481168528642093,0.17933549113891542,2,-713.6815999999999
High-Value Core,130.0,0.26709967703964405,0.17799984213202058,0.07071023225501533,3,-293.83680000000004
High-Value Core,,0.3553559890653644,0.10926042796756347,0.0655333607776745,0,481.1451999999995
Minimal Engagers,,0.22113594579281476,0.3406370465135963,0.5226537778137514,248,-1696.2204
High-Value Core,310.0,0.19723506077522351,0.12649446768593772,0.07684348304053479,7,1474.1438000000003
High-Value Core,99.0,0.3217855118056883,0.11245443142827721,0.007623219634175559,0,9224.968399999998
High-Value Core,106.0,0.15327129791689226,0.2192771618715386,0.07857394486177766,3,690.0702000000001
High-Value Core,191.0,0.18574251389057736,0.12917191360046215,0.0,0,8711.696800000002
High-Value Core,208.0,0.15460663123670904,0.136875617291534,0.09177123194348469,3,-1609.3482
Bonus Opportunists,0.0,0.41108145904514554,0.38342438283652547,0.7595162084511257,233,2704.1792000000005
Casual Regulars,,0.17988329676347195,0.20208177135584396,0.03045747028079095,7,-675.5244
Minimal Engagers,,0.0,0.500165513050406,0.0,29,-1153.8972
High-Value Core,276.0,0.447934673161559,0.162695885342719,0.03996584626296014,1,-1050.6598
Minimal Engagers,,0.2891764387117442,0.3177519522606685,0.09747544794725303,10,-2332.7922
Borderline Opportunists,,0.7689291270388606,0.6120481444842016,0.0,0,-1000.2384
Bonus Opportunists,,0.5195181819163278,0.33202378847265446,0.9148505386559713,310,171.23520000000008
High-Value Core,138.0,0.09840675874975673,0.16930519926028575,0.08720942563409959,2,977.4589999999998
Casual Regulars,,0.15028034507880977,0.253958355500531,0.07238325008480738,15,-115.00520000000006
Early Churners,99.0,0.17024290401931086,0.1902407431705673,0.6428875518015821,211,1095.4598
Casual Regulars,179.0,0.15098353853153507,0.1001030980794526,0.10400196624836053,0,-521.0028
Casual Regulars,,0.1402338068246984,0.26054977985679567,0.028125692930331427,1,-419.9172
High-Value Core,139.0,0.17233038876440526,0.14532401518028595,0.038542913995083236,0,-2175.7324000000003
High-Value Core,325.0,0.15548332639498777,0.12013180981623472,0.09853779411522745,5,1021.2289999999998
Casual Regulars,,0.17350628982741775,0.23564349626537107,0.026253297123269327,2,-1866.9066
High-Value Core,276.0,0.16742623116102862,0.19285240994993538,0.05617631184527076,1,2023.2533999999996
High-Value Core,211.0,0.522954929734528,0.205915275747031,0.10840118743458942,3,-7900.972599999999
Bonus Opportunists,7.0,0.33806556125181714,0.4964926249110669,0.7751524759570522,308,-281.86779999999953
Bonus Opportunists,0.0,0.1729375008050739,0.6658914358934124,0.6976302254103066,259,-993.5376000000015
Minimal Engagers,,0.0,1.0,0.0,27,-1034.983
Bonus Opportunists,4.0,0.08424307761607827,0.6774020207773445,0.741112877523538,307,-377.6819999999998
Borderline Opportunists,47.0,0.4170278156618704,0.42903712274332095,0.6856307911662357,317,-4915.673199999999
Casual Regulars,,0.41198282558980415,0.18324581441346516,0.09354818683798571,4,-223.19760000000002
High-Value Core,90.0,0.1390182866161907,0.18135478391435192,0.09217867392177241,2,-1651.4056
High-Value Core,88.0,0.37804270563272013,0.11446248722883562,0.010692045617218066,1,16467.636599999998
High-Value Core,249.0,0.38104849935358776,0.1490931025779561,0.060986347572993364,3,-2304.7158
High-Value Core,87.0,0.4357071854976799,0.1464393011933595,0.11383942168260539,0,2776.7611999999995
Bonus Opportunists,26.0,0.9924679810258432,0.44342557986646675,0.6970678497992935,128,-9461.9344
High-Value Core,76.0,0.22261599218110595,0.18424885468569144,0.05367200794538521,2,4458.4506
High-Value Core,112.0,0.16974719878842437,0.1543066602111997,0.08774132128428869,2,-2394.5752
Bonus Opportunists,30.0,0.20213069639116002,0.6427006799259892,0.803458646980496,233,-8825.1604
High-Value Core,85.0,0.4197855441225052,0.1290720759253937,0.007911126960441932,0,13109.613000000001
Casual Regulars,,0.13045916523615297,0.19424665291069015,0.08343180965282854,6,-332.8113999999998
Bonus Opportunists,7.0,0.9900016404580282,0.6504332572750412,0.699678911293006,166,1969.2879999999996
Early Churners,,0.10256889615433666,0.2797673722662981,0.5647274587550579,205,-2323.9904
High-Value Core,63.0,0.10810554041811656,0.16357474847114448,0.09563593389361554,0,1889.2643999999991
High-Value Core,75.0,0.4816080073343736,0.1750113229313072,0.0064547168061504885,1,5432.322400000001
High-Value Core,,0.15796896583238593,0.1606269824658452,0.08884965048879198,2,500.93060000000014
High-Value Core,81.0,0.1884071972962122,0.11513827732622371,0.01446707600585003,0,18925.2864
High-Value Core,96.0,0.24450286383665568,0.16501376424513672,0.1100771024816473,1,-1941.900999999999
High-Value Core,153.0,0.13735384769487452,0.16201618395605588,0.1789966389697919,6,-3049.0902
High-Value Core,159.0,0.16682550989817738,0.1061385330499266,0.0026084733549375143,1,-745.4594000000016
Early Churners,,0.12339001146635947,0.24147433352167919,0.4611943625094532,204,-218.81360000000018
High-Value Core,101.0,0.17416036742072777,0.14857302656335186,0.028546381070759685,0,19732.196799999998
High-Value Core,146.0,0.417816126021943,0.14430751873911485,0.1074839032223583,1,-2756.4426
High-Value Core,,0.1834743846225708,0.1530732900465388,0.05336639024145717,1,208.81280000000015
Minimal Engagers,,0.17363967558976473,0.5741482555631096,0.3188369253744212,212,-254.1138
High-Value Core,84.0,0.15588801031673505,0.12082127930994509,0.008760451719239525,0,14093.862200000003
High-Value Core,248.0,0.18897038375853323,0.16740622110965386,0.1083317100963576,0,-8323.4076
Early Churners,,0.6334364934112784,0.3131484351985344,0.46659632946732665,205,-651.0803999999998
Bonus Opportunists,,0.9185741762335023,0.43901599953145526,0.6884210914836548,308,-1463.0618
High-Value Core,182.0,0.12900414122051101,0.17451991892146795,0.09042892289195692,1,50.49100000000044
High-Value Core,,0.16453538244559948,0.1855592047802297,0.060711085656886335,5,226.51180000000068
High-Value Core,233.0,0.5167073388684564,0.19471454085394874,0.09270648802329445,3,-2411.1176
Bonus Opportunists,15.0,0.3056867454290499,0.4998158218210648,0.5484466950493314,253,-7570.0282
Casual Regulars,,0.1403615114148467,0.26183371574490844,0.015617010137883709,1,-1893.245
Bonus Opportunists,0.0,0.44664724185025,0.3789341214431052,0.6505148476403123,148,2477.2754000000004
Casual Regulars,,0.20449958046117409,0.2128383264172687,0.1966810761436416,4,-729.245
High-Value Core,129.0,0.18145337524854419,0.11511067233439767,0.0021006329619250885,1,9137.192800000003
High-Value Core,72.0,0.3797197798520417,0.12170243384417963,0.017094660744280114,0,22555.878200000003
High-Value Core,135.0,0.3355452100117542,0.11325113166916675,0.017518930203009573,0,4951.1654
Bonus Opportunists,3.0,0.9386610065677727,0.5835412742593213,0.825241930547372,268,2125.7019999999993
Bonus Opportunists,0.0,0.39561258672552846,0.3645652317310287,0.7584389647460176,214,230.97839999999997
Casual Regulars,,0.22871145687214395,0.3102782731322335,0.10231747452382385,2,150.7256000000001
Bonus Opportunists,36.0,0.25877219299399085,0.4941560870921024,0.6856359023395493,184,-1320.0823999999998
High-Value Core,87.0,0.15132838148806735,0.1073971305016763,0.001107153280854065,0,14367.743999999995
Casual Regulars,,0.1734126476482879,0.15487984883924089,0.06202720566287151,9,-318.58799999999997
Early Churners,,0.6570900749603602,0.4487821191910945,0.4944216941106833,200,-1249.9225999999999
Early Churners,,0.17671859011463992,0.26656292736518683,0.5626551908814029,246,-138.7643999999999
Bonus Opportunists,4.0,0.36529662830956533,0.4585219304231857,0.5970111365020108,142,-2032.3133999999995
High-Value Core,127.0,0.18308306371377134,0.10485997739837531,0.0005642869479788452,0,3251.2076000000034
Casual Regulars,,0.06564314972944882,0.3015149623639261,0.03635122222619918,2,-58.56779999999998
High-Value Core,162.0,0.15903799673752445,0.13729329573682292,0.056945768406281336,1,-3055.6859999999997
Bonus Opportunists,8.0,0.340406127202597,0.42504909433028804,0.8413067904794718,247,-5144.0164
High-Value Core,61.0,0.1843488417262088,0.15545866097606906,0.00321474854671666,1,8936.1044
High-Value Core,,0.17001505877716336,0.16041681752644515,0.0810078721212434,4,353.59380000000056
Early Churners,,0.5045030019745115,0.22639500369141377,0.5734947788915621,205,-1356.4518
Early Churners,,0.10600665033152311,0.2859367537272136,0.5714711942495417,208,168.2675999999999
High-Value Core,48.0,0.22880790703795145,0.10370981826666927,0.009305427486400708,0,24190.8748
Bonus Opportunists,,0.49989054162750135,0.38779558238926237,0.8591573254394703,316,-1231.4432
High-Value Core,163.0,0.16195685341361057,0.10747283442828054,0.09387884446009921,0,-100.44979999999987
High-Value Core,245.0,0.4501256522437344,0.16115405151235918,0.047551381478837064,0,2571.1841999999997
Casual Regulars,,0.07600522790074092,0.1618490879266776,0.030546200813377736,0,-646.1831999999997
High-Value Core,80.0,0.31048432454404107,0.08968298007379497,0.01232021107222511,0,17649.883599999994
Bonus Opportunists,,0.16082297946796276,0.5855694351020768,0.6783527145194074,309,-1695.3942000000002
High-Value Core,329.0,0.10064757999993379,0.203567533154327,0.0846039084049888,0,-11059.322400000001
High-Value Core,89.0,0.19045472849506412,0.16016325961003447,0.038231010773545196,1,2373.7346
High-Value Core,214.0,0.12075397813488947,0.24574818969808615,0.10104504789116425,5,-3562.6425999999997
Casual Regulars,,0.08344726798758073,0.19022916271275583,0.04176709544348449,8,-732.9194
Bonus Opportunists,36.0,0.9002579664172088,0.504006006628425,0.8703549417514744,130,-10934.3036
Casual Regulars,,0.09059226637078603,0.22731869180864156,0.07432627916822905,1,-240.7346
High-Value Core,,0.4058159197494292,0.12218013874722539,0.05877337689343492,1,61.76299999999992
Casual Regulars,,0.2465876952002445,0.22995230422253798,0.06640666252624446,0,-798.1697999999999
High-Value Core,123.0,0.14608176432222028,0.1401119176256465,0.08926391460484522,0,1693.0926
Bonus Opportunists,2.0,0.2988486617608222,0.45219459111168553,0.851989313113271,224,-6514.793800000001
Borderline Opportunists,,0.05305706436307568,0.4448265489922786,0.7775309702999814,206,-47.93979999999999
Casual Regulars,,0.11247668800754358,0.22816343937050768,0.015973760988159353,16,-1398.7044
Casual Regulars,,0.17239264589095205,0.21140604322980372,0.06882242822376189,8,-231.42039999999997
Early Churners,,0.19625274596847087,0.2994901050219362,0.4645546372399889,210,276.1936000000002
Casual Regulars,309.0,0.471357275337667,0.18807314763082475,0.13029641931889904,1,1465.817
Casual Regulars,,0.008238496341642507,0.18402225305291584,0.053012688072969986,28,-202.91899999999993
Minimal Engagers,,0.10041037468890378,0.24932020633402277,0.4717903908071017,10,-946.6217999999999
High-Value Core,298.0,0.19877826545015237,0.15952213705554305,0.025224706684727264,3,-8849.932
High-Value Core,,0.15776445667904854,0.16914941134063635,0.06640431689777757,2,760.4501999999998
Casual Regulars,,0.575068469337354,0.2824153068301426,0.07167780590562138,0,-121.39160000000004
High-Value Core,96.0,0.09839381769376779,0.1691279029558524,0.09153296501076606,0,-1560.8266000000003
Casual Regulars,297.0,0.07830835440539441,0.17149322180737098,0.14026309148349964,0,-4466.6366
Early Churners,,0.042904498012193454,0.43482162336683083,0.5878675352787511,216,-1281.0474000000002
High-Value Core,,0.18498244406323028,0.16363686826984808,0.05568934452134513,0,440.11120000000074
High-Value Core,78.0,0.12912128992489413,0.14123561432737425,0.09407824541378756,0,3175.4512
Early Churners,,0.13599354467043495,0.4064874132197557,0.4915128589594111,207,198.8438000000001
High-Value Core,170.0,0.45765807955728954,0.1260815057788245,0.08297265129448687,0,1879.5616000000005
High-Value Core,116.0,0.38046248403245536,0.13756505869099672,0.0049492527370059115,0,15152.029200000004
High-Value Core,148.0,0.19956965089169065,0.177554485602187,0.10448255718478418,0,1149.1202000000003
High-Value Core,94.0,0.2137975023051559,0.10447958715969421,0.00747772039603398,0,25046.6048
Casual Regulars,,0.1147076298381173,0.21908597646161992,0.11498289785748307,1,-1259.8254
High-Value Core,152.0,0.1392699285526047,0.12091419061711361,0.01906570221086082,0,-613.5879999999997
High-Value Core,94.0,0.1800636972512407,0.13617000424839826,0.004646380549934347,0,5899.6116
Early Churners,,0.5623871622336937,0.30399654835401946,0.35010031597794355,215,-1023.5533999999998
Casual Regulars,,0.02137822346091858,0.42814359205371905,0.12311687328664656,23,-2039.8411999999998
High-Value Core,315.0,0.1385597326277307,0.24814227034455882,0.07974236519870698,0,1171.7184000000002
Casual Regulars,,0.3861896884998322,0.16947205224964593,0.05281587840420813,2,-255.3003999999999
High-Value Core,,0.16627198531920323,0.13704200493364355,0.08102257691575748,0,690.5026000000003
Casual Regulars,,0.07524680934174263,0.212125458101635,0.07192031853937417,2,395.3431999999999
Minimal Engagers,,0.050721193717544695,0.30736758126254604,0.2843149138140016,14,-974.5968
Early Churners,,0.14349490687545152,0.17572059819375963,0.4775776693496197,217,-1755.9797999999998
Casual Regulars,,0.10790883899380539,0.2372019755674423,0.18469529880346153,7,-692.6866
Casual Regulars,,0.15430233160337162,0.13399496059228497,0.06258904176233245,4,-462.799
Casual Regulars,,0.49179054897601665,0.23862998417789116,0.08216125236688927,7,-509.66820000000007
Casual Regulars,,0.4882121305325357,0.1937497328010792,0.03310965651384731,27,-269.16100000000006
High-Value Core,139.0,0.11792238044345432,0.16971446916190036,0.07585334364805787,3,476.19839999999976
Early Churners,,0.20146832697828618,0.2461534359050581,0.32061982049983007,214,-614.9532
Casual Regulars,,0.5975326016332495,0.277889834494839,0.23126548527028956,4,41.833999999999946
Bonus Opportunists,0.0,0.3543127628368256,0.40356951757827125,0.8206502194275245,249,2636.4568
High-Value Core,110.0,0.16698995938719977,0.15316193031783856,0.09214385124375003,6,1333.4712
Bonus Opportunists,,0.2054860151775539,0.5763830339581779,1.0,347,-63.355200000000025
High-Value Core,122.0,0.22430404805168666,0.1195019345152634,0.004915042099704313,0,11726.9932
Bonus Opportunists,36.0,0.3779428720094405,0.4369834980990115,0.8180933050631762,156,-10347.3176
High-Value Core,268.0,0.26826171962343554,0.15680430150805935,0.10680185633041119,0,-10197.3074
Early Churners,,0.5714728067772773,0.26534515038937,0.5372239349313005,210,-185.221
Minimal Engagers,,0.09090013711593055,0.26829836405145374,0.023927695486761554,5,-789.3140000000001
Casual Regulars,,0.03376217059238209,0.2821433218034359,0.012452209040206556,4,-735.0061999999999
Bonus Opportunists,,0.2589436376149833,0.4829875058739926,0.7573333024731254,322,-184.0415999999999
Casual Regulars,,0.11635105490026303,0.17846621123498915,0.14690066773030785,3,-659.3897999999999
Casual Regulars,,0.05751826083414847,0.24117766580376082,0.07300063655898155,11,-1495.5506
Casual Regulars,,0.3204951578626634,0.22088101758145703,0.0493057113594584,1,-163.92940000000004
Early Churners,,0.17360597614484455,0.3179428891526296,0.53178724283843,217,-160.82839999999987
High-Value Core,93.0,0.23639880032285526,0.11515977213373463,0.003908984854181941,0,14270.366999999998
High-Value Core,131.0,0.15267137353693774,0.16940089337200726,0.11422939064040395,4,1448.4690000000005
High-Value Core,94.0,0.19645843883933334,0.1599062893315872,0.09298854145173314,3,-1758.7044000000005
Bonus Opportunists,6.0,0.374823467208892,0.4220760881975321,0.9388008575172766,314,-7709.4002
Casual Regulars,,0.1723289392605412,0.1830990093562708,0.09627275321890794,2,-203.37480000000005
High-Value Core,277.0,0.24642340239295524,0.10828513888502156,0.06938335890824601,0,929.3002000000001
High-Value Core,232.0,0.17031234085586494,0.1744211039141875,0.05912646313878347,1,-3669.0276
Borderline Opportunists,,0.5171597662011592,0.33639435569482623,0.0,6,-2436.0642
Casual Regulars,,0.08840753917126427,0.22596127848943037,0.07717789911601944,13,-1420.3084
High-Value Core,125.0,0.1855741673534048,0.11044102005273518,0.007374325532147552,1,5553.5328000000045
Bonus Opportunists,5.0,0.2770808563083731,0.4340391371011495,0.8432875629100177,231,-3138.7864
Bonus Opportunists,,0.2837009582000691,0.5512260706079414,0.6468890090348299,115,-664.8299999999999
Casual Regulars,,0.461867989047457,0.17970050940598514,0.016081330689348257,12,-1787.8948
Casual Regulars,240.0,0.5702545098656117,0.27527355404281256,0.05045802195696679,0,1237.139
Casual Regulars,,0.46318329260201246,0.26285136271310455,0.07434042819483234,3,-17.406600000000026
Casual Regulars,,0.27410881609741455,0.2772044127381199,0.09308430799362306,8,-825.5111999999999
High-Value Core,115.0,0.14160764864651695,0.15844453475493314,0.08151545922769926,0,-1430.2986
High-Value Core,174.0,0.3697476099907673,0.11549734723093746,0.00486220182993481,0,7226.1576000000005
Minimal Engagers,,0.0,1.0,0.0,14,-670.2692
Early Churners,,0.5673915547000662,0.2995695550156553,0.5215666845104538,213,-619.6180000000002
High-Value Core,62.0,0.16035257528516528,0.12493516813839142,0.10139949674480703,0,2300.2684
High-Value Core,150.0,0.21863713500451926,0.11747504779540408,0.05718441866137069,0,-696.6640000000002
Bonus Opportunists,4.0,0.4254889022097875,0.40778053103416767,0.7380286425053391,308,-6273.179
Early Churners,,0.23196970574843373,0.19080001679238076,0.46687229040848355,204,642.7762
High-Value Core,164.0,0.22482294478857934,0.10303645046025688,0.0030558363626689896,1,1075.054000000002
Casual Regulars,,0.16263565664338217,0.2518976998614191,0.059852284277770285,1,-939.9426
Casual Regulars,,0.6560960427367752,0.3623594244352852,0.09661226334218412,4,334.72839999999997
High-Value Core,291.0,0.21775130994940647,0.1671095111372137,0.08534259122874646,3,1150.5338000000002
High-Value Core,147.0,0.1738179316604051,0.17633140233950143,0.02906072487841642,6,-291.06680000000006
Bonus Opportunists,10.0,0.253669100920924,0.5121672691705305,0.7319756167627667,147,-6960.708199999999
High-Value Core,139.0,0.11006343936698239,0.1791278240381902,0.044028376207045666,2,-2173.9510000000005
Casual Regulars,,0.09056063483730452,0.2145234608458573,0.022425610426742827,0,-1678.063
Casual Regulars,,0.6548278277704874,0.2684715447612767,0.25891499674432805,3,-2219.4334
Casual Regulars,,0.24684428201343178,0.2503852474044782,0.029517752364764283,12,-2087.4542
High-Value Core,182.0,0.24310246671999783,0.103288118697238,0.0021745605322633266,0,-1648.4983999999986
Borderline Opportunists,,0.39340532886642743,0.2882466779823075,0.06725862691610066,60,-501.97540000000004
High-Value Core,147.0,0.22618723495045812,0.19062301928707417,0.10401190425323062,0,1003.2707999999993
High-Value Core,148.0,0.14162111368014516,0.13505030899439227,0.17117847278241988,1,2246.4654000000005
High-Value Core,128.0,0.15999477536562298,0.19601735141788335,0.14159909238407367,1,-704.6077999999998
Borderline Opportunists,,0.07472239883736773,0.2793016902820537,0.5744964576047957,220,-1447.696
Minimal Engagers,,0.21880342173442635,0.22009356308804853,0.673201729042391,225,-1083.3574
Bonus Opportunists,,0.4092952597333217,0.25836846113976697,0.5926963669354041,187,115.49420000000009
Borderline Opportunists,,0.0,0.3619464941553667,0.6144207863900086,102,-2121.1638
High-Value Core,211.0,0.1624090944658659,0.12725162990126274,0.05411886870053082,0,-9029.3302
Borderline Opportunists,,0.4518103740691867,0.20945829860698453,0.1965317335165098,6,-823.8235999999999
Casual Regulars,,0.12815504860771268,0.2202803337145856,0.13983371568225067,11,-958.3057999999999
Minimal Engagers,,0.05534587319010157,0.30223026202548253,0.025578009890419213,17,-2359.8484
Bonus Opportunists,1.0,0.42427311458592093,0.32066671306932526,0.7392178951305405,114,-4472.455800000001
High-Value Core,49.0,0.16660172012068034,0.13608563997546827,0.005280601792729379,0,19201.9154
Early Churners,,0.13004225141957912,0.19956578118664167,0.510281673041296,202,-1120.983
High-Value Core,362.0,0.15369177378915652,0.15810263841943792,0.08323046783579956,1,925.9636
Casual Regulars,246.0,0.15184112504102296,0.19872976271897724,0.1547866302845887,2,-4653.3044
High-Value Core,132.0,0.16016180742019606,0.13208921259758985,0.05803699779353952,0,3607.915799999999
High-Value Core,117.0,0.11314548331925144,0.12486155943819364,0.06129183244562993,1,378.0139999999992
Casual Regulars,312.0,0.10681332460061231,0.17923413211561937,0.08357100077750362,6,1120.1206
Bonus Opportunists,9.0,0.1365875770139704,0.7295643902238653,0.7880175947637552,124,-6872.019
Minimal Engagers,,0.7025566069184811,0.5436825136690414,0.5478729133010232,272,-483.009
High-Value Core,258.0,0.20431776928997467,0.12849742524956048,0.06183075184351361,3,-9761.736
High-Value Core,73.0,0.20094477679693118,0.11493562245226582,0.008871194300576592,0,22948.609999999997
Bonus Opportunists,,0.6351304985916253,0.3502371241505519,0.8407579961981333,309,459.12879999999996
High-Value Core,152.0,0.19525713577256792,0.10737556158665784,0.0013026349023591028,3,6409.765600000002
Casual Regulars,,0.48304886179742534,0.20985660544603224,0.09790228533967385,0,195.40300000000002
Casual Regulars,,0.2027695165204189,0.15177340649313073,0.08101889017197848,4,-646.6313999999998
Minimal Engagers,,0.0,0.36243323947820877,0.0,102,-2124.7908
High-Value Core,148.0,0.13423698429981565,0.09267460576173812,0.008651701724546806,0,13486.439999999999
Early Churners,,0.7315734156160355,0.30076491366626396,0.6852840922787647,201,-185.17000000000002
Borderline Opportunists,,0.1122074594044346,0.1579113019675188,0.0,59,-598.2278
Casual Regulars,,0.19527330321062727,0.14348694369015505,0.0710427918570835,0,-525.5585999999998
High-Value Core,91.0,0.1708596316013339,0.12808312830918492,0.0066109688720216945,1,15908.483600000003
Bonus Opportunists,1.0,0.9617408137349301,0.6552780676637939,0.9147967554078549,147,-211.72580000000016
Casual Regulars,287.0,0.2042233257756925,0.1996025929292738,0.12649391502861576,5,-4727.141799999999
Casual Regulars,,0.38041714022780293,0.16177512286931253,0.06348404552573633,14,88.92899999999997
High-Value Core,245.0,0.1440338113041702,0.17700216340996053,0.08811524688797964,5,2569.6320000000005
Casual Regulars,,0.22387526702985813,0.19697938655883582,0.12962023132965012,6,-38.826799999999935
Bonus Opportunists,0.0,0.46697474903711395,0.4331620814063672,0.6917551127389171,308,-1987.9229999999998
High-Value Core,229.0,0.44371292759508285,0.1603814617797326,0.04099526443381403,0,-9046.234
Bonus Opportunists,44.0,0.4255819252645028,0.3713773676361691,0.6541206205256352,312,-4524.496999999999
High-Value Core,105.0,0.41200166522370896,0.1257569632101979,0.015561779574221746,0,9429.445
High-Value Core,122.0,0.14871953720755013,0.09496501201480195,0.004151274943240723,0,21294.661600000003
Bonus Opportunists,7.0,0.4696172221048242,0.42601399679477675,0.9250788711644399,306,-8804.301800000001
High-Value Core,259.0,0.2492418270336745,0.13298736032465205,0.06819098792246406,0,-9946.880799999999
High-Value Core,348.0,0.2644087166320112,0.14036827784164693,0.11973780812482271,1,1185.7466000000004
Casual Regulars,,0.21934520143772113,0.19048776296897277,0.08820283457249072,8,-528.4287999999999
Bonus Opportunists,2.0,0.23604925074601663,0.5791005272181724,0.8152561276197863,307,3101.4680000000008
High-Value Core,120.0,0.1612903366335694,0.17615447316430113,0.07338071522417414,0,-2068.1542
Bonus Opportunists,24.0,0.9126535499699049,0.4701490944934157,0.7792382973561331,230,-9772.6464
Early Churners,,0.14903946507469398,0.24712445594697893,0.6304783527801708,201,-1291.1668
Minimal Engagers,,0.19497885624823022,0.21204833351354957,0.045322749366389505,26,-2114.5374
High-Value Core,126.0,0.15306544670077563,0.13680290299252473,0.0717694539498483,3,2872.245
Casual Regulars,,0.08319234129251989,0.19796611410628812,0.09933471579870083,3,-1463.6926
Bonus Opportunists,80.0,0.276261990948056,0.5384440950171815,0.4769298727606301,284,-4490.3562
High-Value Core,234.0,0.10808792401047249,0.17190693383094482,0.04723352525468081,0,-3783.2176000000004
High-Value Core,135.0,0.15647055868672458,0.13413913800733665,0.14710936079865533,2,757.5918000000006
Borderline Opportunists,,0.579661139986643,0.35163297369037416,0.11827216237405266,4,-1524.488
High-Value Core,166.0,0.4685423963677147,0.18553579245024424,0.10365019099182714,1,1503.0476000000003
High-Value Core,138.0,0.12486147471210829,0.17766593456883392,0.07473794597367182,1,-3061.9447999999993
High-Value Core,105.0,0.1885803041600965,0.19745126084121634,0.07556387581602153,0,-1718.6232
High-Value Core,320.0,0.11265118851466378,0.18258889907712958,0.13426794956120777,0,1186.8948
High-Value Core,195.0,0.23888909009476236,0.16279349072739707,0.06355291667857087,0,566.1811999999995
Bonus Opportunists,2.0,0.9817077813114492,0.5663575657615234,0.746999754754153,157,-6123.247400000001
Borderline Opportunists,,0.13246020285201468,0.3270376667024978,0.7176783828545915,224,-213.4522
Bonus Opportunists,1.0,0.42045184076114056,0.384202644553793,0.8141980522954073,192,-7303.7386
High-Value Core,98.0,0.20538016017279603,0.10297647919285302,0.0018751941624890974,0,21249.483200000002
Early Churners,66.0,0.059771325549614264,0.3566102618011927,0.46556924874825667,202,-4605.6636
Early Churners,,0.12134120257248714,0.23319796072177928,0.5764501194384968,204,117.18920000000003
High-Value Core,313.0,0.15963580400031832,0.15976334892249147,0.11962197262768147,9,942.1718000000001
Casual Regulars,,0.09379517641165105,0.2864375447158908,0.029774201720097378,1,-319.701
Casual Regulars,,0.3689295763409031,0.1386057660284217,0.07478678352329184,12,-47.31399999999985
Early Churners,16.0,0.1701204640736866,0.21430090577972438,0.44846905324744746,209,-270.4058
Early Churners,138.0,0.7276909769622142,0.3703749073463331,0.4174970882490071,203,-4866.7816
High-Value Core,68.0,0.15534883549562947,0.13175529987302184,0.012241797984097816,0,21338.886800000004
Borderline Opportunists,,0.0698023078773535,0.20924293530665564,0.47555183012014535,207,-30.72700000000009
Casual Regulars,,0.25771555547696723,0.16568672835897919,0.06888830930004333,8,657.2839999999999
Casual Regulars,,0.05394336076974363,0.16014438405849155,0.13251162488268012,10,-1544.9786000000001
Minimal Engagers,,0.6084037137130325,0.2529059295448376,0.08860463533559752,4,-317.79960000000005
High-Value Core,50.0,0.34185924646930227,0.12546743671781538,0.039205879044232256,2,8846.170800000002
High-Value Core,186.0,0.19781746747402804,0.11788374968712347,0.0,6,-4596.9784
Bonus Opportunists,,0.07383252444448395,0.7481018597729612,0.841213794490739,241,679.3408000000004
Casual Regulars,,0.1500211048054975,0.22819057044074545,0.027928539174615682,0,-1331.0036
Bonus Opportunists,15.0,0.30060389039982044,0.47203453000073586,0.795168451218318,274,-9618.5994
Casual Regulars,,0.20720461452429456,0.1302790255818288,0.09595919141670707,1,-987.0060000000001
High-Value Core,177.0,0.16248452465915944,0.11064730286049616,0.0034541503402154626,2,253.14619999999923
Borderline Opportunists,28.0,0.989844707769926,0.7851372993545637,0.9430361597775047,249,-3571.0132
High-Value Core,249.0,0.4887785063737701,0.15759762997977667,0.056798519975652995,0,1549.2422000000006
High-Value Core,102.0,0.3766048297484962,0.11942035321238666,0.06307993847609208,1,-2519.6096
Early Churners,,0.10872410622345453,0.34722939875466996,0.4372156946814166,206,57.77819999999997
High-Value Core,166.0,0.3282733838398095,0.11378572848650814,0.0033538046183304708,3,-3005.1319999999996
Casual Regulars,,0.5328333585652416,0.18508925182849104,0.08788256754491731,17,-616.3136
High-Value Core,107.0,0.17773475657987223,0.12699445920357716,0.00894936933354937,0,14306.510000000002
High-Value Core,133.0,0.24305120944436365,0.11087940751507772,0.0024775882365852776,0,9620.209400000002
Early Churners,,0.10487084801679539,0.26770883960635855,0.47799323935917615,205,180.3520000000001
Casual Regulars,,0.17188783575215952,0.2900591728646341,0.05118547895247815,5,-1685.8112
High-Value Core,193.0,0.14706898742612032,0.1339714107949631,0.05668383164989426,2,-102.5311999999999
Casual Regulars,194.0,0.13267885065206095,0.19929353458326393,0.13345393363887134,0,1672.9071999999996
High-Value Core,133.0,0.4301388809810456,0.144177511684268,0.05511044712733497,4,-3291.4951999999994
Casual Regulars,,0.2927126926827978,0.23719162689713663,0.054845107927586734,22,150.27859999999998
Borderline Opportunists,,0.1366171735344548,0.4302965453938457,0.610251237541647,202,-862.5366
High-Value Core,80.0,0.35358129577833614,0.10206825766379944,0.004927137637375448,0,17365.382800000003
High-Value Core,,0.20722212923936,0.18344558468321745,0.12158463046995886,1,394.2654000000002
Early Churners,23.0,0.4526417838000535,0.20677184210560065,0.47963865525728977,203,1452.2188
High-Value Core,114.0,0.16247826091890025,0.16840219988886848,0.058676938153969044,1,-1969.830399999999
High-Value Core,72.0,0.1611140464196839,0.15705956535845775,0.07140526645341717,0,3847.3588
High-Value Core,123.0,0.13782888992678388,0.15937870071929797,0.0961223761704517,1,4087.468
High-Value Core,,0.40125980837119585,0.13079165925527864,0.05655483088902737,3,253.38900000000012
Casual Regulars,,0.21962132680338878,0.34421962473023765,0.12703378966748097,18,-713.5436
Casual Regulars,,0.35003240353198495,0.23609637006390577,0.095937303319908,2,-2214.8568
Casual Regulars,350.0,0.09702251434776894,0.346497468720183,0.06973531248243728,14,403.9036
Casual Regulars,223.0,0.09590328718820854,0.19184679844183825,0.13080855141013528,5,-640.1429999999996
High-Value Core,115.0,0.17017578969944042,0.22784469436505997,0.060639796963941256,0,-1736.8715999999995
Casual Regulars,,0.1614420638916987,0.2223253663217068,0.052352603036393046,11,-340.94239999999996
Bonus Opportunists,3.0,0.326490523751032,0.45035656717856853,0.9177209472544884,226,-6176.424399999999
High-Value Core,166.0,0.20942833915112533,0.1236764083756599,0.05134033967043761,0,1570.4303999999997
High-Value Core,104.0,0.1219334620501656,0.19320606395178244,0.09998592966343253,1,3187.0332
High-Value Core,162.0,0.11603682487900883,0.1654344623463046,0.047874671697831765,3,-3314.6246
Casual Regulars,,0.10668456947734649,0.14953471629659282,0.069101469402888,1,-2209.4467999999997
High-Value Core,126.0,0.1833460440175583,0.12317975596089904,0.0675794536271516,5,-2909.0678000000003
Early Churners,,0.7842134828028261,0.3310410824043388,0.22597137859515112,205,-1643.5074
Borderline Opportunists,,0.05261036709863856,0.42487368129808606,0.44232376011672425,205,-147.16839999999996
High-Value Core,181.0,0.4650796730187564,0.13953128606571566,0.06508099575841482,2,-3841.2592
High-Value Core,67.0,0.38913140004298996,0.16605202118290682,0.11883532933035647,2,3324.153999999999
Casual Regulars,253.0,0.25147731745800084,0.10641566338388452,0.061460826116228835,0,-2771.8891999999996
Borderline Opportunists,,0.06475257784827698,0.35055176296725926,0.053909964968496406,3,-134.50900000000001
Minimal Engagers,,0.18081748348635907,0.282318135549598,0.4654020684950661,271,-1963.983
Minimal Engagers,,0.0,0.38569417555622765,0.45201716111745344,29,-1084.9026
High-Value Core,298.0,0.18563795094678712,0.2014269669073247,0.08493639608554054,0,1894.188799999999
High-Value Core,85.0,0.2001748534117101,0.11059932365036387,0.004045004564142644,0,18370.7544
High-Value Core,83.0,0.4992759332123753,0.15957869389042523,0.06214579730836771,1,1961.6050000000005
Bonus Opportunists,51.0,0.31322155667019497,0.445354767263596,0.5559120743185534,233,-4581.260200000001
Casual Regulars,,0.13657673827374145,0.2798105846216539,0.03595628116121769,2,-2263.9252
High-Value Core,351.0,0.14801143777207765,0.12799236928773716,0.05529625495453675,1,1402.9474
Casual Regulars,,0.08852129883453483,0.2968244525771325,0.10772565639885731,4,-257.23479999999995
High-Value Core,,0.4437809995254027,0.1885603877046063,0.07487645489131303,3,269.8020000000006
Borderline Opportunists,,0.0,0.44742846332752867,0.3384848606343312,213,-210.6748
Bonus Opportunists,2.0,0.4184118976990544,0.4255221040164127,0.8759793788322008,222,1409.2426000000014
Bonus Opportunists,,0.9362303132326628,0.5035474725581663,0.6633387254334411,116,-160.68820000000005
Casual Regulars,,0.20000683616703704,0.25857933055724347,0.15009775296877434,29,-626.0501999999999
Casual Regulars,228.0,0.13069563537137324,0.16300210658634284,0.059159422275340386,3,-4243.774
High-Value Core,175.0,0.3904188697495125,0.10538621376210107,0.0151396516231411,0,8278.7708
Bonus Opportunists,,0.6934482036411423,0.4828558958963518,0.7565492140828756,307,298.92360000000053
Minimal Engagers,,0.09109423915688396,0.2860329648287776,0.3133671272260312,12,-2004.3827999999999
Early Churners,,0.18563121144619601,0.163509394151366,0.487412896961389,202,172.30720000000008
Casual Regulars,,0.16963890001398738,0.2770420393783724,0.11164171723939949,1,27.709799999999973
High-Value Core,159.0,0.16649901160193958,0.15281263845495469,0.0023697050016768992,0,9275.943200000002
Early Churners,,0.04492633343072067,0.4162093334333184,0.4821972190027322,207,-954.116
High-Value Core,75.0,0.12078057288342978,0.15270127644872353,0.0,0,5150.658200000002
Casual Regulars,324.0,0.5311712175559904,0.17905052265623875,0.1231289811815878,1,1002.9492000000002
High-Value Core,115.0,0.15958807149150808,0.17897116202765712,0.08291988870012491,2,-2374.7128
Casual Regulars,,0.4625096254031016,0.1981711388754533,0.0187969435643074,1,-140.34599999999955
Casual Regulars,,0.17349548945743823,0.209528658059423,0.04080846795356479,0,-143.70139999999998
High-Value Core,,0.10712407485750952,0.16691679697355638,0.037224135454751256,1,367.4618000000005
Casual Regulars,,0.4457584652652626,0.24799413961763614,0.11740997382398476,10,291.9004
High-Value Core,105.0,0.17166221004198104,0.1771065648939717,0.07394894435577179,2,-1754.1839999999993
High-Value Core,138.0,0.17260206988845653,0.18595336945753055,0.04289063216058869,2,2310.9718000000007
High-Value Core,169.0,0.11517164110864446,0.15072535986025218,0.06538284699225276,3,-3302.5874
Early Churners,,0.5029143066297934,0.2181727850689027,0.6578605865215399,210,-234.47680000000003
Early Churners,117.0,0.0815859749048292,0.3477364080819674,0.5130262899028329,209,-1465.1236
Casual Regulars,,0.24180061920654297,0.1331651857519307,0.06514340619299377,0,-669.126
High-Value Core,263.0,0.12325918311817878,0.16456852075619233,0.1618290050488255,0,-8492.3
Casual Regulars,,0.1375595107656243,0.19751649611057168,0.03888966228669773,15,-644.5781999999999
Early Churners,,0.44559757413143025,0.20502172732598675,0.5425145441332478,206,-1484.2924
Early Churners,,0.0742306242626867,0.31000401790537696,0.6454344090969166,208,-1782.844
Early Churners,,0.06199682050798539,0.24202492547909796,0.5844427071602301,201,316.3728
Casual Regulars,,0.35974381534391286,0.16090754532154333,0.08926395715603087,10,-906.9926
Casual Regulars,312.0,0.18815996609700109,0.1977200493562288,0.1108263636594746,8,-3050.1665999999996
Casual Regulars,,0.20500628001601834,0.14578171754174318,0.007191028044295018,5,-624.0457999999999
High-Value Core,313.0,0.07175416939213831,0.2094913325273744,0.019471823694224996,1,-10791.7214
High-Value Core,322.0,0.13130455836551272,0.13883765826726924,0.09898223259027498,3,1321.1906000000008
High-Value Core,150.0,0.3898664004648584,0.14671386874680897,0.09831784779419199,3,-2983.1924
Casual Regulars,,0.3405789642302393,0.2892071625120865,0.011007236763731287,9,-854.1548
High-Value Core,71.0,0.17995707546669912,0.1274234036752083,0.06335054972828882,0,1859.3718000000008
High-Value Core,66.0,0.17078177416680054,0.1286827979762217,0.019232452564794132,0,17441.269799999995
Casual Regulars,,0.08152173568157257,0.24425918366801902,0.052085613893473805,9,-69.67239999999993
High-Value Core,138.0,0.11173047934799343,0.12288473233235721,0.16111375075051595,4,1756.6327999999999
High-Value Core,139.0,0.46154043754493684,0.13162775474929628,0.0021165682266081846,0,-1267.9339999999993
Casual Regulars,,0.13931335679708948,0.12983912439190132,0.26789356432489764,69,-495.9406
Early Churners,56.0,0.48303178569623667,0.2533272166526185,0.3909880875332663,203,-1150.5062000000003
Casual Regulars,,0.07461022055708136,0.30985967592272734,0.02959471599860156,2,-498.0774
High-Value Core,316.0,0.19000582726619447,0.11194445669953375,0.10364297702383672,1,1155.9476
High-Value Core,143.0,0.17018421651520346,0.13446085355972356,0.005651810678229742,2,10880.5026
Casual Regulars,148.0,0.4299047887421064,0.16520762000135705,0.10751659766162622,0,-423.29179999999997
Bonus Opportunists,13.0,0.5811516807198811,0.3368185524554865,0.8504377743686825,308,-3674.3382
Casual Regulars,,0.25833693931212987,0.20769402471104512,0.1385023156909775,8,-203.96900000000005
Bonus Opportunists,0.0,0.12400142884296726,0.6927273037195517,0.6106771327077742,128,4177.2908
High-Value Core,217.0,0.12655941003195942,0.22710187462312315,0.056055726467099116,1,-2029.9895999999994
High-Value Core,254.0,0.16828660093648026,0.14807562028260893,0.08196526399546367,1,-9957.646799999999
High-Value Core,337.0,0.11514532587692147,0.17702175786949254,0.09954587205740327,2,1001.4326000000005
Casual Regulars,,0.588347139715102,0.28366487840778654,0.059620562996788605,3,-1588.1007999999997
Bonus Opportunists,0.0,0.4110010457457358,0.36754931783002703,0.734670245776714,132,1683.5364
High-Value Core,44.0,0.13497431605868712,0.12400808447370702,0.03039277498958946,0,14951.1722
High-Value Core,161.0,0.17741987804523646,0.13100650361673505,0.07439743755573783,2,234.15859999999975
Casual Regulars,,0.22204821096520466,0.133883008980394,0.08169257959122035,8,-74.88079999999991
Early Churners,,0.4614769374270948,0.2798021522192648,0.603992898464906,240,52.17539999999997
Casual Regulars,295.0,0.13780787396200744,0.2159996044098744,0.06846661416814637,3,578.3796
Casual Regulars,,0.135278168688839,0.16293622016234677,0.052364876082702884,14,162.5548000000001
High-Value Core,156.0,0.21697471228392826,0.15586637012099666,0.10094012431611155,1,317.13059999999996
Early Churners,60.0,0.11420166784916054,0.2660479061084121,0.4756905526411498,205,-2610.4196
High-Value Core,104.0,0.10399400592552113,0.16905702297374478,0.06027235425718274,3,1228.482199999999
High-Value Core,74.0,0.22930222918724946,0.10859969390182925,0.010923154500356497,0,24338.3088
High-Value Core,61.0,0.19304098602004388,0.1369514819946644,0.05897588911544342,0,2001.3445999999994
Early Churners,,0.24244963767220024,0.22231123526899782,0.4165200046301124,202,416.1716000000001
High-Value Core,71.0,0.3685745675806944,0.12080649982866459,0.010827983653996344,0,21731.329000000005
High-Value Core,147.0,0.17094698933049682,0.1659558464752817,0.04471895263800382,0,32.33420000000069
Early Churners,,0.10757614283263654,0.22780876749852422,0.7469726321402979,203,383.10259999999994
High-Value Core,202.0,0.10383188793152918,0.12530288485588234,0.07467919634298399,0,-3621.9578
Casual Regulars,,0.2034418504828487,0.23461200337277843,0.07356665954167164,1,-1279.2975999999999
High-Value Core,172.0,0.16129866376362006,0.12222124475520207,0.0855283769593156,0,-7129.045
High-Value Core,97.0,0.1598241045332064,0.13887050581927257,0.08760958458937637,1,3720.3629999999994
Early Churners,,0.0,0.2854803451032888,0.6336276799538143,208,-447.572
High-Value Core,120.0,0.16449417469651822,0.1578415010633735,0.007648366977311258,0,11008.643199999999
Casual Regulars,,0.15274339817126323,0.2233446177178041,0.13357139759140654,48,-188.14939999999984
High-Value Core,240.0,0.1242875016374317,0.1726152223834327,0.06864338194035395,1,-706.7662000000005
High-Value Core,282.0,0.21442504021057737,0.17110687140353198,0.08909277743985321,0,-10335.077400000002
Bonus Opportunists,1.0,0.47958472482219777,0.33426890449094715,0.6157895126014853,170,6564.3013999999985
Casual Regulars,,0.14616085479598126,0.2861180540600202,0.018209718153202995,9,-268.71860000000004
Early Churners,,0.699364215021849,0.364372676008524,0.39807276446738477,201,-176.30640000000017
Bonus Opportunists,1.0,0.01373310358531914,0.8904620062881843,0.9574650090300353,314,-1598.6828
High-Value Core,105.0,0.4765792214757751,0.16999175872481992,0.07865546923073778,0,-1892.2748000000001
High-Value Core,,0.17934053233404007,0.16848860236674612,0.07370990611908103,0,482.9094
Early Churners,,0.6120961292688432,0.3573813773764147,0.4980124814653512,203,15.012200000000007
Early Churners,127.0,0.12285425554838204,0.2731214818841159,0.6138358090194923,200,475.50059999999985
High-Value Core,246.0,0.16564099907249447,0.15761442388589844,0.03145635197253431,1,-2461.3603999999996
Casual Regulars,281.0,0.15668950772883813,0.17870612454791862,0.08413045291613082,1,-2511.6266
Bonus Opportunists,0.0,0.06680049765936556,0.8358694424304738,0.8526123399789287,182,-2056.764400000001
High-Value Core,162.0,0.1442641416316047,0.16919904867798805,0.06165638873384192,6,2601.1501999999996
High-Value Core,90.0,0.22858617449300656,0.10543079079844667,0.010845897893071117,0,24856.0872
Casual Regulars,,0.06004593745353179,0.2440524421436972,0.07022047243655145,1,-1483.1122
High-Value Core,75.0,0.1659628215905746,0.1221596460019344,0.01341934081993773,0,24637.3286
Bonus Opportunists,55.0,0.20235116109289122,0.5582627891661586,0.6232834398157079,170,-1178.185
High-Value Core,75.0,0.22075143218551355,0.21628811817288326,0.04539224321841875,1,3873.8397999999997
Casual Regulars,,0.11753953783088282,0.43050442731216904,0.04115037953731362,8,-1672.0279999999998
Early Churners,118.0,0.1137349360684454,0.20816867295110705,0.6173580168377761,203,414.76060000000007
High-Value Core,137.0,0.15486006056065144,0.11038333589947687,0.004541575194273824,0,9033.8408
Early Churners,,0.48808701473979527,0.3105227222222498,0.38677191043475484,207,-323.604
High-Value Core,73.0,0.2158115916048734,0.11491610396368235,0.012237528602461155,0,16437.037999999997
High-Value Core,99.0,0.11786821177912558,0.14656802774974692,0.002633032487463569,1,9951.270599999998
High-Value Core,95.0,0.1934397300542259,0.12831984865341425,0.047364907331206386,0,5153.983999999999
Early Churners,113.0,0.09728122785803738,0.31692682687624885,0.34966650134381366,203,-4346.2598
Bonus Opportunists,2.0,0.40881765923888264,0.3963780830563385,0.9596253466589921,172,-3123.1290000000004
Early Churners,,0.12256013702804693,0.16588381020869866,0.5444734061819269,211,-30.487600000000157
Early Churners,158.0,0.12820075645199688,0.24812747075871877,0.4840328416116855,204,-3187.6698000000006
High-Value Core,102.0,0.1515139211430947,0.18784389338966997,0.09957549650225893,2,-1760.3420000000006
Casual Regulars,,0.10472976016082913,0.40589750812076497,0.11527366272923106,6,-600.5066
High-Value Core,68.0,0.2254503414152547,0.1138896690954394,0.006933230024593445,0,24596.037399999997
Early Churners,,0.735709463400736,0.5242890444864761,0.7939577712723778,211,-354.82179999999994
Casual Regulars,,0.1201581510639412,0.36243066218752246,0.12016330850883195,1,-695.8744
High-Value Core,109.0,0.17621114170530142,0.1362060657439389,0.08537012498658422,1,507.7962000000007
High-Value Core,190.0,0.11116284874007491,0.14292679436726474,0.07930563487374397,1,-9153.1682
Casual Regulars,,0.09684670960878856,0.20490425607297216,0.1313263557605408,1,-1497.5972000000002
High-Value Core,345.0,0.15801620256187549,0.1476605839269924,0.03650097970530001,3,1058.0388000000003
High-Value Core,328.0,0.47436676659140253,0.14791491288325917,0.044640447371381724,1,1067.360200000001
High-Value Core,63.0,0.15004519688125453,0.12052025321087631,0.030974971978470715,0,13163.504200000003
High-Value Core,234.0,0.17388058230474454,0.23524030912255825,0.09206440486099753,5,-572.1114000000002
Casual Regulars,,0.19480046153801323,0.2001207153348282,0.0857383102774764,0,-1776.3192
Bonus Opportunists,0.0,0.3548576255601397,0.4518359438285533,0.8554639209985117,276,6453.390799999999
Casual Regulars,,0.07712303253369895,0.22721781560594576,0.03782459732643613,1,-998.2836
Casual Regulars,219.0,0.12142341205241332,0.2304346797355872,0.1322643345162238,0,-2482.0806
High-Value Core,115.0,0.4821400821392364,0.17345213588552413,0.082486381909542,1,2049.6714
Casual Regulars,356.0,0.13784065925686506,0.20219453358280493,0.10071835030326465,4,926.1704000000002
High-Value Core,47.0,0.3963370626196062,0.12643737779315223,0.015121923566729936,0,23106.3222
High-Value Core,84.0,0.14785415852421324,0.13444961104758102,0.0036758312614225885,0,14469.660199999998
Early Churners,,0.28353944279598675,0.21290118199623473,0.4196276326596737,203,101.19020000000023
High-Value Core,84.0,0.17331356080449922,0.10451262155249062,0.002887778748868384,0,24950.895400000005
High-Value Core,150.0,0.45861361540580475,0.14814809914702728,0.05618630549931023,1,-3338.6265999999996
High-Value Core,83.0,0.14471899819676412,0.12332330075185052,0.009617976229569567,0,13570.125799999998
Bonus Opportunists,18.0,0.3984012916082647,0.3336784279827495,0.8182754704888547,144,-9805.6026
High-Value Core,181.0,0.13491232585134708,0.16393776308693134,0.06314296233495284,1,496.0952000000002
Early Churners,135.0,0.11421815375850293,0.3227293709921587,0.5090470883719571,209,433.35519999999997
Minimal Engagers,,0.3983457339662523,0.229522556696687,0.20660658847802021,52,-1974.7158
Minimal Engagers,,0.12086114917673486,0.2927696854577341,0.4782538774552327,247,-1818.2032
Borderline Opportunists,,0.3041107782717368,0.36805009239497477,0.21864684894392397,124,-1158.0712
High-Value Core,100.0,0.16659143980132493,0.12910686929941706,0.004639419462337574,0,12296.3534
High-Value Core,210.0,0.1428146313484994,0.17264216046737638,0.06633437344534697,5,1529.2039999999997
Minimal Engagers,,0.17973322839750686,0.2037753012310426,0.04731039826786546,1,-969.2558
High-Value Core,263.0,0.13261468338588148,0.11964692941788665,0.08452163360003848,7,1387.6738
Casual Regulars,,0.23685248934002445,0.1793965899392771,0.027917279460960932,5,-457.3156
Early Churners,23.0,0.23863708251237276,0.23246764154243632,0.6621611315471669,201,-1023.5789999999997
High-Value Core,162.0,0.3635203829872934,0.10826691281184966,0.011723131073697863,1,511.30139999999847
Casual Regulars,,0.5143492839594797,0.24441013637168874,0.05788872782949361,0,-50.27419999999995
Minimal Engagers,,0.0,0.9242160651695246,0.0,67,-1730.202
Minimal Engagers,,0.0,0.4966161471167815,1.0,342,-2166.1516
Bonus Opportunists,0.0,0.29735879088691636,0.4642801356047864,0.7610273035238556,239,5066.246800000001
High-Value Core,138.0,0.20312865650755213,0.19177770666094077,0.09942130102007109,4,-2794.257
Borderline Opportunists,,0.7157253957589662,0.2164189209820012,0.0,0,-929.9998
High-Value Core,293.0,0.20245700625424612,0.14817819600721316,0.09338190779651931,0,-8642.4012
Bonus Opportunists,,0.11263761319561098,0.7880289751524225,0.8835724791849419,230,453.4155999999998
High-Value Core,79.0,0.22425756681357312,0.10488544022568813,0.008877864452739616,0,26960.0288
High-Value Core,136.0,0.2463071560282565,0.12573015534323298,0.10746984444362491,2,368.9406000000008
Casual Regulars,,0.09049370759639125,0.20343437445905097,0.051405283808458116,6,-786.2098000000001
High-Value Core,207.0,0.16173136040299957,0.17961331043467804,0.05396673715157172,8,1025.6302
High-Value Core,,0.1412922064122666,0.12158650229449747,0.07359107821607819,1,172.58380000000034
Early Churners,,0.05257073483010588,0.21882265956135166,0.4942312035020914,201,-1151.9509999999998
Early Churners,,0.01733285889376508,0.3129312951190683,0.3698987862254379,250,-1896.484
Bonus Opportunists,8.0,0.3319442633902827,0.4392651603540565,0.6965752799553355,148,-6049.725599999999
Early Churners,,0.26043404655728886,0.248616777281532,0.6209237610054573,213,176.13959999999997
High-Value Core,183.0,0.1249970752014585,0.12839040581863437,0.07109282974018494,0,-80.12699999999995
High-Value Core,167.0,0.1343164381308741,0.22547100681198223,0.0846471557056724,5,2601.7687999999994
Early Churners,,0.4844059543436502,0.2796084957462157,0.3620948620853112,203,310.91820000000007
Casual Regulars,310.0,0.07148438786921281,0.14481853663361988,0.12346615178401878,12,580.5827999999999
Casual Regulars,,0.5075967933420081,0.2923723028967781,0.1152300907559193,5,-235.1092
High-Value Core,339.0,0.17453081429563033,0.14257871231504188,0.10937352902634985,1,965.4204000000004
High-Value Core,153.0,0.372314682920899,0.10800960540255426,0.022989713933036796,1,3594.3232000000025
Casual Regulars,,0.4632609235218577,0.19940389742669715,0.02012955479885455,2,419.3370000000001
High-Value Core,76.0,0.22792618937369735,0.14361525830027042,0.05680544580104456,0,2512.4490000000005
Bonus Opportunists,16.0,0.3222357991513779,0.45413521169873616,0.8725014478916515,254,-8498.648
Casual Regulars,,0.2750978954902816,0.25346974068740585,0.14048732823414117,17,26.739800000000173
High-Value Core,157.0,0.1299565884237241,0.21392719847251007,0.0847218297133157,0,1845.224600000001
High-Value Core,134.0,0.19852614779147656,0.16036275425310328,0.07749866832632031,0,-2550.0818
Bonus Opportunists,4.0,0.4088098571071929,0.39205941797729643,0.5568046022298458,251,-2073.5692000000004
Casual Regulars,,0.05264544144895207,0.2923506521465414,0.05674340786818714,0,198.59039999999993
Casual Regulars,331.0,0.604233438356571,0.23980150746058368,0.19114535804117513,7,456.86760000000015
Bonus Opportunists,20.0,0.23560192065545416,0.5502716971342112,0.6309052041920674,111,-7644.7494
Bonus Opportunists,3.0,0.20198000012780498,0.5698846644823302,0.808984094002096,199,-8222.141800000001
Minimal Engagers,,0.1797370270909391,0.18959025628846568,0.3231557396963405,217,-1076.5196
Early Churners,,0.0973880788770889,0.22016941470746235,0.43036103463509184,221,128.94539999999995
Early Churners,139.0,0.0957723302385241,0.35235841138467655,0.5217518880390988,212,-4941.0748
Casual Regulars,,0.5341850248915667,0.24537732982739854,0.028636806058485214,1,277.8814
Casual Regulars,,0.10189282472902912,0.32496237854419524,0.11050368311543464,1,200.18900000000008
Casual Regulars,,0.11957766572683992,0.1681753662420731,0.04674367970541635,3,86.03139999999996
Early Churners,,0.16928996442931768,0.3776011937731777,0.594921920181708,212,772.9284
Casual Regulars,,0.06076661373597477,0.1781372653983159,0.06663617571043029,19,30.13220000000001
Early Churners,,0.08494298337711537,0.5514592700673117,0.44364075027961936,208,-633.294
High-Value Core,86.0,0.4727686493601349,0.15799766903041043,0.09175251376804043,1,1305.6614000000004
Casual Regulars,,0.5369118027812313,0.24961158813393133,0.07721995268884475,4,-1347.3372
High-Value Core,224.0,0.1792169949388911,0.12101807695625931,0.06986525000341769,0,-3422.760599999999
Bonus Opportunists,0.0,0.46471566807726783,0.3905670199982122,0.7096759502643901,129,-341.64620000000104
Casual Regulars,,0.144394303289209,0.2565509920319784,0.09435967807854793,11,-718.4229999999998
Bonus Opportunists,2.0,0.2654920588365456,0.5677283464165301,0.6907012503329969,307,814.478000000001
High-Value Core,89.0,0.19884475810926514,0.1477553451379578,0.0007303999755235642,0,6180.8876
Early Churners,,0.07483454404727972,0.35809766822367006,0.6851250338230027,221,-1341.8562000000002
High-Value Core,57.0,0.2831145278701722,0.09698075068112295,0.016939597678847732,0,13836.753799999999
Minimal Engagers,,0.0,0.4527344959123816,0.04711309888039637,25,-446.0702
High-Value Core,151.0,0.13994544853102833,0.13182108570066015,0.003930248910856222,0,8000.5432
High-Value Core,184.0,0.2585350994886632,0.10091402191326662,0.05191268633604345,4,-1401.609199999999
Casual Regulars,,0.5103343957944488,0.26471844784944937,0.0611022725751995,16,-191.87159999999994
High-Value Core,206.0,0.1501740921474722,0.17731224117806632,0.07453473869391442,5,-221.40499999999975
Early Churners,112.0,0.11407967313416767,0.2210474963456862,0.6013639620190877,204,469.79240000000027
High-Value Core,158.0,0.46406666205012986,0.1693820261588706,0.07274023674818268,1,-1007.1192000000005
High-Value Core,102.0,0.47188432218891824,0.2016882486184266,0.1021747910258779,0,-1992.2302
Casual Regulars,,0.24424461804840308,0.239073486300303,0.10418971471508359,6,-570.8518
High-Value Core,98.0,0.1135454668089158,0.12377536073627712,0.019196311033240043,0,16091.6024
Casual Regulars,,0.08336782401362153,0.2784907229975853,0.13950859501467466,0,-1963.5962
Early Churners,,0.11443754731420454,0.3441665426430563,0.4929168668462823,201,-1824.8628
High-Value Core,95.0,0.37669800712089174,0.11919909964577378,0.005181378804746261,0,25895.407999999996
High-Value Core,179.0,0.43220086337617064,0.17509868904162834,0.07423383522687542,1,2102.9238000000005
High-Value Core,180.0,0.14725825528115882,0.1940398891652421,0.0690624647999224,0,3059.7194
High-Value Core,144.0,0.3805680358847201,0.10411447032863524,0.02001451118107272,0,18468.4436
High-Value Core,220.0,0.13562297319790273,0.1743608335026108,0.06907974099599408,3,2231.2889999999998
High-Value Core,107.0,0.20815116802356146,0.15773971483809482,0.013356089599405855,0,6744.6944
High-Value Core,,0.13562160437747128,0.16449112715901992,0.06379661259566008,2,424.3344000000002
High-Value Core,205.0,0.1354273710436826,0.17384877476648625,0.0064130536818549615,0,9439.6622
High-Value Core,90.0,0.17134024134565176,0.11267021428378743,0.009775626310590767,2,8035.6114
High-Value Core,75.0,0.18963189917225537,0.10104521871313454,0.012635742361569438,0,11851.986200000001
Casual Regulars,,0.10137488383941119,0.2516446839523219,0.02797561230464463,8,-1629.5762
Bonus Opportunists,1.0,0.3909761569707181,0.3743834987561014,0.7257366238420363,235,990.8104000000003
Early Churners,78.0,0.13144453811508333,0.3236615747981979,0.5195391581165535,200,-1291.9848
High-Value Core,173.0,0.2313935342212922,0.14476396526767504,0.058239251011777925,4,2779.1506
High-Value Core,123.0,0.15181979208805252,0.13599549958019147,0.03296799244689555,1,4528.1142
Casual Regulars,,0.13272893152629925,0.1690162324995813,0.08965633909692407,11,-86.41259999999988
High-Value Core,142.0,0.20184514729164466,0.1806456780583347,0.06375963136629272,2,835.4302000000007
Bonus Opportunists,,0.9816176588706702,0.5838256508956556,0.9764463001388582,308,601.2754
High-Value Core,83.0,0.4647125912603992,0.16488746284918823,0.0742226861138689,1,2407.084600000001
High-Value Core,168.0,0.18221109260730634,0.18399685090440213,0.11378888771361029,2,-1754.3389999999995
Casual Regulars,,0.634218589953367,0.2646852820237388,0.0032945661441300925,2,-419.5633999999998
Minimal Engagers,,0.10843296318156653,0.48099981070268594,0.9524521982622541,222,-2156.2882
Casual Regulars,258.0,0.2505047336236398,0.09805194133352145,0.052165621761887125,5,-4109.6432
Early Churners,,0.2172828733473111,0.23811087594137204,0.6722640385929225,202,-1852.3395999999998
High-Value Core,140.0,0.38009086098464984,0.12547244161021925,0.1575320437234126,1,2957.6546000000003
Bonus Opportunists,0.0,0.9768588174510838,0.5422117585170275,0.8151656092860027,308,-2702.5209999999993
High-Value Core,106.0,0.1512387969883469,0.1311451012754173,0.12080098302596542,1,-2679.1164
Casual Regulars,,0.07494920501822168,0.26055127843719617,0.11618263617892732,31,-351.94399999999996
High-Value Core,190.0,0.5158268111006483,0.1773668811279398,0.057389067094897175,2,-6825.731999999999
Casual Regulars,,0.060656438571878135,0.26944145095777733,0.05351173363991707,3,-842.8716000000001
High-Value Core,154.0,0.18573142347392216,0.123639060879925,0.002126669243844619,0,2686.688000000002
High-Value Core,183.0,0.16865645914952263,0.14625176962110437,0.09637585304211933,1,1977.1048
High-Value Core,97.0,0.4505796541571651,0.1401470825410842,0.011914969904200668,0,12017.691800000004
High-Value Core,80.0,0.20390633297587307,0.13151492733872003,0.004377263156719836,0,21835.884000000005
Casual Regulars,,0.12284212682884904,0.3374097426251748,0.1349457356083534,5,-439.10619999999994
Casual Regulars,,0.13581947962920263,0.17729113699443935,0.04154054892186017,4,326.09140000000025
Early Churners,,0.04304353229138697,0.3370727098038037,0.6129144466315013,202,-1478.9904000000001
High-Value Core,256.0,0.20596255697872212,0.15546903459721445,0.04658935511523313,4,1558.8321999999998
Bonus Opportunists,0.0,0.340899672515506,0.44667336224004756,0.8407399225444255,236,2383.882600000001
High-Value Core,109.0,0.1692617286420516,0.17086896638804075,0.056153551503769404,2,-1263.4938000000002
Casual Regulars,,0.20839820224242134,0.13998558657024365,0.18357450240638448,6,-2223.086
Early Churners,,0.08697769346304073,0.17996612320064073,0.42857038676531173,208,-96.65219999999988
Casual Regulars,,0.054549168837649493,0.24044372369316147,0.09963361506013937,0,251.8868
Casual Regulars,,0.06362099112692776,0.19906357855633733,0.055137330865686944,3,-1518.9732
High-Value Core,99.0,0.16827150382758183,0.13792943492159496,0.0032611285275828206,0,8481.657400000004
High-Value Core,53.0,0.22364013293302462,0.09964478833348499,0.0118340088018315,0,10506.429399999999
Casual Regulars,,0.17085729489473842,0.15715326822628578,0.046871739728038805,1,-2237.6836
Casual Regulars,,0.1665241371975018,0.3181892976699012,0.21139280123282386,9,54.367599999999925
Bonus Opportunists,14.0,0.15412636273543648,0.7032808675254557,0.8197094604111219,184,-2590.3852
High-Value Core,82.0,0.16547256997924445,0.1170937366483401,0.01788185861908841,0,12203.814000000006
Casual Regulars,,0.08999526411146277,0.24344359229799195,0.07386354178532227,5,-87.23220000000003
Casual Regulars,,0.10339413584068707,0.2032749344404295,0.05370565091839995,6,-1507.6545999999998
High-Value Core,99.0,0.12648952332317012,0.14715749144790427,0.013907042173484489,0,17776.307999999997
Casual Regulars,,0.5775338096520551,0.31616524182634986,0.06663181407727771,21,322.59259999999983
High-Value Core,145.0,0.18354020386845396,0.14721897127802575,0.007313955885806369,0,8852.397400000002
Bonus Opportunists,5.0,0.33676789819738795,0.4153321939592762,0.8019580678066438,308,-7590.442
High-Value Core,226.0,0.163294405959745,0.13035582669916573,0.08002837215306005,2,-7681.5956
High-Value Core,119.0,0.12805076979572005,0.1321834384686948,0.029429235710733925,0,253.13299999999936
Early Churners,,0.10383802100521917,0.2491111675942862,0.5442080835731781,207,112.00099999999975
High-Value Core,162.0,0.12711046140542684,0.11416752799931928,0.0046808624376687485,0,3672.615600000001
Early Churners,,0.47504564789208675,0.20127238211051537,0.4612355821340731,200,-825.9133999999999
Casual Regulars,,0.05327152205289437,0.3498947787978433,0.03549289687098352,13,-431.8156
High-Value Core,59.0,0.18791951731984136,0.11902154591312725,0.010341626999381792,0,25580.002800000002
High-Value Core,236.0,0.1001226865688472,0.14795991850489146,0.03421064921119653,0,1960.1507999999994
High-Value Core,256.0,0.1555599868010483,0.1600367682291283,0.05503785902038493,0,-10289.3864
High-Value Core,244.0,0.36851360294340235,0.13442795115370448,0.053194317896937605,3,-4251.0174
Early Churners,102.0,0.6706661284871669,0.2983878487853916,0.44864324081909707,201,200.77179999999998
Casual Regulars,,0.14431805546947485,0.20987701025566002,0.08466957413563117,1,-457.8378
Minimal Engagers,,0.13200483479339817,0.2810519448136235,0.12722590061100475,58,-931.7198
High-Value Core,123.0,0.20707624381864037,0.12815048973816107,0.041988992530353215,1,4829.9238000000005
High-Value Core,74.0,0.23054569881679504,0.11901013935789562,0.0060629558244313445,0,18223.7386
High-Value Core,85.0,0.2536872717307809,0.13898540673352763,0.08199190844950907,0,-1832.6788000000006
Casual Regulars,,0.2368532111530811,0.265723042834384,0.04873702836971079,2,-1264.4852
Early Churners,,0.11783475879985902,0.24930575256014226,0.5837178260294597,207,-1064.9470000000001
Bonus Opportunists,16.0,0.48958003621842366,0.3195943018619713,0.8286667021471243,206,-8816.534599999999
Casual Regulars,,0.2264848752927123,0.19322635413222825,0.18251842170964067,0,-1550.8646
Bonus Opportunists,6.0,0.4914449191327866,0.4045988367473422,0.9290431345898156,292,-3727.5689999999986
Early Churners,128.0,0.15925327659222233,0.17324453907645682,0.45494436322534365,201,378.7162000000003
Minimal Engagers,,0.07472072293259731,0.4570212180554589,0.14498845667987978,12,-1997.9784
High-Value Core,152.0,0.12163358779994925,0.14778788127888148,0.08954347547337753,1,2145.6910000000003
Early Churners,,0.15838638288523252,0.3761300228865099,0.5257654372127504,203,-1063.9238
Borderline Opportunists,17.0,0.6485536620534326,0.3840293935793809,0.8229997532803794,117,-7322.042399999999
High-Value Core,120.0,0.49231526872729936,0.15968142156586254,0.12258555326090316,1,-2522.5034
High-Value Core,105.0,0.31444900560065514,0.09969825657625828,0.0029594919378924203,0,9326.112799999999
Bonus Opportunists,0.0,0.9684278293100858,0.5530901446771845,0.47743292129178083,307,7161.0791999999965
Bonus Opportunists,4.0,0.14622963490760219,0.6967231306088527,0.8697273082261892,308,-7035.6328
Borderline Opportunists,,0.20785611585305305,0.2843109354527005,0.47890682375825294,203,-497.12340000000006
Bonus Opportunists,,0.6251255712235371,0.3234995844399764,0.8075112911207687,267,-985.1515999999999
High-Value Core,293.0,0.526257015486128,0.1936432501375726,0.05474965188385928,6,1096.7344000000003
Bonus Opportunists,0.0,0.25629252261899776,0.5331876604346975,0.7486325815945597,110,7575.853200000003
High-Value Core,104.0,0.20428416490343057,0.12020987880807721,0.004788472879494386,1,13156.195800000003
High-Value Core,293.0,0.09802583760544975,0.16181307848942134,0.05294389415976555,0,1938.464
High-Value Core,101.0,0.6101329730839604,0.20595557387896685,0.0999614612487259,4,626.7230000000004
Casual Regulars,,0.25617183632769497,0.16813093009966606,0.04411193222771292,27,16.55880000000002
High-Value Core,123.0,0.35689565323756195,0.1224547400643259,0.04293526829066168,0,4028.856599999999
Casual Regulars,,0.41700252863134646,0.1590834646009318,0.08001486730358712,5,-1292.2361999999998
Minimal Engagers,,0.04560360978076054,0.31775885281034205,0.08918716445441775,3,-1026.7374
High-Value Core,186.0,0.14926536347520553,0.11417884152055811,0.031027313552066664,0,-3183.6512
Bonus Opportunists,0.0,0.3413197148389103,0.45909871753783404,0.8276386427036803,148,1849.7212
Casual Regulars,,0.33033553141484046,0.2184008167486028,0.0,8,-221.58279999999996
Early Churners,,0.06507946726177703,0.33604377731595897,0.40258370632919066,201,-849.3192000000001
Bonus Opportunists,2.0,0.9900852725667347,0.4365206625904718,0.7520800292088095,249,-141.1967999999997
High-Value Core,298.0,0.15543747530544136,0.16800315858044917,0.03773754974635201,0,-10191.134
Bonus Opportunists,0.0,0.22837053290541673,0.5650739368061317,0.8132731707585311,244,2601.8395999999993
High-Value Core,86.0,0.2102547544108511,0.09587606845109616,0.00895125773355926,0,11164.243
Minimal Engagers,,0.06497906280966718,0.42849199496230933,0.02362156754302381,4,-489.8954
High-Value Core,,0.4417415017585682,0.18361273104930217,0.09485680432534571,2,459.1673999999998
High-Value Core,108.0,0.1223519299808705,0.17908921230917782,0.07752668955216056,5,362.0750000000007
High-Value Core,144.0,0.42560643081915867,0.13053479158938405,0.003854652635331662,0,1699.8416000000016
High-Value Core,201.0,0.14752971261650819,0.21532908634284775,0.06732979011366781,4,-66.46579999999949
High-Value Core,214.0,0.3569354059468482,0.11736943202130419,0.05681761915228107,17,1746.7826000000005
Bonus Opportunists,0.0,0.41344796693308,0.3545092789613755,0.701733498127941,143,1208.6974000000005
Minimal Engagers,,0.06997067868125581,0.8698504343877194,0.0,14,-1046.187
Bonus Opportunists,9.0,0.2090253000331377,0.6112606430974565,0.6569600859624916,198,-3889.0386
Casual Regulars,,0.15351509881932957,0.15537119348402176,0.06444764837505089,11,-1025.2675999999997
High-Value Core,82.0,0.21286102952274868,0.10541414062678145,0.007727156642415773,0,16017.133399999999
High-Value Core,182.0,0.16018064126202614,0.14010017874588415,0.05592797412861638,2,-6735.6864000000005
Casual Regulars,,0.15660979389561244,0.26600073538579744,0.07933532569749055,0,-1341.5224000000003
Bonus Opportunists,0.0,0.42771091486090623,0.4008568583554812,0.8207665017472282,222,4687.416799999999
High-Value Core,68.0,0.13001104147793863,0.16793619059795534,0.0825758307265597,0,1862.0972000000002
Casual Regulars,,0.23572710572823383,0.17581491705804717,0.022637478436238676,3,272.29679999999996
High-Value Core,120.0,0.3970370511895361,0.13476125529377103,0.01502804128134162,0,17544.8364
High-Value Core,165.0,0.1547116566769511,0.1944095367227638,0.10268707515415663,0,-2365.2924
High-Value Core,152.0,0.3895275905200114,0.12747028630676474,0.07238687001137149,1,808.2739999999999
High-Value Core,323.0,0.15189186006404917,0.16221198808864037,0.04795085294004499,2,1652.6084
Early Churners,,0.14207032818179582,0.4423006612469712,0.45335948018537886,204,471.74080000000004
High-Value Core,104.0,0.18934520098015306,0.10773904462979231,0.010659902238566842,0,9319.617
Casual Regulars,,0.17477298955985063,0.20148071092524064,0.07245117274225152,0,348.1282000000001
Minimal Engagers,,0.36787070204414324,0.5349163027566153,0.7342649592815829,202,-1044.0548
High-Value Core,73.0,0.38701620369388484,0.12063797981573322,0.0050505335977549595,0,14033.199400000001
High-Value Core,85.0,0.16762709955738922,0.12286734150594554,0.006459965732327032,2,14662.7028
Bonus Opportunists,0.0,0.9798492664197079,0.612144078051448,0.738329353733821,179,3401.8773999999994
Casual Regulars,,0.12995943911275443,0.32543100601222424,0.013174924673875568,10,-853.7058
High-Value Core,245.0,0.16720677921049698,0.144685626009938,0.0970217911824636,2,1551.2592
Casual Regulars,,0.06854979435199368,0.3702524122419452,0.03667796726840937,24,81.08999999999992
Casual Regulars,,0.10947747942771778,0.31559607050451105,0.07615173521916864,0,-1742.6327999999999
Casual Regulars,,0.07756593043059917,0.3877236332497548,0.10584671216205836,26,-1806.7294
High-Value Core,97.0,0.293263267178237,0.09740685385850405,0.004244854235495591,0,16986.049399999996
High-Value Core,317.0,0.4845688987414742,0.18798343898748215,0.02469570610899375,2,-9014.042
Minimal Engagers,,1.0,1.0,0.0,67,-466.9176
High-Value Core,,0.15013554644401197,0.17603203779370813,0.11372193504729668,4,710.5258000000003
Minimal Engagers,,0.0,0.305310084130004,0.0,31,-1619.8866
Casual Regulars,,0.08542362909112335,0.18486387282337452,0.13642396787001368,22,-822.3712
Casual Regulars,,0.1325221106024143,0.2297116764287006,0.06874606209587607,1,-697.1841999999999
Early Churners,,0.11049577781856794,0.31237826225648707,0.5325517937903248,207,-1210.6536
High-Value Core,161.0,0.1665881094720831,0.17243898884149408,0.03853357416188211,2,-1883.9321999999997
Early Churners,,0.15826867432665095,0.27896766441253207,0.6278347534265071,207,-254.88179999999994
Casual Regulars,,0.5273225965257754,0.1974406908839284,0.14491979628197013,30,-1526.9952
Casual Regulars,,0.5085477076709751,0.1967253873242688,0.1389765896069301,7,160.4144
High-Value Core,190.0,0.18710933721128686,0.11054992499294533,0.014951540000047192,1,-1628.312
Bonus Opportunists,31.0,0.9501684065541125,0.7578511994523457,0.4780889083632771,307,-9002.5182
High-Value Core,96.0,0.18232846297736802,0.16589149123962693,0.05132823935678938,1,2777.2726
High-Value Core,,0.23241849664331832,0.16038572670724602,0.09426223915072529,0,789.6192000000001
Casual Regulars,,0.21178445981656355,0.1923252355457479,0.03755022052598839,5,-1457.9088
Early Churners,,0.4002753401367723,0.234334548384092,0.6540022737815644,212,-78.75380000000007
Early Churners,,0.11687021715259617,0.36130393324567744,0.6225551293627383,205,303.60080000000005
Early Churners,,0.05842450893664206,0.2607730574106856,0.47951379168946817,206,-1127.5118
High-Value Core,103.0,0.15787644057765063,0.10982537636879869,0.009796743470427069,1,11847.177000000001
Bonus Opportunists,4.0,0.38807984192018935,0.3955602936556554,0.9174447625326413,298,-6751.7146
Early Churners,,0.119188360102705,0.3194199804412208,0.5973523763025621,203,-419.994
High-Value Core,189.0,0.14929371456780033,0.11852076930445304,0.03182658539313709,3,-2020.0373999999997
High-Value Core,111.0,0.16378785222731285,0.15518581544825985,0.021369748720968893,1,6420.0944
Early Churners,,0.01819628621266694,0.17689712779965622,0.43278443562257085,206,-1145.7676000000001
High-Value Core,,0.2269346556160306,0.10714778411067741,0.02812960176825447,2,54.2786000000001
Casual Regulars,,0.5093461518777337,0.18442736541588967,0.083321160567489,0,800.6176
Borderline Opportunists,,0.424530328444527,0.31457792272880347,0.12315028042833912,33,-320.31059999999997
Casual Regulars,,0.15917978270865057,0.20547576746941273,0.05589720268679942,16,-64.06119999999999
High-Value Core,107.0,0.1931597393752964,0.12168418152047467,0.0028789694966820547,0,9126.542200000002
High-Value Core,57.0,0.21503015920697105,0.1393861220702148,0.009944613660356701,0,15470.532200000001
Early Churners,144.0,0.1508405630198542,0.23150056489779608,0.6339059940191711,205,-4955.1558
Bonus Opportunists,,0.5321033723542548,0.3265541946782065,0.5855652032979912,308,-1173.4831999999997
High-Value Core,97.0,0.19146702582290373,0.1984393518710489,0.10519051471269561,0,782.9538000000002
Early Churners,,0.08292352259505653,0.3014295993242256,0.4623376873636048,205,586.9762000000001
High-Value Core,69.0,0.19462116236473578,0.14627819602121106,0.007442264052352876,0,22228.926399999997
High-Value Core,227.0,0.19196533580819777,0.1324777922846099,0.13644741603100982,3,-2445.4308
High-Value Core,118.0,0.43228106664612154,0.15142729586661308,0.0045742970437857135,1,2626.7166000000034
Early Churners,,0.4145872213563001,0.24810446896024432,0.6551512175981654,208,-794.2667999999999
High-Value Core,127.0,0.2217709803243632,0.12529974579914327,0.02828876900653008,0,20642.096800000003
Casual Regulars,,0.1261011135335165,0.13241553256136096,0.0744118606474222,2,-572.7835999999998
Bonus Opportunists,4.0,0.14261974634146446,0.6629146951343603,0.5686177988303176,217,-4349.054199999999
Casual Regulars,292.0,0.15611539331620117,0.1719240077146795,0.07960534310674211,5,-1071.9945999999995
Early Churners,,0.04544074193022962,0.36704487716463235,0.7729154607754452,205,-265.32839999999993
Bonus Opportunists,,0.15915496353241884,0.5959872907782848,0.6970578127076162,317,-1086.5444
Bonus Opportunists,23.0,0.2911528937433895,0.516000325094323,0.7807943711464153,284,-8519.5576
High-Value Core,181.0,0.3781444970402854,0.13621101975197591,0.06618086541288978,0,-595.2896000000001
High-Value Core,65.0,0.3753967329271662,0.11949071486406587,0.014416457333007344,0,18340.5756
Bonus Opportunists,4.0,0.20648072379728966,0.5916304987295951,0.6169023512786175,185,-5987.6986
Bonus Opportunists,23.0,0.8227971245920751,0.42862823882035406,0.8780223727266518,307,-9909.687
High-Value Core,123.0,0.19767374907746346,0.13267293655681228,0.07770630765896064,0,3280.0434000000014
Casual Regulars,,0.05788779432950174,0.17310003204625096,0.0,4,-174.16620000000006
High-Value Core,159.0,0.15617910979177096,0.11828113694788374,0.0,0,-2884.364599999999
High-Value Core,128.0,0.37997662224174683,0.11610084910994387,0.055695558516266695,1,588.7294000000002
Casual Regulars,,0.1468095409044991,0.18281423374492378,0.08614364788485461,0,-683.5360000000001
Bonus Opportunists,12.0,0.3788472660063469,0.4105956238859215,0.9588147180662011,309,-2499.099
High-Value Core,259.0,0.45232932014786814,0.17046816988415664,0.07263974184790861,1,-8672.293399999999
High-Value Core,149.0,0.16777776480410478,0.14871051560329188,0.005098598091210729,2,239.4986000000008
High-Value Core,73.0,0.23055743311543456,0.11473800836368801,0.0062713240565970005,0,21503.818000000003
High-Value Core,289.0,0.2167631382753681,0.13890091579247593,0.07612392758782387,2,-10481.6208
Borderline Opportunists,,0.06274090004596991,0.39579441058903586,0.05411055711467512,36,-413.35619999999994
High-Value Core,224.0,0.12369938246313864,0.13428602683279547,0.03437929567290055,1,2613.3073999999997
High-Value Core,109.0,0.45021178914721605,0.1552535732366827,0.07643026674937649,0,1495.6135999999997
Casual Regulars,,0.10128649652323837,0.18940757160197322,0.07568426836431155,7,-1272.2099999999998
High-Value Core,352.0,0.20706839591193835,0.1150061299833334,0.1172776359677236,0,973.8856000000001
High-Value Core,312.0,0.17898601444777534,0.14901000030628483,0.08030825568298659,5,1640.3760000000002
Early Churners,,0.05543687173514316,0.28989859059415346,0.5777689090966921,206,-1143.5984
High-Value Core,235.0,0.2192325587169927,0.1634200680816217,0.0833585291783615,0,-8239.8892
Early Churners,,0.08591088719069462,0.25759269614084335,0.4477639204077414,201,315.3252000000001
High-Value Core,355.0,0.40744672660841386,0.13949135056151934,0.09633875901553571,2,883.5938000000001
Early Churners,,0.5345919728148825,0.24954983525548532,0.3823280965788916,212,769.6905999999999
Casual Regulars,,0.45877495586109074,0.10669774833046068,0.05294441148837666,2,-1064.9598
Casual Regulars,,0.174810601844723,0.2367568052401485,0.03401421739716116,4,171.52380000000005
Borderline Opportunists,,0.1698451329958921,0.26687501018971,0.0,46,-2442.3034
Borderline Opportunists,,0.5761547808123979,0.45861307105310023,0.4458734372865019,207,-1527.7492
High-Value Core,145.0,0.1718698135189342,0.11247341911575745,0.014933289074211983,0,8596.725000000006
High-Value Core,181.0,0.17298170412919628,0.18800846157088083,0.07829943908973958,1,-1768.3884000000003
Casual Regulars,,0.20447782065189302,0.2938125885129732,0.16664642574366365,0,130.73540000000014
High-Value Core,352.0,0.18850363377381352,0.1952607513537645,0.14902507052044295,4,1187.4124000000002
High-Value Core,131.0,0.14545536765685024,0.14916141138949512,0.06800243966842687,0,3700.598000000001
High-Value Core,225.0,0.13736344139267478,0.16340002741979529,0.10326383316914556,2,-7912.9876
High-Value Core,77.0,0.1834709993357672,0.10546226051639325,0.004075234925198962,0,22283.537000000004
Casual Regulars,,0.19366671877987146,0.2292844010597996,0.1102805016544688,2,230.02660000000003
Bonus Opportunists,2.0,0.5160204677020536,0.36320925661723813,0.8073387291195514,113,-7078.921200000001
Bonus Opportunists,,0.5811924490528861,0.3275508872420643,0.7621826089825274,121,-308.6691999999998
High-Value Core,115.0,0.1460027549484434,0.16742933441757854,0.05092187033985554,0,3625.9956
Bonus Opportunists,26.0,0.5479346154386764,0.3178310245965286,0.7857158141780116,308,-4193.3236
Early Churners,85.0,0.5864180205256988,0.29745199105989384,0.6573438711185994,202,-1500.9792
Casual Regulars,,0.07780374869388962,0.3599710242886606,0.06530677568585982,0,-845.2568000000001
High-Value Core,85.0,0.17004431527130176,0.14485185138808782,0.017140587939599727,0,10372.989000000001
Early Churners,,0.168788123234904,0.21010014828020004,0.5245863472273181,203,-1208.3618
High-Value Core,60.0,0.193684159506314,0.09365059951792555,0.011221621199928285,0,26808.175399999996
High-Value Core,185.0,0.16495739242887758,0.1335236576085988,0.018434444152491722,2,-5958.178399999999
Borderline Opportunists,,0.2585667762380164,0.331678659207301,0.5995599350198677,213,-595.1064
High-Value Core,138.0,0.1761933070625298,0.10211169491571412,0.07492520001679448,1,-2055.8145999999997
Early Churners,,0.09680084152548549,0.4530430595237159,0.48776403149775427,201,-1348.5584000000001
High-Value Core,296.0,0.25574388677801624,0.1400761030418595,0.13219510004705487,0,-10444.4254
Minimal Engagers,,0.839573941202616,0.7306209230877554,0.0,296,-537.004
Bonus Opportunists,2.0,0.3524331816911136,0.45589836479841717,0.6974329951204115,254,-3626.1549999999997
High-Value Core,,0.13532869459056523,0.13395583169626493,0.033205724178907,1,-191.18640000000005
High-Value Core,78.0,0.22402236882614457,0.10054973934072907,0.007985484141573912,1,16171.765
Bonus Opportunists,11.0,0.9750464045085495,0.48298172845738674,0.8423783094030788,206,-9103.620200000001
Bonus Opportunists,1.0,0.9012199056356195,0.4969881078844914,0.9278367409853386,243,-1248.6826
Early Churners,88.0,0.06880432509649989,0.29006717330169285,0.6822158275497499,209,-1439.3253999999997
Casual Regulars,,0.14037836697168088,0.2616630595852212,0.06086055473696743,3,39.27539999999999
Casual Regulars,,0.10736734480121207,0.2668395096153661,0.07563428963944874,5,156.86080000000004
High-Value Core,249.0,0.14854867522072412,0.13834945026422174,0.10678977000354761,0,-10059.197
High-Value Core,90.0,0.17984453153621982,0.1546515009046675,0.11529114099993536,3,3233.9722
Minimal Engagers,,0.05559819014006117,0.2788348871727503,0.07296603566026494,7,-1894.562
High-Value Core,124.0,0.18635630490425587,0.10751812149089013,0.0023917793163389413,0,7319.962000000003
Minimal Engagers,,0.12773877500764055,0.23610248039129594,0.14155037293879585,1,-227.1134
Bonus Opportunists,5.0,0.2717845565348004,0.538960317767817,0.77807085405618,201,-7432.630200000001
Minimal Engagers,,0.41313012895662365,0.3439860589788516,0.41313012895662365,4,-485.499
Casual Regulars,,0.1759992096516126,0.19344985025572153,0.0599165180907861,0,-465.13419999999996
High-Value Core,,0.19478334325249533,0.16672900738646637,0.15415299258096796,1,699.0018000000005
Casual Regulars,,0.13855398152804788,0.24068612902085024,0.10822564126909243,5,-291.1195999999999
Bonus Opportunists,1.0,0.2578974651559054,0.3733902184712321,0.6941215009632884,180,414.08060000000023
Early Churners,,0.06663220896548244,0.306834550961122,0.5020667522209552,204,-486.87779999999975
High-Value Core,169.0,0.39029416392736066,0.13481249209100488,0.013825261927909645,1,6541.153600000003
Bonus Opportunists,14.0,0.4539742184593843,0.34763105867223015,0.843478473690629,200,-8986.393800000002
Minimal Engagers,,0.09996120058141218,0.22592494641319633,0.0,19,-1627.317
Early Churners,151.0,0.1277732800578177,0.20927892961668157,0.5175747386261921,202,-4631.1076
Early Churners,,0.0758574456905767,0.24287055825179835,0.42971463772579854,244,-924.035
Early Churners,,0.6092523205366719,0.25927753249176194,0.3636180612256312,212,-590.6740000000002
High-Value Core,299.0,0.1965656954651079,0.1351530705576197,0.10082510257138864,0,-8931.1688
Bonus Opportunists,0.0,0.1783949493476754,0.6211744333584802,0.8284198408348257,207,7060.536000000002
High-Value Core,179.0,0.12182623639292472,0.16415439681381255,0.11448545569794695,7,-2822.9916000000003
Bonus Opportunists,4.0,0.4479843921866522,0.3318662017699171,0.8493049653144984,145,-2878.3816
Bonus Opportunists,20.0,0.2689859921486445,0.5469260632644513,0.8255025795364842,202,-9123.0858
High-Value Core,,0.26959238241408795,0.16579927751753315,0.08685000754266835,2,39.26059999999961
Bonus Opportunists,22.0,0.9618934442816988,0.5619226332529668,0.9396793543900271,298,-10561.7972
Bonus Opportunists,2.0,0.9687087583042533,0.47478313465689875,0.700406774438151,137,4284.6886
Casual Regulars,,0.12769923844071035,0.19327612806223507,0.022771278532587595,2,-1736.4248
High-Value Core,109.0,0.1254471951954552,0.10322669548456082,0.01487838646408535,0,18516.4638
High-Value Core,141.0,0.3724399868702767,0.13089096787903307,0.006865162055876323,0,1384.1316000000024
High-Value Core,135.0,0.1178575378140437,0.18712366550126547,0.06071488069053314,0,313.9457999999995
Early Churners,,0.07031808676669953,0.30990210108172883,0.49730396345709527,214,265.67139999999995
High-Value Core,239.0,0.4677268023032287,0.1869985071184305,0.041769170048320294,0,-9189.4336
High-Value Core,218.0,0.14183596406111815,0.15711448073646941,0.09979691994996139,3,-2048.6908000000003
Early Churners,,0.6727514719013297,0.33676161133278587,0.5573837268929888,201,-754.8342
Early Churners,,0.04236672932559254,0.21220862510676528,0.534170327811289,200,-1974.6036
High-Value Core,164.0,0.12164672677486467,0.1702149039967088,0.162635795962057,1,-1793.7494000000002
Early Churners,,0.08658286393242298,0.3579382153016071,0.621361074613758,205,26.522199999999998
High-Value Core,158.0,0.17288694147903974,0.16250102696041643,0.03223266833731581,0,376.5841999999993
Minimal Engagers,,0.11080098171993481,0.47894849528866534,0.36654314961604295,325,-2570.9082
Casual Regulars,,0.16944197925321663,0.1766810484398742,0.09401510819121224,3,-1497.3134
Early Churners,,0.08279796295372344,0.2149548863201436,0.49768702063891707,200,96.03939999999966
Bonus Opportunists,,0.1687089951697445,0.5979213786636672,0.839422259195921,310,263.55679999999995
Casual Regulars,,0.48610958125615766,0.19754253214912978,0.04577693468283923,23,-413.7961999999999
Casual Regulars,173.0,0.17797274587169368,0.15614433377073023,0.13755979346290612,1,1142.3200000000004
Bonus Opportunists,14.0,0.3307222003571141,0.42545819441993526,0.7875950346799792,190,-9316.0868
Bonus Opportunists,0.0,0.31772335679640273,0.47767945344207186,0.8775679761748701,155,122.33279999999922
Early Churners,,0.13578351651357884,0.25604866450848013,0.5579641428324814,201,-903.8927999999999
Bonus Opportunists,,0.6060499696499199,0.3453590144166897,0.8607827610404062,309,-96.8753999999999
Casual Regulars,,0.08948349674985366,0.288446306662846,0.06982616709176233,0,-1617.0724
High-Value Core,228.0,0.08132253147001134,0.20358414252033002,0.08038143828541472,0,-878.8695999999995
Bonus Opportunists,,0.29027851008529754,0.4226977059937386,0.7213013888993011,200,281.3031999999994
High-Value Core,91.0,0.1716804658041729,0.1522937625874113,0.03395353874574161,1,1588.5164000000004
High-Value Core,204.0,0.15085841874769865,0.16271434433492052,0.08195649842420877,6,1813.7848000000004
Early Churners,86.0,0.6607198829684319,0.31369271834948,0.5968097023395836,202,-1367.4688
High-Value Core,152.0,0.14877519669865488,0.16353519118475418,0.07098190282261443,1,661.7955999999999
Casual Regulars,,0.7213628667745008,0.3164622947824523,0.08259361158561472,21,-2070.792
Minimal Engagers,,0.5862919365259459,0.3709502870797673,0.8250208796230636,257,-1774.6163999999999
Early Churners,,0.07897530615292082,0.3341249019375909,0.5016032062437733,204,-1251.6504
Early Churners,,0.16025234506955557,0.16656301971331797,0.4364050008675485,212,-553.9601999999998
Early Churners,,0.0598105651365117,0.27872468714002513,0.5470542553796415,203,-968.97
Casual Regulars,,0.5626766237033447,0.26418798272148963,0.06935919261263403,11,-1681.6664
High-Value Core,83.0,0.15563672073800752,0.14060997914971327,0.12734826403178023,0,2949.5908000000004
Minimal Engagers,,0.2856078520294127,0.3384010250435385,0.0,48,-681.4774
High-Value Core,144.0,0.1318782319046386,0.14832301783669818,0.050675958940174994,0,-544.9608000000007
Early Churners,,0.0887121721297911,0.28225639485212023,0.6564305131593725,211,267.4302
Casual Regulars,,0.13968616064679035,0.3152985732252133,0.09412089981982551,9,-21.13079999999985
High-Value Core,100.0,0.1802540393470002,0.11418213151274303,0.02057442248605067,0,8424.7896
High-Value Core,,0.12838966881390332,0.1272972209824139,0.11093923022896889,0,790.5724
Casual Regulars,,0.18415402472170286,0.14666237865672996,0.008989908234224261,44,-1924.6468
Early Churners,,0.5269503605591113,0.2443034936648371,0.5119033109792112,208,115.97260000000006
Early Churners,,0.5578783408027378,0.31162765647735097,0.4130576104778031,204,159.22579999999994
Casual Regulars,,0.23850295566049595,0.15999087249563743,0.0899568832108065,3,-382.0894000000002
Bonus Opportunists,0.0,0.9778597743768076,0.49071058778719023,0.6602645588674667,132,4843.393999999999
Minimal Engagers,,0.07852188467137558,0.5717972988510671,0.09158282839290675,74,-1882.5038
Casual Regulars,,0.06012782465345325,0.29281506378078975,0.06453502618587358,7,-644.5636
High-Value Core,351.0,0.1453151551164115,0.13653580666409026,0.08417030721348513,0,1023.3109999999997
High-Value Core,80.0,0.43696645937192063,0.15989378909892896,0.07669449133965973,0,-1015.2730000000001
Bonus Opportunists,0.0,0.18398268966139114,0.6072703387093832,0.7084342581367912,190,5029.9036
Casual Regulars,,0.14714834046826275,0.15191746873570222,0.03978747159241054,12,-383.5839999999996
High-Value Core,89.0,0.1834878156510276,0.10361707258927462,0.009845007614737172,0,17093.667999999998
Bonus Opportunists,3.0,0.36066785299681253,0.43848954791185885,0.9279990999381271,128,-6298.321000000001
Bonus Opportunists,0.0,0.3811491024113982,0.3841704013180094,0.8469236022565613,200,-45.530399999999645
Casual Regulars,,0.23281292755086763,0.15048137987937243,0.07911980199503008,2,-744.7637999999997
Early Churners,,0.17143170075837688,0.21327939229998694,0.33896082842739633,242,-1911.5823999999998
High-Value Core,122.0,0.18201041151341982,0.16335519814907232,0.052341737961274434,0,3286.7974000000004
High-Value Core,150.0,0.14779558364493417,0.1469030342340936,0.057710447886384464,2,-3195.622
Casual Regulars,,0.05211257642305039,0.2891252395135194,0.04090462300624048,2,-1098.8372
Early Churners,,0.23714153173613972,0.17456158086501194,0.48963029633824434,202,75.7038
High-Value Core,,0.09839078883081542,0.16208485634566647,0.0625103427768469,3,41.940399999999954
Bonus Opportunists,0.0,0.7430316424456851,0.327004518467444,0.936591964185935,218,-1020.7164000000002
Casual Regulars,,0.17841120531706392,0.20956238755822318,0.16717292839297815,5,-2136.4058
Bonus Opportunists,1.0,0.9629219194170198,0.565685316411514,0.8569519344010221,247,-334.2506000000003
Minimal Engagers,,0.4019688376034944,0.30549953840858346,0.5846230740813179,269,-2107.966
High-Value Core,258.0,0.36707713852880297,0.1763627057512228,0.029633025603745467,0,1665.8638
Early Churners,,0.03761205892322137,0.28087329238584846,0.7581377862104701,204,-2291.9924
Early Churners,,0.17186099986674744,0.31523363869686993,0.611765084287161,210,-1895.3154
Borderline Opportunists,,0.11015320466504219,0.25038512584017136,0.3676658083928718,237,-1806.1086
Casual Regulars,189.0,0.16051743838372395,0.13304812083684187,0.09709866773558619,0,-663.8779999999999
Bonus Opportunists,35.0,0.5291478395864604,0.4044852146997573,0.8077642735026089,253,-10605.665
Early Churners,,0.39600787014843286,0.17641234407326742,0.5284677228821527,208,-79.94299999999998
Casual Regulars,,0.10389177850318738,0.13614878700198005,0.03385081553789063,2,-409.97299999999996
Bonus Opportunists,20.0,0.8858367402494961,0.574813123126784,0.6889893350766557,312,946.5652
High-Value Core,111.0,0.1360858125494675,0.1272210021126516,0.0029727982799117774,0,13580.851000000002
Early Churners,,0.040569043306871895,0.30374942385737674,0.5697981727121759,209,-349.2528000000001
Minimal Engagers,,0.7674925879698715,0.6083903707479538,0.0,77,-2549.2042
Early Churners,,0.0767730100090111,0.20454458348507146,0.5096780085225243,217,-505.74559999999997
High-Value Core,113.0,0.16290899256957878,0.1771465915412292,0.14655320298367544,0,-2317.9264000000003
High-Value Core,211.0,0.15612285607495893,0.13201087431633762,0.08595013375310093,2,-7575.948399999999
High-Value Core,99.0,0.4140476796313053,0.13029841552896393,0.008184575443347362,0,5023.052600000001
Casual Regulars,,0.0898049832881053,0.3305495200785248,0.027190612160717574,3,62.21160000000009
Minimal Engagers,,0.8049815654644682,0.5249709967278278,0.6484496966452061,217,-1498.1752000000001
Casual Regulars,,0.470357215485578,0.21795059466952596,0.026498786082566943,3,-55.15240000000006
Bonus Opportunists,2.0,0.19139449630572833,0.6416124317750017,0.8388512866559213,145,-2664.656799999999
Casual Regulars,,0.18684290900495268,0.16375655313042006,0.15741045931472375,37,12.733400000000074
High-Value Core,118.0,0.14295338186594841,0.18093708785837367,0.05043066676437164,0,3226.4852
Early Churners,,0.20609123723892944,0.19749173647895465,0.4188261685163621,216,-718.7316
High-Value Core,157.0,0.16857934010515194,0.13317295373199317,0.0018190622274442396,1,8565.672600000002
High-Value Core,84.0,0.20132293620297326,0.13396090717158862,0.1086286218654273,0,4209.6348
High-Value Core,87.0,0.41352859101987643,0.12410239952675613,0.021059111087952505,0,16904.8372
High-Value Core,190.0,0.23365124319659555,0.1177952880485863,0.010002136844415713,0,-3260.3048
Casual Regulars,,0.10669614050817894,0.2872158973507434,0.05509152813852342,5,-1064.7944
Bonus Opportunists,12.0,0.4904016894129353,0.38796731029040715,0.9412091931264126,121,-10334.1868
Casual Regulars,,0.06535776930165495,0.40415382906475605,0.04936398914694309,5,30.43119999999999
Casual Regulars,,0.19156476403647113,0.13606955629314607,0.025237677938282625,17,-1214.3755999999998
High-Value Core,206.0,0.21086432491848078,0.1432983427641588,0.07690136482436664,0,-7289.221799999999
Borderline Opportunists,,0.07488463468878842,0.481428394067938,0.4044277846574617,226,-2246.9476
High-Value Core,54.0,0.150413908706216,0.1332509656921686,0.024556164667268465,0,23132.6614
High-Value Core,153.0,0.15341094842038824,0.1514928615199507,0.0028488626680774265,0,9632.419200000002
Early Churners,,0.15905179172108042,0.20158336194166873,0.6032150931850485,219,-1812.9746
Minimal Engagers,,0.17071445628549106,0.21956661800762048,0.24317801909588005,27,-902.3448
Casual Regulars,,0.08781466374821628,0.355987701408513,0.056969851469627325,1,-7.913600000000088
Bonus Opportunists,45.0,0.2950719703511843,0.5080127816413468,0.5947727557606028,310,-8337.601999999999
High-Value Core,99.0,0.16017171451858095,0.1638632164734516,0.08389872967008782,8,782.5646000000002
High-Value Core,318.0,0.2415571781560051,0.1325531654047119,0.07940301162477145,1,1577.9574000000002
Bonus Opportunists,,0.14153099678974138,0.719367213612857,0.5777398466612763,183,-510.01259999999957
High-Value Core,127.0,0.19713315512603952,0.10891968921046535,0.004213063221905282,0,5980.227600000002
Casual Regulars,,0.0729307961011369,0.17087757898244782,0.052855016665559355,36,-187.5926
Early Churners,,0.09820483428042621,0.24241287807356704,0.4865700545196966,255,-1807.9582
Casual Regulars,,0.10636847987961864,0.30142457673232453,0.024407015919758773,13,-248.90019999999998
Early Churners,,0.056740989505831736,0.396222529783653,0.6320523825826376,202,467.3165999999999
High-Value Core,87.0,0.15481553584511648,0.11049322696867461,0.006529819064434258,0,19814.8572
Minimal Engagers,,0.0,0.3219985685437776,0.07441256338913932,5,-234.91379999999998
Early Churners,,0.1888236982943294,0.3770003832729701,0.7208911258645875,221,-819.6452
High-Value Core,165.0,0.2048669871419681,0.1516308603049122,0.05656556797241074,1,-1165.8508000000002
Early Churners,43.0,0.07285853783986952,0.40287528406476386,0.5494215660761911,203,1005.5998000000002
Early Churners,145.0,0.7132613596194947,0.37274198141279896,0.5784318812795384,202,-4928.0912
High-Value Core,121.0,0.4250098162589717,0.1620073963165341,0.07777738016311754,1,333.5641999999998
Early Churners,,0.14453516211698347,0.3905762156854281,0.552306963703641,213,-1144.5844
Bonus Opportunists,1.0,0.2247346313692372,0.46025370574658847,0.8709859372924056,308,-1856.4502000000002
High-Value Core,175.0,0.378519131228597,0.10827380217634569,0.07585391961964606,0,1389.5879999999997
Casual Regulars,,0.10577390674865311,0.2626134852177781,0.13904598364786083,9,-1277.2794
High-Value Core,101.0,0.18049499454115292,0.10880413733147372,0.02198300265279223,0,5478.818599999999
High-Value Core,155.0,0.14180556813843773,0.22215077829278138,0.09774983088852654,3,2106.4988000000003
Casual Regulars,,0.17784402243789205,0.2187263167329767,0.06922703231757052,3,-121.40539999999987
Borderline Opportunists,8.0,0.19462457928292287,0.6233759781148348,0.9708677350576935,308,-1160.3978000000006
Casual Regulars,,0.27422713701833673,0.17423123243002123,0.20929206169019218,2,-100.3338
High-Value Core,143.0,0.23749126560827655,0.15691917395136595,0.08339824352172637,1,3381.2801999999997
High-Value Core,239.0,0.1271737259333541,0.2391797508244196,0.04587707413493688,2,-2336.7432
Casual Regulars,,0.15687743522404732,0.12928480091329037,0.11899372140403935,0,-678.6413999999999
Bonus Opportunists,,0.7480650006912655,0.3411844369807725,0.7943984204974937,296,-456.25300000000004
Minimal Engagers,,0.06666442182139264,0.4201553767723142,0.13478425166212085,8,-486.17679999999996
Borderline Opportunists,,0.07053533640821322,0.4247175720409213,0.09972827478751249,54,-451.6148
High-Value Core,209.0,0.18953025347781813,0.1316948660713887,0.08401421471776231,2,1907.4250000000006
Borderline Opportunists,,0.15902996013887105,0.40327016511475716,0.43848476276199055,218,-1616.725
High-Value Core,231.0,0.12903999016173448,0.1309160017684462,0.0354359564728549,3,-3704.4558
High-Value Core,228.0,0.1652548821143678,0.14952203826557936,0.09482202136168345,0,1590.7440000000001
High-Value Core,113.0,0.2119387987982842,0.16242323712788934,0.14508459446765193,2,67.66200000000026
High-Value Core,262.0,0.21903970539241763,0.15444984909380932,0.05876679975243343,0,-7761.651800000001
Minimal Engagers,,0.3117297828721239,0.5708913493147552,0.6882702171278761,217,-1073.7574
High-Value Core,85.0,0.2418534388543783,0.1302111044576191,0.0026743048328198077,0,17560.3146
Early Churners,,0.20148581751084765,0.16239340508483613,0.6196351434155545,223,-2021.6248
Early Churners,,0.09030534992448795,0.3464051154616869,0.47078397699276525,203,-188.1609999999999
High-Value Core,118.0,0.15450950168784702,0.130374496724366,0.0206992357364979,0,14498.514800000003
High-Value Core,88.0,0.1888077182132054,0.10825961416601712,0.005943640010120766,0,21946.7114
High-Value Core,299.0,0.3811613449159829,0.14398121893220647,0.055268567798681556,0,1290.5306000000005
Bonus Opportunists,,0.19455040720772748,0.5452937942287334,0.7052792145476056,304,539.9038
Borderline Opportunists,,0.0,0.356937758057976,0.2491185440790586,24,-2168.0642
High-Value Core,80.0,0.18594226594443142,0.11609426552603276,0.006720677271379952,0,13967.4418
Bonus Opportunists,6.0,0.31310786685988606,0.46196764494160913,0.8639489215192699,306,-8808.723600000001
Minimal Engagers,,0.14613346833498447,0.41971184270417183,0.0,39,-233.38719999999995
Casual Regulars,,0.4840772706832193,0.25976866633421725,0.0691140956976407,6,-407.97040000000004
High-Value Core,168.0,0.17628517236693303,0.1213181197868971,0.0544896748560314,10,-2290.8505999999998
High-Value Core,275.0,0.21803098722423972,0.1287910763200794,0.11617834267918621,0,1892.9383999999995
High-Value Core,259.0,0.13459309282643425,0.21019623372174367,0.0640206556436446,4,1671.6907999999999
High-Value Core,273.0,0.16566457185085035,0.1329155158307709,0.010374165120345665,0,1531.8341999999998
Early Churners,39.0,0.09860756531279836,0.29975059584505376,0.524905588078871,206,-888.2332000000001
Casual Regulars,,0.13291432028393035,0.15742538405026651,0.09554581610506642,10,-1557.9833999999998
Early Churners,,0.169121960981296,0.23577525837822766,0.5315279889195299,212,-57.66579999999999
Early Churners,48.0,0.0750899830690372,0.3133117987108395,0.5009779469965929,205,-909.4229999999995
Casual Regulars,,0.22601524965172887,0.1332826359546736,0.06269788130408087,2,-125.72259999999994
Casual Regulars,,0.1258055327747414,0.26615090495355487,0.09531292372655704,1,-367.6586
Bonus Opportunists,0.0,0.2391015749681259,0.48443840665150123,0.7140999472883977,229,1082.1692000000012
High-Value Core,,0.1434829838683316,0.19966797890096077,0.1418337847504384,5,-95.2207999999996
High-Value Core,111.0,0.18119491636359714,0.15418187380050913,0.10194499608469774,3,-374.01720000000023
Bonus Opportunists,19.0,0.09206009453393293,0.7981882285387024,0.8741482395132335,267,-8899.9772
High-Value Core,77.0,0.188243737782127,0.12213925097282959,0.02666624376272469,1,21448.623400000004
High-Value Core,155.0,0.16809148883769065,0.16735513786108597,0.04021668683408252,0,1967.9851999999996
High-Value Core,79.0,0.18426861048511997,0.16409393113322507,0.10143842996119518,1,4330.7392
Early Churners,,0.0904235817225249,0.25606510938288785,0.30088429486791096,204,209.69539999999995
Early Churners,,0.18221592604892237,0.38258435141968783,0.5001041110555292,213,113.66100000000006
High-Value Core,117.0,0.47502575154784443,0.16831683002576014,0.079985026473576,0,-2402.364199999999
High-Value Core,295.0,0.20702554299565212,0.2350501246220132,0.10318817186149343,0,-10468.018
Casual Regulars,342.0,0.21889116500529748,0.1500372978508821,0.07209193273321036,11,453.6712
High-Value Core,326.0,0.41826834821033443,0.1447292254440747,0.08533186694071383,2,-8871.4528
High-Value Core,129.0,0.2533217701650827,0.15364933923536955,0.08192958134323398,0,422.7671999999998
Early Churners,92.0,0.01957883741988715,0.21086525738965042,0.7027085380440363,221,-1420.8348
High-Value Core,212.0,0.18685346604061523,0.10199659904564717,0.14295219255894204,2,-7847.481400000001
High-Value Core,101.0,0.1723428490084408,0.19098480729437003,0.07422938345284093,1,4036.385000000001
Casual Regulars,,0.5510636232232494,0.22379345257357944,0.09965345212435057,18,-620.0086
High-Value Core,85.0,0.1683866442721523,0.17750181717244112,0.11847139143327567,2,1511.8158000000003
High-Value Core,147.0,0.12834324649363463,0.1556124060399849,0.003939791592372461,1,6611.963799999994
Casual Regulars,,0.09142165318091078,0.37863089561557806,0.08430872761934037,14,-1310.6936
Bonus Opportunists,0.0,0.2551438023171436,0.5491930186441711,0.7174045910599974,132,2368.2177999999994
High-Value Core,,0.14349659812803064,0.2281143887711688,0.07252707945483,3,-72.71500000000015
Early Churners,,0.11288445363555918,0.267916043112724,0.6111311252538023,209,-337.42820000000006
Casual Regulars,,0.05190178413027602,0.2385116181103299,0.1016244620997809,3,-409.1468
Casual Regulars,,0.18784258276747198,0.16486947261660465,0.0,5,-2295.0371999999998
Casual Regulars,,0.2650893894621055,0.1874957069892723,0.07744940796469883,14,-596.7192
Casual Regulars,,0.1471194561799874,0.30188336604604776,0.06201129030756344,0,-1977.0585999999998
Casual Regulars,,0.1771293453598816,0.21786076226867745,0.07819113857456708,1,-644.1862000000001
High-Value Core,146.0,0.41271832415082027,0.12831087807694652,0.003115131836975509,0,7320.068399999998
Borderline Opportunists,,0.1637094369774958,0.3557572249786727,0.20098905598422598,50,-948.447
High-Value Core,323.0,0.11300721953197082,0.13961493524558546,0.1697850568175837,1,-10722.9602
Casual Regulars,,0.7894838247547765,0.5404441664131867,0.07897788238045814,0,-1515.9299999999998
Minimal Engagers,,0.0,0.35252555436886557,0.0,139,-1103.0568
High-Value Core,67.0,0.21934837656000886,0.12367377489287905,0.0970733666394326,2,1760.8411999999998
High-Value Core,92.0,0.202654240010624,0.10174779795713315,0.020409964287846177,0,7318.6810000000005
Early Churners,,0.2713652870480596,0.32041660483939666,0.6868718595215759,204,16.231199999999944
High-Value Core,83.0,0.09510029411870954,0.1750232837816554,0.04126784871886367,0,987.9114000000004
High-Value Core,154.0,0.22162614771283357,0.13701757523276392,0.0,0,-2944.6584000000003
Bonus Opportunists,0.0,0.5669629770327393,0.31918237162585167,0.9528591412949847,168,-1532.2893999999997
Early Churners,,0.3557396007306143,0.15789969851364954,0.6725065371922213,206,-185.41539999999998
High-Value Core,122.0,0.15728414675486918,0.12178177627238923,0.013534219337670503,1,7133.798800000004
Bonus Opportunists,51.0,0.415605585741519,0.3644573275676044,0.7609705860203114,269,-10937.7754
Minimal Engagers,,0.3621207001905036,0.28758213240939695,0.0,10,-560.895
Bonus Opportunists,0.0,0.14749580897516265,0.7085227462960011,0.90307519201539,144,4634.009399999999
Casual Regulars,294.0,0.15423199395565815,0.12123014502300675,0.019872991499758845,10,1086.4698
Minimal Engagers,,0.0,0.40705918699881183,0.0,23,-1045.3642
Casual Regulars,,0.11316977605638562,0.2016988632244766,0.08018346201126525,1,276.98699999999997
High-Value Core,,0.2081824969100754,0.1120135596534846,0.030989200398632673,5,-145.40940000000046
High-Value Core,89.0,0.21414989311354665,0.11410126176538876,0.013327258222935033,0,10232.952400000002
Casual Regulars,,0.028398694662333444,0.2666457295432605,0.061983396719360186,0,144.6962000000001
Casual Regulars,,0.6023811799074764,0.3042972304100291,0.1451612661641369,1,167.6354
Casual Regulars,,0.1513794855778647,0.18058779511176126,0.02707147810344554,11,255.644
High-Value Core,174.0,0.15497211605671762,0.1377381846728712,0.0943626909464208,1,-354.6075999999998
Early Churners,,0.27495098089077463,0.30934104992924444,0.43424019931944663,203,-2265.7426
Casual Regulars,,0.14393215593398595,0.28407706960634715,0.07586881804225887,1,301.7443999999999
Early Churners,,0.26195743273294547,0.18713979882038992,0.37210755576812615,201,-1305.134
High-Value Core,155.0,0.37115107141809844,0.11692697726119633,0.12404766884129137,0,216.95739999999978
Casual Regulars,161.0,0.5027332356832391,0.18715533833220233,0.12751501318178352,6,-866.0025999999998
Casual Regulars,,0.16740579785193616,0.1704721003360908,0.08271398312860381,27,-702.1906
Early Churners,,0.024676091817304395,0.24635483362800226,0.5742793327312253,224,-3.3006000000000313
Casual Regulars,228.0,0.14455050814184675,0.22657677589481148,0.08972687689394826,1,-1344.2794000000001
High-Value Core,140.0,0.14333636738403335,0.15137792636112535,0.0930138520100517,1,2547.1678
High-Value Core,84.0,0.17439186586000585,0.13338488265671838,0.10451197355414114,4,4174.716200000002
High-Value Core,174.0,0.14838884949070497,0.2091416413819714,0.12345892635781457,5,-3492.4348
Bonus Opportunists,7.0,0.17090461578179303,0.6855276981846449,0.6485885391153974,130,915.1902
Casual Regulars,,0.16884095558544374,0.19520864981922273,0.03955071326163229,0,-77.16239999999993
High-Value Core,79.0,0.4696575034829312,0.1487407202704967,0.013871166122644945,0,13579.1734
Early Churners,59.0,0.18355363552117374,0.1697816053348309,0.4616128350844999,212,1004.4638
High-Value Core,108.0,0.15904815456949797,0.13697131473567745,0.06383874245393205,4,3445.1861999999996
High-Value Core,201.0,0.4289997840451277,0.15613305436790526,0.05239600976476716,1,-3161.4022000000004
High-Value Core,101.0,0.4331990636758138,0.14187371169189836,0.010013614802777536,0,7248.7742
Casual Regulars,,0.03936383432013416,0.2779414100228407,0.12938445446456073,10,-2225.9968
High-Value Core,147.0,0.15466761380600114,0.14938214689267656,0.08470097841607548,1,-2871.1896
High-Value Core,318.0,0.16215456241883255,0.13956762753971586,0.09520747688710121,1,-10847.8242
Casual Regulars,265.0,0.14983608841672663,0.24534967837300548,0.06623938530257588,3,-4250.8394
High-Value Core,99.0,0.18833205684897886,0.1540486441055487,0.12546129340889262,4,467.5255999999995
Casual Regulars,228.0,0.15392707431716762,0.16251781366801113,0.1414276900960976,1,-4206.5898
Early Churners,,0.06618122084675611,0.2813668875119191,0.6235678344175594,221,-1497.8927999999999
Casual Regulars,,0.43469505808912784,0.21968777762472638,0.02952190046818104,9,-379.1250000000001
Bonus Opportunists,27.0,0.9807121929155507,0.4396279342339039,0.9068182448340143,305,-10683.2354
Bonus Opportunists,4.0,0.20664843812899567,0.6119444652954358,0.8948212754674072,174,-5592.5851999999995
High-Value Core,260.0,0.12202216134866573,0.14113886067329415,0.03743308760580471,2,-9860.6314
Bonus Opportunists,,0.5464865371501636,0.34777857817621066,0.7649494338935399,323,523.7502
Early Churners,,0.2399156964095777,0.14403401414643585,0.517674660537508,206,-314.3462
Early Churners,,0.2674043253891085,0.1982996455554025,0.5835955449680574,222,388.5952000000001
Casual Regulars,,0.09967939042543225,0.21473928404734907,0.1686926832314947,16,-215.73200000000003
Early Churners,,0.6004759902122708,0.27609908465647093,0.5428572369759563,212,-925.0158000000001
High-Value Core,268.0,0.22633297328374202,0.13278924396771155,0.05910126795200348,1,-9942.6786
Bonus Opportunists,0.0,0.9691107205645241,0.8869595880630513,0.811464329296102,302,753.3197999999998
High-Value Core,209.0,0.14630313999848701,0.16506698124329214,0.08695745641706959,1,2126.0210000000006
High-Value Core,99.0,0.14113730080113013,0.12438319524289021,0.012782966502908341,0,13684.922599999998
Bonus Opportunists,0.0,0.3018414079576448,0.5227293933401027,0.879330350688565,175,3986.5474000000004
Casual Regulars,,0.6293277605623062,0.295214599386628,0.1885762661349176,0,-1573.2382
High-Value Core,156.0,0.17332373908222887,0.20786238038567928,0.09767016232140437,2,-907.5110000000009
Early Churners,88.0,0.20570265818712563,0.16421152640028333,0.6002528775662279,203,-4397.832399999999
Bonus Opportunists,33.0,0.4807440995132771,0.431846804548221,0.7230066044025446,207,-8555.649000000001
Early Churners,,0.1680789885296424,0.4840171276536078,0.49597885644072714,219,-1914.2497999999998
Casual Regulars,,0.07236997044914688,0.2649037043167438,0.11953403420594584,0,-392.00959999999986
High-Value Core,74.0,0.18345671271940378,0.10994888417199605,0.005347408482676444,0,18762.9594
Casual Regulars,,0.034039838400893065,0.4869766990687399,0.053753343882342486,5,-726.6316
Early Churners,,0.2731077026453199,0.24811648790409663,0.6773680256459312,200,-1371.394
High-Value Core,328.0,0.1995688036220673,0.18717326604647078,0.08876789449429544,3,902.8984000000005
Bonus Opportunists,0.0,0.49237874685051713,0.3600927584245235,0.5977547636488744,144,8029.029599999998
Early Churners,,0.6004283898528623,0.24413663238319702,0.45956520592280325,213,-895.8607999999999
Casual Regulars,,0.09849115615273665,0.15152485035116162,0.04504243528429363,61,-270.675
Casual Regulars,,0.24543559764094572,0.18989507046717263,0.03236332358160159,0,94.04700000000003
Casual Regulars,,0.08149515318766488,0.2119383259790371,0.14095580719570255,3,-2126.6786
Bonus Opportunists,28.0,0.9371930768313586,0.5752554749261224,0.9010155299332631,130,-10055.9882
High-Value Core,223.0,0.170875657790624,0.2095994721171226,0.053859095276071696,11,1448.6382000000003
High-Value Core,224.0,0.16050763328243317,0.151075621156201,0.0638853235598873,0,2574.8379999999997
Early Churners,,0.6094496737739405,0.3285864593920426,0.5924613315712564,206,-80.71479999999997
Minimal Engagers,,0.0,0.5007725927619642,0.8265197996957837,287,-676.5956
Early Churners,,0.4977111625421675,0.298595383033447,0.6194546071900762,236,-1056.6532000000002
Minimal Engagers,,0.03433482815133453,0.3206738352577669,0.06566783127283364,2,-979.6732
Early Churners,,0.5164151260377774,0.2081395439306202,0.5797583137124119,216,-242.85839999999985
High-Value Core,114.0,0.14617982388014944,0.12152426960030333,0.00474817278797472,2,-343.52639999999883
High-Value Core,198.0,0.20730290043092625,0.15126626810996485,0.000854401091120139,2,-4064.947400000001
High-Value Core,109.0,0.26913337132413684,0.13630278638321847,0.09094300012937695,1,3807.7576
High-Value Core,101.0,0.45129183004356666,0.13981205347167672,0.07415878242004709,0,468.5460000000003
High-Value Core,38.0,0.13232528527995233,0.1317860350454207,0.0205377845896812,0,25898.262600000002
Bonus Opportunists,0.0,0.28314401879672435,0.44301836105041575,0.8364818068198214,209,-2009.3298000000004
Bonus Opportunists,5.0,0.15784383891615347,0.7104457083002842,0.9052877955044567,206,-6445.5738
Early Churners,,0.18962436775073446,0.20988760599131137,0.5287697543123749,207,180.74440000000004
Bonus Opportunists,22.0,0.656338347933243,0.4982312193189008,0.8526774444119426,243,-10635.7542
Casual Regulars,,0.11937936436708309,0.18853009948147548,0.0799486116687529,6,232.36800000000017
Casual Regulars,,0.09613376927072852,0.13252588978146443,0.12688052499465416,3,-20.111399999999776
High-Value Core,125.0,0.20342728688319814,0.09840319877167049,0.0014893470915627186,0,8316.600199999997
Bonus Opportunists,,0.41706063409669086,0.3404288356050973,0.8851923792072699,298,543.4191999999998
High-Value Core,65.0,0.2020891088713346,0.10876869995230368,0.022046597700549436,0,25582.137000000002
Early Churners,58.0,0.09718013907043489,0.3112657304839694,0.46937694230421556,208,807.5964000000001
High-Value Core,177.0,0.1291454495212965,0.1669708484361175,0.08486509409551068,0,-6791.472
High-Value Core,183.0,0.07986001138403458,0.14799881644939772,0.14893916439875574,5,-2280.6114000000002
Casual Regulars,,0.08690354814310544,0.20197223311492932,0.0712681817407894,0,-406.95579999999995
High-Value Core,82.0,0.14210311902859704,0.1931938693788278,0.08031542148183243,1,-1063.3301999999994
High-Value Core,190.0,0.18011233492696727,0.13667844897178555,0.10599414551344911,3,-2362.2632
High-Value Core,190.0,0.1848220900992933,0.14464341124042573,0.11541025151690346,4,-3919.5647999999997
Early Churners,,0.20091838128246464,0.20944830950709908,0.37762544364876366,202,58.59559999999988
Early Churners,,0.20497925521106905,0.25567006012640203,0.6196468313153429,208,211.6486
Casual Regulars,,0.15600885048785773,0.29842447912030257,0.08372377909711402,4,-989.5588
Casual Regulars,199.0,0.4533918395242708,0.2174214858447285,0.019228513409385764,2,-791.5996000000002
High-Value Core,124.0,0.1712581401160246,0.14105892374111462,0.058198681547604075,2,164.36619999999994
Casual Regulars,,0.1885734681461181,0.1268943615693805,0.0703466346307794,15,-1875.4792
High-Value Core,77.0,0.1752534392026286,0.10640532676554103,0.006960630501723545,0,22229.544200000004
High-Value Core,219.0,0.17422952388908447,0.11978528971114896,0.0022988834977317654,0,-4978.111800000001
High-Value Core,106.0,0.11785039308304038,0.12240394100000129,0.07549827316471984,0,-1982.9309999999996
Casual Regulars,,0.01388875249197168,0.2032919897821685,0.11763309338387659,5,-1385.384
Casual Regulars,188.0,0.15775076445770236,0.1633659018492005,0.04465372591170401,0,1043.4858000000004
Casual Regulars,,0.18530359528012286,0.3091894784132983,0.1325733378531501,1,-7.645600000000059
Bonus Opportunists,10.0,0.25293866536724857,0.567008416228367,0.6901439004511898,218,-6955.164599999999
Bonus Opportunists,16.0,0.28533025815854524,0.49131884119165037,0.9403953092037928,146,-3778.9612
Early Churners,,0.12588134710538562,0.24716965313975714,0.4957685007478832,201,-231.9742000000001
Casual Regulars,,0.1769244663733829,0.12061148338064964,0.06805576351604543,3,-2095.0964
Casual Regulars,,0.295200936133692,0.28673252522058845,0.08582891432963556,13,312.36259999999993
Casual Regulars,,0.12767968165437835,0.27306990260996294,0.1625566556909056,0,-109.54739999999993
Casual Regulars,,0.12717931840945304,0.37563334613315286,0.05945722209700383,3,-2166.0914
Casual Regulars,316.0,0.15596512491011574,0.17594911569417845,0.04998736304732744,0,555.4623999999999
High-Value Core,112.0,0.32040789431193667,0.11710827820299358,0.04059193087389585,9,-1665.5768000000007
High-Value Core,143.0,0.22162831364342134,0.10916888963657799,0.06190517668052844,2,-2074.8761999999997
Bonus Opportunists,2.0,0.9876466661664143,0.8132080280156256,0.8016213813632688,257,-7451.408800000001
High-Value Core,192.0,0.14092889110350773,0.21744132279463413,0.09012788930184516,2,-228.63340000000017
Minimal Engagers,,0.0,0.4107539909115456,0.3022648410978466,203,-468.0684
High-Value Core,302.0,0.17116901402713644,0.1570371825053048,0.07215380562959181,5,1146.0040000000004
High-Value Core,133.0,0.19082506676169145,0.1568128471313425,0.15297912689817195,4,-3729.3466
High-Value Core,248.0,0.18972407686731882,0.17619093453665363,0.058405129763703156,0,-8140.5098
Early Churners,,0.11572292668486144,0.21637852547148095,0.3660809883654977,208,-1140.6163999999999
Bonus Opportunists,3.0,0.4287832646524672,0.3667785308466346,0.8226531272121427,142,-4522.6664
Bonus Opportunists,11.0,0.926606279942163,0.5786763895330961,0.7868670800838478,205,-8856.552200000002
High-Value Core,357.0,0.2238213286812287,0.1221323656254304,0.15532572254845706,0,967.1309999999999
Minimal Engagers,,0.11850103499635417,0.27095049060694054,0.10677913972623569,6,-468.5016
Casual Regulars,,0.10704283645135643,0.25754917133961985,0.07423557037724744,2,-334.6116000000002
High-Value Core,,0.11097812028754907,0.20864643062356744,0.16440895598435398,0,-412.0462000000002
Bonus Opportunists,14.0,0.9486027102001948,0.7630246560579146,0.7645010438978992,137,-8648.882400000002
Minimal Engagers,,0.2064405515555251,0.3075252201118515,0.05781888872462161,3,-318.7236
High-Value Core,122.0,0.315882825233707,0.10604354701616943,0.08854033721686679,0,-1489.6968000000006
Early Churners,,0.4477472718659473,0.1983145316678093,0.5571225993887639,216,-436.6944
Early Churners,,0.16801428741579352,0.19274216466745409,0.614110496479824,224,-580.9132
High-Value Core,177.0,0.1711305653877765,0.15525434164911037,0.11191065699735496,3,-3706.7236
Early Churners,,0.1909194344431409,0.30328549906158825,0.5121829362029209,202,91.00800000000004
High-Value Core,144.0,0.22087335171004638,0.09863967377761398,0.006845283414681218,0,5807.486799999999
High-Value Core,63.0,0.1961427124952879,0.10476924162795008,0.021414247398176846,0,23571.9994
Casual Regulars,,0.4189309607764706,0.14395296746283046,0.020072554503090388,7,-2009.4922
Casual Regulars,,0.21911016785859727,0.2682962527637219,0.024290526711941398,7,-1623.9317999999998
High-Value Core,141.0,0.2898977317729615,0.11607985222787065,0.10962353336002824,0,2070.5368
Casual Regulars,,0.15904525540703876,0.27257555590710814,0.07580002802923845,3,-455.06359999999984
Early Churners,,0.10202045405482098,0.31836190611490794,0.6160022737599661,202,-491.8584000000001
Casual Regulars,,0.26641648617048275,0.1591689926352052,0.0826182561056792,4,-111.53379999999999
Minimal Engagers,,0.11410592219380514,0.3359055796110183,0.08712273301059384,35,-1599.2602
Casual Regulars,,0.2347054257197323,0.16143737250856433,0.05712883338894133,16,-222.85039999999992
Bonus Opportunists,0.0,0.9610676123156715,0.6343536999667561,0.7924032167494224,120,1145.9250000000002
High-Value Core,75.0,0.16454734067302956,0.12987823251262118,0.00457793269293873,0,12511.546400000003
Casual Regulars,,0.17288353009000076,0.13306622120523132,0.03150228195378465,0,-811.9707999999998
Early Churners,143.0,0.1466304575408991,0.26502436542740027,0.5234667199973112,202,-4878.9334
High-Value Core,107.0,0.18304213320950907,0.1418934027953853,0.06068724225138499,0,-2812.8334
High-Value Core,146.0,0.13522411678501567,0.18557697018376126,0.060681614913864125,8,774.8250000000007
Casual Regulars,,0.12336552044929883,0.1791203929010183,0.14020399769148606,6,-457.0111999999999
High-Value Core,242.0,0.42850174230966703,0.16210831110960455,0.05725971293425099,4,1931.828
High-Value Core,294.0,0.4694708990524178,0.17392460944446417,0.060640342916899605,1,-1101.2057999999997
Bonus Opportunists,5.0,0.17080766149713872,0.6812745967706854,0.7411583688177982,308,-2846.3696
Casual Regulars,,0.49596332320131165,0.18071832313542993,0.06619197305727008,3,155.01900000000012
High-Value Core,111.0,0.35821900775552984,0.10504008476575591,0.0037067766946574203,0,10696.956000000002
High-Value Core,90.0,0.17534312097794136,0.14045735036747706,0.0005086203795137613,1,7357.837800000001
Casual Regulars,,0.37743277059958563,0.15271014852437736,0.06896828322168215,3,-1479.4224
High-Value Core,120.0,0.18976248579822386,0.15443548035122406,0.0908943253400023,0,1262.4700000000003
Borderline Opportunists,,0.5557620774979996,0.3122742502723945,0.0,5,-526.5452
High-Value Core,149.0,0.13046035051428553,0.15601727397177642,0.10487215367303633,2,-2829.9462
Bonus Opportunists,,0.23251137327839994,0.6094116802566955,0.6327077708136497,222,-1527.2828
High-Value Core,142.0,0.2171267845542793,0.10166375213896212,0.04424287167246606,0,10505.287400000001
High-Value Core,163.0,0.20991076983448353,0.17502964945598187,0.0960532587683556,1,-3002.3593999999994
High-Value Core,,0.4577451940373821,0.13472354690992802,0.08354536940198844,0,691.8035999999997
High-Value Core,142.0,0.36468521042392593,0.1416688271427289,0.0860424220691487,0,667.3643999999999
High-Value Core,110.0,0.48981107101054244,0.1810989806098501,0.0,1,14808.371200000007
High-Value Core,114.0,0.19508349150691043,0.1196674079308094,0.07177596718020865,5,2967.0465999999997
Casual Regulars,,0.23409587772144458,0.2566327037184703,0.060611740077831266,14,-1531.9908
High-Value Core,,0.36693406873325435,0.12388465278125421,0.07510688513064132,3,573.5293999999999
High-Value Core,92.0,0.18227034966226555,0.11853858065580265,0.1165535266300625,1,-2047.3585999999996
Early Churners,,0.20347106929578046,0.21446144786402274,0.3595807510866584,215,-1331.8676
Minimal Engagers,,0.0,0.6912897373746772,0.09842714707646008,122,-1046.3014
High-Value Core,,0.13663727963144462,0.12141360572665848,0.07013694105367592,0,761.7091999999998
Early Churners,,0.17397028686569554,0.19605441603110488,0.4373131904453577,227,-628.3298
High-Value Core,76.0,0.13017049958392535,0.18399977658417652,0.09456923470336541,0,102.04080000000067
High-Value Core,81.0,0.18439579900746164,0.12218927847708888,0.03729488299445049,0,10840.370199999998
High-Value Core,103.0,0.1563601129905462,0.11934947602344262,0.0011752542054634587,0,11582.3456
Bonus Opportunists,9.0,0.399581479545011,0.38574821872734516,0.7985439484686067,172,-8599.1268
High-Value Core,94.0,0.3702245713793969,0.10676471931101589,0.003130948119816572,0,9128.357
Bonus Opportunists,2.0,0.5594976674294644,0.38616605573441865,0.8118169847234301,143,-3564.7711999999997
High-Value Core,76.0,0.14995028610244424,0.16740367683132057,0.051658427069781375,0,1842.8500000000004
High-Value Core,234.0,0.14183343101350313,0.15208460072677535,0.04469002430333593,0,-3897.9291999999996
Bonus Opportunists,0.0,0.45945104559925565,0.4072913380655937,0.8690637559518697,223,5321.2101999999995
High-Value Core,110.0,0.17275271281712404,0.09992283052884879,0.007968217926616224,0,16843.516200000002
Early Churners,,0.18432441294456106,0.24376431111193916,0.5667211856956292,226,-177.75319999999988
Casual Regulars,,0.1731252210428297,0.2699456238032102,0.17810152269330415,13,-74.55560000000003
Casual Regulars,,0.16931673169960196,0.17002397055119306,0.1902357434878596,8,-276.8779999999997
High-Value Core,87.0,0.19875394607031116,0.16762242571565902,0.10630761757947478,2,4023.5238
Casual Regulars,,0.10057854002915993,0.28303249956945564,0.03214891581982219,6,-1216.1855999999998
Casual Regulars,,0.15330727896716648,0.20379843261248468,0.05463632638016021,25,-163.221
Early Churners,,0.08481295073188753,0.28315061319528184,0.5133652629041121,202,-218.18419999999992
High-Value Core,145.0,0.38962584411050843,0.15063210727157475,0.062277795241413775,0,3314.8014
High-Value Core,98.0,0.22503031891657302,0.11480586012038534,0.013632880639664524,1,14760.239400000002
Early Churners,121.0,0.13793382979878704,0.2686158993944289,0.49168046321325115,223,-4899.7954
Casual Regulars,,0.07446146537857339,0.32343929188840903,0.13157882359581216,3,350.4559999999999
Bonus Opportunists,1.0,0.30822291689856274,0.4677033123844208,0.6289671521238761,234,1431.3591999999999
Casual Regulars,227.0,0.09605076917256108,0.23129268377146778,0.08178530301722091,0,861.5659999999998
High-Value Core,111.0,0.38850239498130396,0.13586626754843864,0.05703231207306466,1,-2040.4276000000004
High-Value Core,68.0,0.13316313717613934,0.11164363117692408,0.0061951149073425265,0,21074.870199999998
Casual Regulars,,0.17932991778918347,0.15816755059424753,0.07788502488946034,7,-1853.4276
Casual Regulars,,0.11085069252536864,0.23619035331188737,0.1188333185948312,13,-1621.0176000000001
Casual Regulars,255.0,0.33470331115695,0.10821059546727771,0.047204470781527445,10,496.6697999999999
High-Value Core,125.0,0.20833402795210867,0.1302311550656752,0.005488538750734351,1,9000.184199999998
Early Churners,,0.16192077697354776,0.13891548581157995,0.5292681961593467,208,-1613.7664
Casual Regulars,,0.07438095846092346,0.27207082441278824,0.06731638910680553,5,233.58839999999998
High-Value Core,295.0,0.16407061859187447,0.1789483677008854,0.08846478073532407,2,1040.1246
Casual Regulars,,0.16184615630797183,0.18351097722620707,0.018834360968545537,2,399.8978000000002
Bonus Opportunists,3.0,0.2811650451161814,0.44564950185710406,0.8061995607131257,225,-6791.974200000001
High-Value Core,220.0,0.12178297329625704,0.15399338431045792,0.08603868908837048,1,-3717.0232
Casual Regulars,,0.14440434957570902,0.15499059337972887,0.005910991148669666,9,-44.74640000000005
High-Value Core,163.0,0.26174454070681874,0.1507931027086324,0.03980155438371099,1,-1607.946
Bonus Opportunists,0.0,0.14246943789627836,0.728976007399308,0.8699191361421813,125,4331.795
High-Value Core,124.0,0.48843835410785863,0.16231498178414555,0.08264786619263526,1,1905.0344000000005
Bonus Opportunists,2.0,0.08573113951943791,0.7713827596504276,0.8095163438810266,191,-2608.6885999999995
High-Value Core,73.0,0.15399067316494844,0.11638760944237261,0.005160341908953164,0,23113.7444
High-Value Core,107.0,0.16975934219744973,0.12770564079919747,0.01457130179102504,1,11121.5656
High-Value Core,164.0,0.15013471683373772,0.12184897709520823,0.00445616731576315,0,1859.091800000002
Casual Regulars,,0.27077457541947886,0.18863899991589653,0.05505852314337761,16,-625.6801999999999
High-Value Core,140.0,0.1822007236316172,0.11739313043197483,0.0016845145645693446,0,9569.811799999996
Casual Regulars,,0.17509557044155297,0.2533594715402516,0.046108951897539566,30,1.828800000000001
Casual Regulars,,0.07073994733005488,0.20310017680441006,0.041824514334296244,12,-698.4616
High-Value Core,229.0,0.42759694444994634,0.1193928762954336,0.0797178444618578,3,-8134.617399999999
High-Value Core,93.0,0.3744632440180571,0.12020457735270937,0.00914950785280447,1,18223.771599999996
Early Churners,,0.1965370756413287,0.28885227004696046,0.6169870026911569,209,-681.221
High-Value Core,109.0,0.19477799259915662,0.09801479332246547,0.009345563551281685,0,10993.5104
Casual Regulars,,0.11108739483247869,0.246464436776931,0.004559229850151839,1,-557.2159999999999
High-Value Core,198.0,0.47339535268568017,0.18712762064292848,0.12319429281843759,1,-908.5432000000001
Early Churners,,0.11671267807468601,0.3223035951687027,0.6686019556604569,204,-706.4992
High-Value Core,117.0,0.4107164752466205,0.16268614305985546,0.11305857755013475,0,3657.2691999999997
High-Value Core,67.0,0.13134297305456583,0.1650258505850415,0.09248553128990576,1,2035.3732
Casual Regulars,320.0,0.3828428035098003,0.16756250844241616,0.06752316745281918,10,213.25419999999986
High-Value Core,182.0,0.17705640138551498,0.19400430510752395,0.07772747400090216,1,-83.57000000000016
Minimal Engagers,,0.09180492421526593,0.3731145717745649,0.0,39,-2390.7889999999998
Bonus Opportunists,0.0,0.8342229125010538,0.44620676824807537,0.8826671660627806,283,1409.7888000000003
High-Value Core,71.0,0.2229484573260647,0.1253742667371611,0.010265761637878153,0,18190.940000000006
High-Value Core,107.0,0.12365997405892436,0.13761152843334262,0.012556565753253784,1,14279.922799999997
Borderline Opportunists,,0.20443646828241255,0.325113587511052,0.5523955817822579,214,-1497.5432
Casual Regulars,,0.05811925808864984,0.26387761674514215,0.1217306851002,4,-414.59079999999994
Casual Regulars,,0.09053902232540119,0.14442720889080402,0.19415931607779824,2,-332.91859999999997
High-Value Core,100.0,0.14590228165030505,0.1489945322551091,0.12423398521306175,0,2179.6938
High-Value Core,91.0,0.16701582196321696,0.13101347692061166,0.008759243878357715,1,8277.916599999999
Casual Regulars,,0.07025977348044847,0.2639110617585226,0.016541317321505652,0,-349.7256
High-Value Core,327.0,0.15487247520316602,0.1461142002259473,0.07585409381105869,3,1417.65
Early Churners,,0.6061777295283453,0.2875434240419712,0.5580063236246711,214,276.59180000000015
High-Value Core,158.0,0.15947294111447527,0.12372672671904339,0.0757242664911231,1,-2213.5576
High-Value Core,202.0,0.20716996650247488,0.1336004034986454,0.07358337087342738,1,-275.12719999999945
Bonus Opportunists,1.0,0.3184560932623648,0.47635904423945713,0.8769285375218051,278,-9764.3072
Bonus Opportunists,0.0,0.44624048472016875,0.35872496802398546,0.6941599336436205,109,1066.3945999999996
Borderline Opportunists,,0.10975260460854515,0.5796583718614735,0.3091132453252792,2,-2052.665
Casual Regulars,208.0,0.15313012008079768,0.15441301150368367,0.0821054354782685,6,-4174.397199999999
Early Churners,,0.12516478234078446,0.21693812045997535,0.6256569039054458,208,-530.5981999999999
High-Value Core,119.0,0.22056445671331373,0.18823492722246432,0.13887958110134763,1,2154.8856000000005
High-Value Core,116.0,0.15648712967256506,0.18115700172914748,0.08186802784023571,2,-350.2946000000002
Early Churners,,0.03111316889421282,0.3672662292341917,0.8065678199915659,222,-152.70119999999997
Casual Regulars,,0.695859169373554,0.41714744954780253,0.033365039599795594,3,-13.910599999999931
High-Value Core,119.0,0.18530909050600114,0.16185792301721613,0.06175471533169628,1,769.3390000000004
High-Value Core,121.0,0.1619992883923115,0.14640214583914346,0.019274250724188664,0,9603.223599999998
High-Value Core,220.0,0.2613482354194415,0.15157028860140634,0.03685016201636083,5,-7752.137199999999
Casual Regulars,,0.2407439577370932,0.14202280633261588,0.05148901433032644,4,-332.6035999999999
Early Churners,,0.10152640194985098,0.2990352036947531,0.6870225596054046,201,351.6496000000002
High-Value Core,140.0,0.44031752199206925,0.14360748756499556,0.07034222478347726,4,3090.5028
High-Value Core,236.0,0.16421867112646515,0.1260297113488274,0.0707643781412951,0,-745.1207999999997
Early Churners,,0.7066517192813038,0.3771359760374803,0.5240896450049094,203,53.04139999999995
High-Value Core,330.0,0.13543052188834095,0.1814333238173768,0.11535474207738267,0,-10963.254
High-Value Core,160.0,0.2206805505068929,0.13651513182695912,0.09357786677620758,6,1930.6419999999998
Borderline Opportunists,,0.03590850237375917,0.38975702516280003,0.0,27,-465.61400000000003
High-Value Core,113.0,0.15873735605606326,0.15075619613517927,0.07221551347905435,0,-2141.6144
High-Value Core,127.0,0.1931764356743587,0.11888725998743126,0.007627074938065282,0,15983.904199999997
Bonus Opportunists,0.0,0.4027683403994889,0.44138002815929545,0.821874998872326,128,942.3819999999996
High-Value Core,124.0,0.11647837047710528,0.17249874303596163,0.11250580058847402,2,-2184.449
High-Value Core,125.0,0.39401946304938584,0.12467636586743391,0.0703579989336288,5,-2537.8606000000004
Early Churners,,0.0693661010011237,0.3734210051722653,0.5940145211115172,203,-1595.4488000000001
Bonus Opportunists,1.0,0.9806407964414815,0.4895166020895653,0.8963229994837023,157,-6427.9696
Casual Regulars,,0.15805180370825636,0.1809191268108504,0.18019417189880685,10,-1120.705
High-Value Core,118.0,0.191855862831804,0.11975722885194895,0.004968764804988368,0,11415.943800000001
Minimal Engagers,,0.0,0.3483127258439779,0.0,105,-1129.501
High-Value Core,105.0,0.20316736966600993,0.11544077708018127,0.007780344263159,0,16223.5364
High-Value Core,136.0,0.17559372091381648,0.11198297410366113,0.014006722297721869,2,7686.784400000008
High-Value Core,,0.523390351676748,0.17939681841526547,0.09667782160147412,2,410.44640000000027
High-Value Core,158.0,0.21789329472207733,0.16515420467918526,0.11447840752139374,1,635.2891999999993
Early Churners,,0.39454519425930684,0.15106518390523913,0.6301360586817063,202,516.8426
Bonus Opportunists,,0.2877221421124935,0.4387101031522527,0.8639770501865797,238,-957.8079999999998
High-Value Core,86.0,0.1283979588677106,0.1691504239256573,0.07418975567840276,0,3152.7014000000004
High-Value Core,82.0,0.19851144469505383,0.12986044968246455,0.02354636645743223,0,17957.2808
Bonus Opportunists,9.0,0.9752674440336333,0.7858211857471852,0.7336797323276348,310,-5081.6972000000005
High-Value Core,108.0,0.20828036992109916,0.09224686308914266,0.007678050624839974,0,21407.3308
High-Value Core,,0.18495083743291038,0.1743512680829594,0.05630544326633286,0,426.8970000000004
High-Value Core,70.0,0.16570156397963362,0.15795888396623015,0.005189981047652156,0,24403.867799999993
Casual Regulars,,0.6059976484527634,0.19926437474604544,0.12263692401919142,0,-852.3686
High-Value Core,98.0,0.16771046658686872,0.1526614071910692,0.06155840017403359,0,1713.0743999999995
Early Churners,,0.09609944147644488,0.24782588789272483,0.6866786928467357,207,-1738.784
High-Value Core,308.0,0.17317002077252688,0.1466127400226876,0.07148860004270252,2,1370.7253999999998
Casual Regulars,,0.3445579217055488,0.20570725240041726,0.15494733610914857,19,-2133.4944
High-Value Core,82.0,0.33602065000482034,0.10597068430757528,0.00471144783689224,0,22263.8102
Bonus Opportunists,0.0,0.9338566578576735,0.47527910961593506,0.7372648803906535,146,1104.9524000000006
High-Value Core,110.0,0.20096862021636516,0.13130365197962066,0.012418218500043836,0,14219.954400000002
Bonus Opportunists,14.0,0.1925518036013005,0.6344657315929079,0.5606771199749887,307,1794.8844000000008
Early Churners,,0.1460436544653399,0.20211238361740314,0.3621740534034781,212,110.85159999999985
High-Value Core,,0.18928036786075977,0.1430556959641824,0.05657130000484724,0,494.32379999999966
Minimal Engagers,,0.3680111051129791,0.28115435215951123,0.0,2,-474.3742
High-Value Core,,0.08478643227943485,0.1307785577746379,0.07823256181588435,2,659.2569999999996
High-Value Core,85.0,0.16872592318741456,0.11869534761193637,0.02124163578179936,0,22263.8692
Early Churners,,0.12795485660267603,0.20366355925447216,0.5515170759490838,217,-716.0531999999998
Early Churners,,0.09708128816496601,0.25050767000968704,0.7092271492756982,212,-909.3474
Casual Regulars,,0.16075830363684238,0.23320345966673098,0.03553204316133135,3,-569.8587999999999
High-Value Core,340.0,0.18056993259771326,0.15165479506405447,0.016148357174800954,11,722.7334000000001
High-Value Core,178.0,0.17436470962167747,0.17135811967567857,0.09008879350045083,0,-7126.6174
Early Churners,,0.11144118712390669,0.35266402123353285,0.49137998595611293,201,190.63659999999982
Casual Regulars,,0.11447524557998082,0.2765854129820385,0.06770730248107337,7,-434.0866
High-Value Core,,0.17909002922182385,0.15815496160361217,0.08557646997724483,2,-451.1265999999996
Early Churners,88.0,0.08413574548280942,0.34819171077436706,0.5363419890877832,221,-4840.3496000000005
High-Value Core,200.0,0.21641218541433274,0.15755793505069596,0.10169540596254643,2,3285.6464000000005
High-Value Core,115.0,0.13788968345537422,0.20794005201748783,0.08462751840132209,1,-398.1280000000006
High-Value Core,174.0,0.14589525526111954,0.16384117482904043,0.11234735721017458,0,-2002.7105999999999
High-Value Core,185.0,0.16967715954770846,0.20192286449188945,0.07604431062349858,0,-7061.994
Borderline Opportunists,,0.1674737027416771,0.26364579063242627,0.6354895888215282,206,-1885.3094
Borderline Opportunists,,0.0,0.38707771464303037,0.14372923431246695,34,-860.9792
High-Value Core,77.0,0.13097122736516237,0.16968826355665617,0.13130123255781642,1,1041.1564000000008
Early Churners,123.0,0.12615448910365284,0.26176873113944776,0.519140355884006,208,-4891.6074
High-Value Core,118.0,0.1419836720291083,0.1910720351905346,0.1114971007884022,3,-2150.8992
Early Churners,,0.6025979458309705,0.20351343126644336,0.6347862395495525,212,-290.9916000000002
High-Value Core,229.0,0.49413895852533285,0.17080630395232976,0.12702370406009858,1,2270.2806
High-Value Core,158.0,0.3824288787639178,0.10918163605525225,0.010651715120104311,0,1888.0570000000025
Casual Regulars,,0.48023161174658047,0.21430954659399162,0.06990715877931376,5,147.25560000000007
Casual Regulars,,0.7001726730428514,0.3263317185882784,0.18325554988010542,49,-1782.2161999999998
Early Churners,,0.009990073945448158,0.3532011739668624,0.45449044220938856,216,-43.94879999999989
Minimal Engagers,,0.2068492451294557,0.24841956560352438,0.02348012289358533,5,-367.029
High-Value Core,52.0,0.13963937165188778,0.15877796124224858,0.0032062391743316095,0,19788.2312
High-Value Core,,0.13288117086375245,0.14082197001235236,0.11388428265630672,1,97.67339999999967
Early Churners,,0.6417946796780755,0.3103330307078768,0.46245638291535357,226,-112.88680000000011
Casual Regulars,,0.13510402392316936,0.17861768005052503,0.03403061454570194,0,67.25619999999992
High-Value Core,142.0,0.19408277971529111,0.1395836542842194,0.10094993831425006,4,1928.5998
Bonus Opportunists,1.0,0.20359090109294536,0.6193173308890487,0.8018188966666804,200,-4136.0748
High-Value Core,203.0,0.20719376132708603,0.170382382524694,0.04128157378835568,3,1520.3784
Bonus Opportunists,0.0,0.30498843063359615,0.4508990500257741,0.7636598839143859,216,-643.1702000000005
High-Value Core,,0.13094085741220646,0.1612679989084024,0.0858696589422096,1,17.407200000000557
Casual Regulars,,0.10360557616098168,0.22936002831088584,0.1204925206037288,3,-1210.8348
High-Value Core,,0.1374733172301988,0.13246238102823327,0.06596719860768017,0,882.3034000000007
Minimal Engagers,,0.5836300912530603,0.5139879843259904,0.0,184,-682.028
Casual Regulars,,0.1691230622840414,0.16741024227311552,0.12829822845458327,10,-97.39620000000014
Borderline Opportunists,,0.03844137584907736,0.4572840818322887,0.3794997662459093,207,-367.2768
High-Value Core,156.0,0.1671797564172612,0.15267044431171456,0.008506170673653828,0,12546.283000000001
High-Value Core,143.0,0.15090610743607308,0.13054028473736357,0.016493093237516753,0,465.78520000000026
High-Value Core,135.0,0.4126003786639551,0.13029606397439514,0.003079570377859336,0,4454.995600000002
Casual Regulars,,0.15382075359322775,0.17070977167916676,0.13272981000594306,0,63.70039999999972
High-Value Core,119.0,0.1520255573169067,0.15778240933064822,0.07689946439293259,3,-2378.6911999999993
High-Value Core,131.0,0.21690349133353146,0.12380687918589697,0.011322650273450497,1,9048.156000000003
Casual Regulars,,0.07937236307906365,0.1946585208107826,0.051694881533499076,31,-288.3675999999999
Casual Regulars,304.0,0.1828464621594894,0.12711713460262322,0.10973854490435939,3,1147.7724000000003
High-Value Core,70.0,0.1726204891248822,0.11689309347893631,0.014842957874652866,0,14870.8312
High-Value Core,162.0,0.15921930726728475,0.16040537906393001,0.04663180665611985,3,-1331.6513999999993
Early Churners,,0.7230530097002279,0.47015955770138895,0.5827066591403155,210,-593.0658
Bonus Opportunists,0.0,0.3739766384744444,0.436739555572415,0.8287794610447012,152,2175.521199999999
Bonus Opportunists,52.0,0.460380994370983,0.338783703896389,0.7196935777515099,140,-10916.586
Bonus Opportunists,2.0,0.9284455610939544,0.6078364448043457,0.6419126464973576,117,-243.27320000000054
Bonus Opportunists,,0.3260034131526631,0.4688977029526148,0.8412427730628738,308,76.03679999999986
Minimal Engagers,,0.06581074359612037,0.7395515574083562,0.10762593605791816,3,-2368.3904
High-Value Core,124.0,0.15850521344430957,0.10190500660194386,0.020071222257094144,1,11528.137000000002
Casual Regulars,,0.04290382656963807,0.2417468243081589,0.061212198859098,4,-1620.8442
Early Churners,,0.46393530586145626,0.19206135713536407,0.5977329193269407,211,517.0841999999998
High-Value Core,133.0,0.11682342540160608,0.1775443818774567,0.08031024391154296,0,-699.2497999999996
Early Churners,,0.6451570359928978,0.4550661146035111,0.7359151585181781,244,-269.40700000000004
High-Value Core,,0.17710901187442377,0.19381622246961713,0.09993849714753236,0,466.2177999999999
High-Value Core,131.0,0.11318123029668899,0.17185648547109386,0.15863640848316854,0,-3154.6194
Casual Regulars,,0.13574573597365933,0.15716115013480897,0.08249594188791656,0,161.0103999999999
Casual Regulars,287.0,0.4447538182392721,0.20182502788087714,0.1272054831132325,7,-1432.8982
Casual Regulars,,0.062252556481873715,0.3766348289070443,0.12240144361814084,11,-1308.1298000000002
High-Value Core,337.0,0.3727395192858576,0.12367993808668303,0.03645625747641738,0,1150.9610000000002
Bonus Opportunists,4.0,0.9656284159588578,0.48339896092376355,0.6399085140021581,137,1581.2344000000003
Bonus Opportunists,5.0,0.504549344558482,0.4079423921436117,0.5559078562559382,235,-1090.2014
Minimal Engagers,,0.03231532726875646,0.3398973756696095,0.06093879123303187,14,-135.52280000000007
Casual Regulars,139.0,0.09699748993286444,0.15074475059616804,0.13164776548691096,2,-374.71820000000025
High-Value Core,229.0,0.12838553365171781,0.14253498355537533,0.09254493826295826,1,1386.8388
Casual Regulars,,0.2038804521853866,0.1489551935643531,0.08163844268399457,0,-528.2521999999999
Casual Regulars,,0.1569325327599497,0.207797650389455,0.02209866526025397,13,-607.02
Casual Regulars,,0.43635008743862236,0.174601612490173,0.07759176715960774,17,-1586.0316
Early Churners,,0.1821307756432251,0.25211537030907627,0.47512171194976116,203,656.9744000000001
Early Churners,,0.08002167292565814,0.2922173137102028,0.6194470912816297,281,-943.0896
High-Value Core,67.0,0.20146835510158687,0.10603742629035465,0.013474460457945946,0,16696.638199999998
High-Value Core,202.0,0.18479254164105083,0.13670545828084976,0.08341850118761243,1,-7015.526600000001
Casual Regulars,,0.057780768439228185,0.19563502232181013,0.1612542411290165,19,-594.5598
Casual Regulars,,0.05087092991427935,0.26335269811584117,0.12952030237807133,3,-1530.2928000000002
Early Churners,,0.056718717803997454,0.25944385058164865,0.7514005153427844,240,-2309.7853999999998
High-Value Core,177.0,0.24735785276157365,0.12521755198073856,0.048550842270417574,1,-7595.0678
Early Churners,105.0,0.01401544886351938,0.3875296003491586,0.2887850600088331,214,-4820.6364
Casual Regulars,,0.15619581287840975,0.14974960624512745,0.10186136839668981,2,-1209.7998
High-Value Core,142.0,0.12402064694964285,0.16053645695684965,0.03872397790084736,0,-2902.3894
Casual Regulars,,0.35228811195774157,0.22283017561551177,0.14241255968507313,3,-706.3086000000001
Minimal Engagers,,0.7150709536407359,0.5562522971431707,0.0,6,-526.0644
High-Value Core,92.0,0.14175440515386012,0.12526735570680314,0.0013210814041292377,0,7666.6709999999985
Bonus Opportunists,0.0,0.9883037877536537,0.7308131658966608,0.8962673421460544,145,5936.5563999999995
Bonus Opportunists,5.0,0.4624472617338616,0.337211332315099,0.7644636428636442,208,-3251.1924
Casual Regulars,304.0,0.3286577036963065,0.14427194075986147,0.04622677650355646,3,539.4322
Early Churners,,0.15515284218345798,0.26072708868933864,0.5440084592762563,201,683.7032000000002
High-Value Core,229.0,0.4793891814470451,0.16337507874613064,0.08251345758451768,1,2333.8374000000013
Early Churners,,0.11402541202989379,0.1928482585576416,0.5791461473750916,215,-358.94939999999997
Early Churners,,0.12551971003021292,0.22915192129608059,0.5051674907353338,200,466.85259999999994
Casual Regulars,,0.07953924866910009,0.34763511907446615,0.020151840807753077,4,-1928.3492
Casual Regulars,,0.2273575661087737,0.1691524125468174,0.11489638792642555,8,191.68580000000009
Minimal Engagers,,0.1733456076752778,0.44584487453626986,0.029612716773026966,48,-984.6374000000001
Bonus Opportunists,0.0,0.49482162252560047,0.31446594265184075,0.8718942322416006,208,-713.6024000000007
Casual Regulars,,0.39857049695699065,0.16191595405252626,0.0,25,-721.8546000000001
High-Value Core,151.0,0.16697691598369319,0.10545559469790006,0.019132666101103524,1,7888.254200000001
High-Value Core,298.0,0.18684669815186586,0.14442700239835776,0.11830937735845024,3,1006.3980000000001
Bonus Opportunists,0.0,0.29231785682153333,0.4455137711916168,0.8049057966835126,220,-329.1982000000007
Casual Regulars,185.0,0.21247253819630377,0.17019868443196004,0.06524233947043134,1,-501.7700000000002
Early Churners,38.0,0.10004130525767217,0.22707047172827552,0.591389395876738,209,-1112.2832
High-Value Core,68.0,0.4886824573456748,0.16145791615714042,0.07430310498751205,0,4087.5418
Bonus Opportunists,51.0,0.9912092906279742,0.6981405968525254,0.8061370082733634,114,-11133.5808
Casual Regulars,,0.077963945743155,0.3906770267248881,0.08181862157341875,3,-1901.2642
High-Value Core,104.0,0.13375988099127978,0.15122739319070017,0.10742770548868409,0,-2457.0809999999997
Early Churners,,0.10821391273286504,0.408239558324157,0.6244631696915491,208,-26.444799999999987
Early Churners,139.0,0.042166462962076885,0.33573840076440126,0.6268145851557191,201,-4908.4238000000005
Casual Regulars,,0.09139204048311304,0.18358992181962328,0.15985017908832727,7,-1826.2738
Bonus Opportunists,0.0,0.45393707421438156,0.37764313814653266,0.8393391724489601,281,-2887.3294
High-Value Core,221.0,0.42620077196732165,0.14590162306728227,0.1032931595724109,0,-9727.8936
High-Value Core,269.0,0.4148619322917705,0.14471514299382005,0.06447631099030798,0,-9793.1338
Bonus Opportunists,5.0,0.8637223331882783,0.39064189872939376,0.7925287153265673,134,-5505.3823999999995
Early Churners,,0.15020634856342677,0.21812683612448755,0.6155297926493695,217,-1345.7658000000001
High-Value Core,274.0,0.12065386524748548,0.18502809093540928,0.06584400581624966,0,-9943.649000000001
Bonus Opportunists,13.0,0.9683397885182468,0.48194963657366735,0.8104916883773906,172,-7061.098999999999
High-Value Core,150.0,0.18213942265471922,0.13714809961964386,0.06779258599095633,2,3318.2088000000003
High-Value Core,,0.20423321296918154,0.12333689163008411,0.07059801249472167,1,-328.44879999999966
Early Churners,,0.12647956815985054,0.18177128511506613,0.5623164352522823,204,633.0118
High-Value Core,,0.11827796493805778,0.13606039087288818,0.11681577222647145,2,385.37940000000026
Casual Regulars,,0.1572894006857805,0.1716000022149992,0.09887425042614094,1,293.5562
High-Value Core,199.0,0.22998445348662128,0.15225405000836548,0.029945187033382923,2,-188.7782000000002
Early Churners,,0.09917373751498552,0.2416073349394388,0.5337617574369303,214,650.0386000000001
Casual Regulars,,0.6839433170571458,0.4158024491263795,0.1370225029491257,3,-530.31
Casual Regulars,,0.6312804985986887,0.39247095204099414,0.032024794868305395,1,-822.7009999999999
Casual Regulars,,0.09984669274778127,0.3317138022122869,0.028697144172771246,3,-2052.733
Bonus Opportunists,6.0,0.9611822589324337,0.7790094131647838,0.7065390458276912,239,-5807.7264
High-Value Core,163.0,0.4800199704675442,0.15155428539419455,0.09910530363030032,1,-2763.8738
High-Value Core,150.0,0.21926351392969926,0.10927292808131643,0.0018790375137352204,1,4589.717999999997
High-Value Core,,0.15350422847043604,0.17041067984090083,0.05962804115545479,6,92.67300000000023
High-Value Core,104.0,0.5213843841176886,0.18254251645496714,0.05244621671569392,1,1420.7442000000005
Bonus Opportunists,21.0,0.588058193212145,0.2973485138465381,0.7338111341887987,228,-7996.518599999999
High-Value Core,83.0,0.15468520454067122,0.14170061947853835,0.0023923511195074252,0,20759.893399999997
High-Value Core,75.0,0.18154958592728443,0.11041155610693437,0.006034203146459205,1,18219.4
High-Value Core,83.0,0.387883412751547,0.13151462953995235,0.005335733907801526,0,5478.093600000002
Bonus Opportunists,0.0,0.22051933746154445,0.6020593729384357,0.6945936010769929,235,8103.531999999999
High-Value Core,246.0,0.4718530871112443,0.1629605213427291,0.07757692557117654,1,2412.7604
High-Value Core,80.0,0.1933946339248259,0.11674739288560229,0.015046503162209554,2,15565.3806
Casual Regulars,,0.2057826286956885,0.14703822934406746,0.03761259565926483,5,-1321.7399999999998
Early Churners,,0.06542432449645785,0.3865188927484809,0.4650702325226248,210,-1463.2332000000001
High-Value Core,249.0,0.12030229083325561,0.1681195718328358,0.16779984618032054,0,-8370.2698
High-Value Core,83.0,0.14150234403925468,0.18313197758382632,0.1079760711935352,0,3413.0743999999995
High-Value Core,263.0,0.2829517295357197,0.1524123227433725,0.08369413233279868,2,-2499.5229999999997
Borderline Opportunists,,0.7392797398420223,0.3855727875545235,0.07352004989449125,9,-1014.3281999999999
High-Value Core,137.0,0.1730753787463624,0.1147510659294917,0.002059510744544548,0,2793.6456
Bonus Opportunists,,0.9772724254372689,0.6466207440199795,0.9128920932245456,123,202.8974000000003
High-Value Core,241.0,0.4689307785506663,0.17346840556955762,0.08263657518179217,0,-2200.1716
High-Value Core,234.0,0.1731091362555321,0.14941567086078,0.09221958633732487,0,-7864.319799999999
Borderline Opportunists,,0.054070832581848555,0.24570845595871335,0.9320274901041321,211,-1589.306
Casual Regulars,,0.08015285571225932,0.31263364367164176,0.17148764040413333,11,-465.1006
Minimal Engagers,,0.4461303274350091,0.2687317072505872,0.0,35,-503.8878
High-Value Core,124.0,0.13178251362478519,0.19495329741369327,0.08595210109012734,0,1643.7093999999997
Casual Regulars,,0.06547620107038674,0.3529488026316491,0.08066789711899733,2,-150.51760000000002
High-Value Core,235.0,0.45283749409247015,0.1611976987393062,0.08861259639408076,3,-7789.017199999998
High-Value Core,76.0,0.18430769359134985,0.1245452803644118,0.0030638540919168383,0,23082.328800000003
High-Value Core,142.0,0.5399568202501602,0.24430035593889204,0.11672277721336594,2,-1256.3029999999999
High-Value Core,139.0,0.1771204312711005,0.12387547138766572,0.0012465465023407771,0,3723.2783999999992
High-Value Core,240.0,0.43985609264617004,0.12712469820213976,0.04535113359898667,3,990.8451999999997
Bonus Opportunists,1.0,0.37581345337614497,0.4105578801060498,0.7546882104322159,129,4291.4126
Casual Regulars,,0.33162911733348294,0.21605188592978813,0.01626767577577016,9,-629.7280000000001
Casual Regulars,,0.0637048812287784,0.1483328524613494,0.12414044014788644,16,131.0788
Minimal Engagers,,0.40633229810552196,0.36848082096902,0.0,6,-420.3938
High-Value Core,240.0,0.18315463233913923,0.19872446916628247,0.13011881154498084,0,-9511.2016
High-Value Core,154.0,0.13170186693820984,0.15836107522608558,0.1237678778785441,0,-1640.1269999999995
Casual Regulars,262.0,0.19663313830290677,0.17320305257704446,0.11278741487341168,5,-1160.8310000000004
High-Value Core,159.0,0.3361943244024447,0.1348503852430612,0.012408699285756965,0,3982.7367999999988
High-Value Core,189.0,0.0984626909568822,0.19234082729714308,0.0670118487603697,1,317.7182000000007
Bonus Opportunists,10.0,0.17488646723980825,0.569118221943503,0.7946033838606711,308,-7647.1458
High-Value Core,316.0,0.44893207520391826,0.15246782877956683,0.09401276634157858,1,1543.0820000000003
Casual Regulars,,0.11878932680970347,0.29718357036185944,0.041972232146749604,0,-1401.7532
Bonus Opportunists,,0.9597793259010277,0.7628237754205515,0.879575001248591,179,194.69880000000057
Bonus Opportunists,1.0,0.37985687459501166,0.40902301977725697,0.6651323888887792,135,-1746.7864
High-Value Core,75.0,0.13855934492094157,0.1680720052013246,0.11276697848248646,2,-1708.5238
High-Value Core,292.0,0.16013435106362764,0.13441677865493823,0.07007758720780721,2,1840.7835999999998
High-Value Core,122.0,0.15805352572738637,0.21333113301654077,0.138642114222161,0,-348.9148
High-Value Core,77.0,0.4207196593213308,0.13054033089150738,0.0064276485111336035,0,20758.341800000002
High-Value Core,324.0,0.26628056178758625,0.12271293741088417,0.07613958292218555,4,1168.6184000000003
Minimal Engagers,,0.0,0.4333184853061691,0.1514592428989676,251,-602.655
Bonus Opportunists,0.0,0.4607599442614735,0.4162004265977099,0.8850606784925875,132,-608.4636
Casual Regulars,,0.22393395258849816,0.17527215811426536,0.06874281268362141,21,-142.94740000000007
Casual Regulars,,0.12157433771367379,0.22344318440357014,0.05407598449450304,9,-1143.8714
Early Churners,,0.08672751802880005,0.20508198434281602,0.6616167058338287,213,-1608.8635999999997
High-Value Core,127.0,0.193472439256236,0.10197184655082507,0.010565578718524362,0,7968.440200000001
High-Value Core,,0.12250401034668243,0.14452162454769674,0.11987281363461114,2,301.90340000000015
High-Value Core,70.0,0.11468487639366046,0.16294704347704492,0.0447840311663831,0,7871.482600000001
High-Value Core,156.0,0.12647995510404944,0.18322439281934863,0.11128501886754992,0,2745.1214
High-Value Core,146.0,0.37918445995451794,0.1461256811424092,0.07256483202677513,1,-2670.4296
Bonus Opportunists,3.0,0.9755007604633464,0.6378725691989654,0.7375135078114072,160,-2960.3352
High-Value Core,130.0,0.19649375092658025,0.1200320893264837,0.005685248043148016,1,6169.5790000000015
Bonus Opportunists,,0.11415014775356318,0.46395701257288346,0.9540670141813209,324,-180.53219999999988
Borderline Opportunists,,0.15222660359050216,0.17303732587056966,0.4991862974996233,207,-1079.2206
Bonus Opportunists,3.0,0.975263883033127,0.6133715998166888,0.7350903004884594,311,3087.7290000000003
Casual Regulars,,0.1310817534950995,0.18200132319386866,0.1238251507719058,2,-1087.0274
Bonus Opportunists,3.0,0.23548513184050796,0.5679342262425688,0.8552233520027563,150,-4935.835000000001
Bonus Opportunists,3.0,0.9805958214442109,0.4372500139660106,0.8144409556085324,308,-6217.8982
Minimal Engagers,,0.08064278955578857,0.27606759846973317,0.08218998542311333,14,-2012.3056
Bonus Opportunists,0.0,0.2137464104263309,0.4325316088236488,0.7686605813149775,119,-3393.2599999999998
Bonus Opportunists,0.0,0.30320590228363,0.5561115520277747,0.9469178421772118,307,-170.03759999999966
High-Value Core,133.0,0.21119452679753334,0.18014909581525868,0.049168418028341564,7,1477.2178000000004
High-Value Core,262.0,0.48136765486270966,0.16349890654870117,0.10147396409274047,0,1972.8832000000011
Minimal Engagers,,0.08594390986343446,0.43847519024085424,0.18517992712326173,4,-274.57379999999995
Early Churners,,0.12320442395061204,0.34567844509372225,0.5040899795501023,212,-1021.8992000000001
High-Value Core,,0.16308524158585677,0.13524215802990822,0.04804923382994216,0,-512.1998000000003
High-Value Core,241.0,0.26038215285049265,0.11782276600264502,0.09559229059240407,5,-3958.6473999999994
Casual Regulars,,0.25727555918754974,0.1838965714674737,0.0255292447960554,10,-1633.9198000000001
Early Churners,,0.0913792458158533,0.17847863596107366,0.4513929765386859,230,29.032600000000116
High-Value Core,149.0,0.21446635314294235,0.1763690519024934,0.07570459569487882,1,853.1542000000004
Casual Regulars,,0.19091100515515325,0.18884447198671284,0.07661128004830575,2,-35.24160000000006
Casual Regulars,,0.13052690709947315,0.13036419333009994,0.04346631080180626,1,-1171.5926000000002
Minimal Engagers,,0.3896408711632947,0.3149443384459859,0.0,42,-2098.6826
Borderline Opportunists,,0.07725541750140134,0.34732527855922585,0.039185986009134526,1,-1802.1689999999999
High-Value Core,70.0,0.2358752315978666,0.11592198790054747,0.008146605971379414,1,15697.194800000001
High-Value Core,263.0,0.1488546716308739,0.22568466946886062,0.07558695702895492,7,-748.4235999999996
Early Churners,,0.11088366249825128,0.38198335241502496,0.482534624498765,213,-1266.4558
Early Churners,,0.12862409870234515,0.38411456373871394,0.3354662788907714,206,-1252.6926
Early Churners,,0.12480938437470748,0.4188448210114299,0.4476421979854482,210,68.75419999999997
Casual Regulars,300.0,0.2121052689198908,0.13795469519187156,0.06785715488768408,1,-1550.0368
Minimal Engagers,,0.01031551856330025,0.38914792071416804,0.08532098619665446,3,-798.5466
Bonus Opportunists,6.0,0.9515283091749829,0.6010404035876017,0.8166161865314608,136,1074.684800000001
Casual Regulars,,0.10117838397648822,0.15820444607726042,0.019878116727501106,0,581.1273999999999
Early Churners,,0.14838724409033519,0.25081766128186084,0.5078172688089464,202,121.87959999999998
Bonus Opportunists,16.0,0.32039466484902784,0.5111005790031473,0.6539472891608409,129,-7810.2390000000005
High-Value Core,203.0,0.1643494115670051,0.13547633068643053,0.10336347361419132,0,2628.5586000000003
High-Value Core,148.0,0.21174116353276007,0.12408066593662778,0.016708867195863376,0,6514.190200000001
Bonus Opportunists,3.0,0.214401727146159,0.6004317676608609,0.8870084140799005,219,-8537.943
High-Value Core,127.0,0.1498787715586619,0.12991798854673858,0.047824281807933,0,-328.64260000000013
Early Churners,,0.19417066712575737,0.23410890146689034,0.6072690905280654,206,-1765.8874
Bonus Opportunists,1.0,0.23874732683208794,0.5574906956147405,0.7587118934091933,135,-2135.8146
High-Value Core,337.0,0.1693873863270599,0.18289368634458475,0.052087648152102345,0,1250.5865999999996
High-Value Core,226.0,0.1231563242482388,0.17906707916713344,0.04512527384193627,7,-2289.0866
Early Churners,,0.06435242937863943,0.4078958936984619,0.4573843560538143,211,-965.6632000000001
Early Churners,,0.10839807098229454,0.440888412346542,0.41818650042996885,208,-714.3111999999999
High-Value Core,144.0,0.3904898041862691,0.13204175826595715,0.01686631800992007,1,-714.9778000000006
High-Value Core,107.0,0.485571239249454,0.19050427636839096,0.04476907194238631,2,1474.333
Casual Regulars,,0.13784018541039983,0.24661121769904062,0.03397851665858417,25,-1912.9188
High-Value Core,156.0,0.17292855424994624,0.16557731289060637,0.12576201644830556,0,-6537.6464
High-Value Core,259.0,0.15289394726696726,0.16538233362027147,0.048626823275106604,3,2578.4012000000002
Early Churners,,0.10468726890825353,0.15476862001081587,0.47245461077987455,213,-28.99680000000012
Casual Regulars,,0.1913995272421009,0.15915324977815146,0.08493658440952324,0,-559.5832
High-Value Core,130.0,0.1822244355106679,0.1258867380363298,0.012413027951757704,0,13789.0874
Early Churners,,0.10810540960482042,0.45197793666754543,0.2943494910052767,202,-1566.394
High-Value Core,62.0,0.4163209491836959,0.1523705554866944,0.12120389121622172,2,1520.7685999999999
Minimal Engagers,,0.0,0.6344134634297687,0.0,60,-583.4648
Early Churners,,0.5333415027285335,0.25341018816593397,0.43227263758120954,205,351.0773999999999
Bonus Opportunists,0.0,0.33560417028201,0.4003122351628103,0.7801495085903665,121,3936.687000000001
Bonus Opportunists,41.0,0.976069663706167,0.7325667109799505,0.8561962871351297,152,-10642.3122
High-Value Core,318.0,0.23799637725676573,0.15480765820003148,0.09410164162912354,2,-10837.0236
High-Value Core,115.0,0.2044437928124996,0.1476771976850285,0.08934918821265223,10,-2639.7079999999996
Minimal Engagers,,0.0,0.6465221868790697,0.0271888119522959,115,-982.7606
High-Value Core,277.0,0.4197899342952091,0.13976425858419222,0.12305337806725856,0,1418.9738000000002
Early Churners,,0.1460050073647447,0.2652308107038745,0.6369094465395256,243,-155.92139999999995
Casual Regulars,283.0,0.13387719172800486,0.20045335084509594,0.11743868286915948,4,616.0258000000001
High-Value Core,63.0,0.4710906841583621,0.1630662821156062,0.07432945478802044,0,1135.6757999999995
High-Value Core,171.0,0.19122733929965882,0.11818042748117026,0.012686246921818096,0,-1698.390800000001
Bonus Opportunists,4.0,0.46001229906775104,0.37657180542118435,0.4320292123669313,185,-1731.0433999999987
Bonus Opportunists,4.0,0.3097620387843559,0.4885662901189345,0.8133218181407257,144,-6297.6282
Bonus Opportunists,24.0,0.3274899949856602,0.4732085841570577,0.6076291544953063,178,-8241.8876
Early Churners,,0.6715056416636574,0.41072925009323535,0.7153167423598537,203,342.6652
Minimal Engagers,,0.058743286394166656,0.7407483804013606,0.0,156,-534.6104
Early Churners,,0.463744558014285,0.23179684444556972,0.6283808138775586,211,486.837
Casual Regulars,,0.2907981783620051,0.12658389157568625,0.008536898512777986,4,165.15960000000007
Casual Regulars,,0.590922313376694,0.2720597045778696,0.05844943471189123,0,-746.6963999999998
Minimal Engagers,,0.5496640661037686,0.19374846816891333,0.027757164918473357,27,-2450.417
Bonus Opportunists,1.0,0.226879228940757,0.594206209572196,0.8367885714262137,129,1377.8032000000003
Early Churners,,0.08629158189850093,0.38111252320399647,0.4649305044239684,229,-280.53139999999996
High-Value Core,102.0,0.20616691551218272,0.14794059025841627,0.07138274273628321,0,2036.5822000000007
High-Value Core,144.0,0.11828977907640516,0.14264342937998137,0.1076267241242414,5,-3807.046
High-Value Core,118.0,0.18414086647828704,0.16248990695398388,0.10652220261351232,0,-2178.84
Early Churners,,0.06234855012622456,0.30307746104601196,0.4938077688897056,200,392.457
Early Churners,,0.3321290025330046,0.3030757841898714,0.7153182494334995,284,-1232.2158
Bonus Opportunists,1.0,0.2247114201770378,0.5873782892792505,0.7723725382254796,249,2273.9273999999996
High-Value Core,255.0,0.10016463963970271,0.14457411596137415,0.06699570323865972,0,-8229.171
Casual Regulars,,0.3261785907838372,0.17316819745749562,0.031066735413459532,6,-340.8858
High-Value Core,91.0,0.21877968953026908,0.1250758757944632,0.01223933470287514,0,5006.180999999999
High-Value Core,155.0,0.405985215000894,0.12512024866350932,0.01015499482986379,0,13506.1626
Minimal Engagers,,0.3877024068070229,0.19139631414268288,0.3389071481767222,55,-875.761
Casual Regulars,,0.318292296133433,0.20926005981117154,0.11226571715394514,10,-226.43779999999998
Minimal Engagers,,0.10492381949360427,0.632718400327549,0.2607474186845056,10,-367.1852
High-Value Core,,0.18107284431869988,0.16674923409354195,0.08647705996747197,5,305.43179999999984
Bonus Opportunists,15.0,0.3348804307987743,0.4838559631384509,0.8483188530856368,130,-9500.0412
High-Value Core,177.0,0.167670909326902,0.19887327031392646,0.07466613281193044,5,1035.8141999999998
High-Value Core,280.0,0.2519174477627628,0.14814484101214545,0.10574152974933433,0,-10138.001
Bonus Opportunists,1.0,0.38519238350564217,0.41301739936883136,0.7194328699937096,191,-72.47900000000027
Bonus Opportunists,7.0,0.2766277103386164,0.4526056088446973,0.9726062891874321,269,-1003.8534
Casual Regulars,311.0,0.20335582936041113,0.20619870086543596,0.09225563948568719,3,350.49599999999987
Casual Regulars,,0.471698000857456,0.21277491342422727,0.0,10,-197.71040000000005
Casual Regulars,,0.14272289600896584,0.17794684199156208,0.13839481313682167,11,-427.64879999999994
High-Value Core,177.0,0.15624358182945763,0.1492305830856231,0.0007721620467004544,0,-91.38740000000143
Casual Regulars,,0.6502564289602001,0.4040189242893076,0.03457863166813491,5,-1514.8528
Bonus Opportunists,22.0,0.48455288191527407,0.352986024159344,0.43973442526152245,109,-7121.585799999998
Casual Regulars,324.0,0.46521876762310865,0.16965743443176795,0.10036184012896392,3,-4119.290999999999
Casual Regulars,,0.08909304028775854,0.2635586328281224,0.05654116582584887,12,-867.1098
High-Value Core,178.0,0.15370459550810586,0.18083104544284456,0.07176926185372291,1,233.3221999999996
Casual Regulars,,0.12246926253412031,0.20237766345835626,0.037052236194386766,7,-1742.7399999999998
Casual Regulars,,0.4678510642044632,0.20355388979757008,0.048253837973253055,4,22.437200000000075
High-Value Core,198.0,0.48825063120047946,0.1634321750653161,0.07848348294904219,2,-2706.1495999999997
Casual Regulars,332.0,0.10383764440368888,0.4284144279515005,0.050783349461530514,4,423.2278
High-Value Core,,0.11414109483984229,0.16878971891660915,0.11614980186609439,0,741.3946000000001
Bonus Opportunists,25.0,0.49792929860534235,0.3311068882464803,0.9247443878498665,291,-10382.791000000001
High-Value Core,90.0,0.16027945052989864,0.21556668900862747,0.07847760798090847,0,1987.3487999999998
Casual Regulars,,0.1053240428291045,0.3351521243694749,0.046964938644878176,3,-799.9356
Bonus Opportunists,4.0,0.3482786005162429,0.43099222550658867,0.664285457252576,111,-3679.8686
High-Value Core,123.0,0.5471029270211007,0.21026117625948806,0.10878891939513514,2,-1504.3133999999995
High-Value Core,104.0,0.46073775344900314,0.165383285970064,0.042387762975362495,0,4344.8922
High-Value Core,306.0,0.4613770349360499,0.15584310451685113,0.09707852726095033,2,1559.7375999999995
Bonus Opportunists,0.0,0.9905398488047255,0.626659944780072,0.8411444792146289,157,-916.0537999999979
Casual Regulars,,0.10576622557973263,0.21532419580878995,0.06797110185403961,0,-306.48059999999964
High-Value Core,92.0,0.1399072348630744,0.13919262150554262,0.10221488141471759,4,-1692.0078000000003
Casual Regulars,,0.2519190800840178,0.29222225516713257,0.041922952411783745,1,-120.50359999999989
Bonus Opportunists,9.0,0.5168429435184805,0.315688675989659,0.825032692567721,119,-7745.7146
Casual Regulars,,0.6691673815598279,0.22394711750799567,0.04696965165937482,0,-644.9054
Bonus Opportunists,4.0,0.33074009684853106,0.47766054343841746,0.8443965464268866,306,-3026.591
High-Value Core,121.0,0.17878744117251288,0.11462299042584582,0.12255240684301444,0,3094.9563999999996
High-Value Core,252.0,0.24922032225905405,0.1248545679898339,0.07103918636074885,1,-9177.5674
Casual Regulars,292.0,0.48686062958472753,0.19149606334033162,0.0472192260410251,1,-4215.5642
High-Value Core,144.0,0.4213904316863546,0.13977685027454273,0.003456469795492158,0,2782.277000000002
Casual Regulars,,0.12311216638323448,0.20327936242682504,0.12246966017782114,11,242.09399999999994
Casual Regulars,,0.07010119531977015,0.2743109958237327,0.007757992786206662,7,-1.7265999999998485
Early Churners,113.0,0.11353740312803189,0.3144006137251489,0.5553357950116447,201,1077.9880000000005
Casual Regulars,,0.6447020722926058,0.3000873748354041,0.2020706151793672,0,-2242.3092
Casual Regulars,,0.6516909408603355,0.31835365116088293,0.1434191735928915,4,-1217.6948000000002
High-Value Core,111.0,0.42305764683706404,0.14027966034185974,0.006864625972258084,0,8120.7222
Early Churners,,0.7218712029161604,0.4070157760150797,0.3848888838418823,224,-1271.634
High-Value Core,,0.10555239807707174,0.16909209934674968,0.04797684168482416,0,435.25760000000037
Casual Regulars,,0.09120105642584296,0.3458970163404316,0.08276395203125396,1,-1419.7086
High-Value Core,182.0,0.192502001728242,0.15304570101482828,0.055592739645862435,1,1701.7610000000004
Casual Regulars,,0.23247604565055682,0.3399685894148418,0.1620803226001525,9,-793.2054
Casual Regulars,,0.1287007617838864,0.22354138199224174,0.07716863795658888,0,45.670799999999986
High-Value Core,137.0,0.2252283326877615,0.13170242536121704,0.006900302319106366,0,8767.994000000002
High-Value Core,173.0,0.15642288813811153,0.13219126520811755,0.07064048540260652,0,-3171.8498000000004
Bonus Opportunists,24.0,0.26315615958128646,0.5525284221778359,0.8092461122726116,130,-8869.882
High-Value Core,233.0,0.16457209713005014,0.17531122471273358,0.0469327477982649,0,-9708.9738
High-Value Core,152.0,0.4211534351988938,0.12308334996979103,0.08315593608356593,0,-1575.1503999999995
Casual Regulars,,0.055330398598071734,0.23256891414689615,0.0,72,-967.5201999999999
Casual Regulars,,0.1528115486595306,0.1165236188210814,0.10688186192674065,11,318.30000000000007
Casual Regulars,,0.10169454328696892,0.19821512300687125,0.07794582907882439,0,-1752.4678
Casual Regulars,271.0,0.4337996564005199,0.13098895607742664,0.1072440120784448,0,1206.9876000000002
Early Churners,,0.30813769180268324,0.24337221499990497,0.3712585294558251,200,-157.44280000000015
High-Value Core,156.0,0.11998846212218206,0.15640957373950343,0.06597611467728333,1,1519.0654000000004
Early Churners,,0.034556454752045426,0.4431775317431796,0.6566653197255206,202,-1952.6072
Casual Regulars,288.0,0.11258569860779252,0.20611192218185959,0.08746142989213225,8,1501.6401999999998
High-Value Core,96.0,0.1822706135729702,0.09780544189346883,0.030427517376318023,0,10755.324399999998
High-Value Core,154.0,0.18554995842265554,0.10843979416173852,0.005782261844710756,0,2617.068800000001
Bonus Opportunists,0.0,0.4132989431667328,0.3704350980700962,0.8156636956631182,244,3966.2394000000004
Early Churners,,0.554173311847393,0.21966009037749962,0.8177068082276071,306,-1236.2689999999998
High-Value Core,148.0,0.190502648958388,0.14761997149615322,0.09029420135106768,1,-3500.7125999999994
Casual Regulars,,0.13554223314478295,0.24197531598406113,0.07757953070608128,2,222.2736
High-Value Core,50.0,0.20041049163682906,0.14025902494884088,0.008488931469398596,0,21365.87220000001
Casual Regulars,,0.7402510652843276,0.20259393987417285,0.047384555045478005,2,-906.2755999999999
High-Value Core,165.0,0.1218338372135828,0.20948933297400582,0.08329884549118344,1,-2242.602
Minimal Engagers,,0.14917487299009438,0.23934166516195102,0.0,36,-965.6482
Minimal Engagers,,0.6994272231843531,0.5345817043149012,0.0,179,-1149.6488
Casual Regulars,,0.5246011283099147,0.22799189805740802,0.092395090975131,1,-2041.1109999999999
Borderline Opportunists,,0.5290019970898358,0.2520407646555688,0.5870176652810726,215,-220.30200000000002
High-Value Core,90.0,0.20156150161407538,0.10078209971783647,0.007311628908217992,1,24177.028400000003
Bonus Opportunists,5.0,0.2692440239378405,0.5375658992386589,0.577492669671137,163,-3458.6962000000003
High-Value Core,105.0,0.3965366302716384,0.11473966327909359,0.008791512683700565,1,5148.917400000002
High-Value Core,289.0,0.18200952220501262,0.16564915432262214,0.07455365154258867,8,-905.2793999999999
Casual Regulars,,0.1978705305783358,0.27300855478699776,0.03924981901316806,4,-792.7444
High-Value Core,105.0,0.11857223410662003,0.17104521018246166,0.08889646933438038,0,2491.9554000000003
Minimal Engagers,,0.05728559514671176,0.24395609287898984,0.07409432703868653,31,-925.1742
High-Value Core,72.0,0.16587541382699847,0.1744742522481899,0.06512112474622052,1,4263.584800000001
High-Value Core,136.0,0.23235584617365676,0.15288797415004537,0.09036093112567976,3,1322.8351999999995
Casual Regulars,,0.05469210645699844,0.19918930865938217,0.02792325965398991,1,111.91280000000006
Casual Regulars,305.0,0.5114598417157166,0.1653605557099609,0.08558669618016465,0,-1546.8541999999998
High-Value Core,107.0,0.3788578493515301,0.12488414162759574,0.020149174426448785,0,7356.4998
Casual Regulars,,0.14982024766594607,0.1517159151359434,0.11297545851059995,1,30.068399999999656
Casual Regulars,,0.24383359181428918,0.19950167521318213,0.10125195405423774,4,-1790.7849999999999
High-Value Core,309.0,0.15855288625473568,0.13698889322139435,0.08221901623138017,1,-9042.1076
Bonus Opportunists,5.0,0.20045946131947526,0.5897072831894238,0.7544878573634667,222,1566.0159999999996
High-Value Core,168.0,0.13488804464480877,0.16116975165531103,0.06833677076912933,1,-2544.659
High-Value Core,156.0,0.08644451725859033,0.16169072752737876,0.021584733245527152,3,-3248.803
Bonus Opportunists,3.0,0.3213556894825555,0.4371451879759173,0.8736958441409651,313,-2954.3062
High-Value Core,122.0,0.17647184553012618,0.1647152014818963,0.11736537211959311,0,374.43419999999924
Borderline Opportunists,56.0,0.42051684604069506,0.4687121274961419,0.7386434474612517,308,-9298.7832
High-Value Core,88.0,0.18998532117722106,0.1041410605813658,0.0009157287013025837,0,21754.1488
High-Value Core,143.0,0.18210578890405374,0.16581849594191983,0.1136440744724887,3,-2451.6513999999993
High-Value Core,123.0,0.1513380218050407,0.13336898520246748,0.07400723086762281,0,-1795.3990000000003
High-Value Core,238.0,0.4913630854737779,0.18487751790781032,0.10835030542994668,4,1260.1484
High-Value Core,79.0,0.14688405229437018,0.1819268751005888,0.09342121824792912,0,3589.9851999999996
Bonus Opportunists,0.0,0.981234958566979,0.7346475277501268,0.8452863841446714,227,1663.6386000000011
Bonus Opportunists,0.0,0.41836310368325974,0.4006617193756987,0.8077623287566845,289,2289.6850000000013
Bonus Opportunists,,0.2790865758391645,0.44300885251205047,0.8275502220785543,132,481.80520000000024
Bonus Opportunists,15.0,0.2692824935315308,0.5389511261067549,0.7715602327171842,183,-9555.701799999999
High-Value Core,324.0,0.21556352654990946,0.143674111255093,0.13083890492351605,0,809.9072000000001
Casual Regulars,,0.10850941222179526,0.18765486652619423,0.1605905594854071,2,-349.98580000000004
High-Value Core,159.0,0.19072120065310816,0.1409924336218658,0.05456304983280758,0,-2677.5959999999995
High-Value Core,,0.5334877445296782,0.20543046891222616,0.06435764620711383,0,204.57520000000068
High-Value Core,240.0,0.1333597137491244,0.14509236129547193,0.07217800705941627,3,-9491.962
High-Value Core,132.0,0.1572716100815541,0.1366175395808004,0.0004983997389114083,0,5775.612599999997
Early Churners,,0.2150446150712611,0.22024993008409366,0.6655237466490049,205,4.044599999999946
Early Churners,,0.12183065732726969,0.20570134152778205,0.5424651502873505,224,283.11980000000017
High-Value Core,270.0,0.10783077091202724,0.2447147263121233,0.09828987499125923,1,1615.0251999999996
Bonus Opportunists,6.0,0.5051205186501401,0.3258893553228855,0.8871106979271753,176,-7569.071599999999
Casual Regulars,,0.3407916652503484,0.19068714368492107,0.011585236988222634,11,-158.69039999999995
High-Value Core,329.0,0.1949631414423929,0.13653793762238553,0.11060634848187323,0,1168.46
Minimal Engagers,,0.2819355916136462,0.41250449200206296,0.026906491904305444,7,-892.8158
High-Value Core,117.0,0.1672127521764588,0.11725154090058157,0.00913451121747523,2,6557.1896
High-Value Core,,0.22070934365698294,0.13758551110987002,0.027100585990993634,2,387.0301999999997
High-Value Core,258.0,0.5209896490542503,0.17354007516352,0.09215215660582547,5,-8220.9454
Bonus Opportunists,4.0,0.9808166519125711,0.7989289909713203,0.8384640488675117,292,2019.6490000000003
Early Churners,,0.10598949358628952,0.49167587984949324,0.7118821992004362,233,-1169.7564000000002
Early Churners,,0.506505714454694,0.21104809730283228,0.6219666562291895,212,-237.6812
Early Churners,,0.6508014561991106,0.20442192983283897,0.4829017656916277,201,-482.9552
Casual Regulars,,0.6486766347994916,0.29959058952653117,0.16986053779630267,7,-3.5659999999999172
High-Value Core,56.0,0.1961749516461245,0.12551090404123416,0.0027673976900370804,0,13830.659200000002
Casual Regulars,283.0,0.15558626529399425,0.33995391362866995,0.07627003579102934,18,-1440.9078000000002
Early Churners,,0.515596620596248,0.20850450751722838,0.5676083278364812,205,722.0259999999998
Early Churners,74.0,0.06183339729373135,0.2826479378943216,0.5385820288173745,204,-2946.3726
Early Churners,,0.2094622485453161,0.3469486442783773,0.7048216311417013,201,-1872.953
Borderline Opportunists,,0.2733520627037145,0.1886232771976655,0.07876363328044976,61,-1954.6812
High-Value Core,75.0,0.1938279867534238,0.1138840808825567,0.007440359023401136,1,19024.379000000004
Minimal Engagers,,0.1229750441143763,0.23552697930323682,0.0,45,-968.8962
Bonus Opportunists,10.0,0.3745995886796042,0.43279252619614444,0.7160770705590059,133,199.0047999999997
High-Value Core,189.0,0.12573389036181484,0.1678964110005502,0.06743097312892306,0,-3526.9658
Casual Regulars,,0.2305762893255652,0.16811366498917057,0.016066527645477103,19,-2197.0878
High-Value Core,203.0,0.2496212136367906,0.10695516830285844,0.01448555264858944,1,-3053.2538000000004
High-Value Core,202.0,0.46933308276908275,0.18910366065752895,0.06274210405173011,0,-601.0657999999994
High-Value Core,112.0,0.31260877521676617,0.09752016613303145,0.005496957285811802,0,9170.6
Bonus Opportunists,5.0,0.1639507747144783,0.708299345879331,0.850712134612995,227,-6984.393599999999
Casual Regulars,,0.17777062036840327,0.12939108255749,0.044857267935916816,3,248.53760000000057
High-Value Core,69.0,0.223071997744726,0.12842743189921996,0.006979847330387345,0,22177.445200000002
Minimal Engagers,,0.09576180618102138,0.2412215585701308,0.17607946067294894,232,-380.9776
Bonus Opportunists,3.0,0.35192570871998263,0.42880472554946,0.7539713386569489,308,-2889.7434000000003
High-Value Core,107.0,0.17054344126251275,0.11650657790904675,0.005330192868272614,0,15998.855
Early Churners,,0.5990647245512702,0.2287983428171618,0.39763244718066676,206,21.16459999999995
Early Churners,151.0,0.05295061216318743,0.2850268348818945,0.6811169235782146,204,-3183.3516
High-Value Core,275.0,0.24081711728961805,0.1816580161566836,0.06037511659275351,1,-10086.640599999999
High-Value Core,,0.38004500522429685,0.15505983574572285,0.10864647063498306,0,774.8081999999999
Early Churners,,0.27589860489631,0.24133816219972162,0.49938293548422963,203,-534.4294
Casual Regulars,231.0,0.4770660758958752,0.16402379992626773,0.10935371289931814,1,-2560.179
High-Value Core,125.0,0.19147605951953242,0.1252603199291047,0.0027335194842165018,0,11749.9888
Casual Regulars,,0.19216399341576385,0.21425213761653422,0.015718428205030048,2,-364.06399999999996
Borderline Opportunists,,0.5622921993716595,0.3292210830294458,0.013105744962487693,34,-680.0905999999999
High-Value Core,119.0,0.1563380692100507,0.18683371323138726,0.0,0,5488.7474
High-Value Core,,0.25999721893115096,0.16175031757853056,0.09161194939173783,3,25.04379999999992
Early Churners,113.0,0.0914068364193631,0.2704241504382051,0.42749680394665085,204,536.7474
High-Value Core,121.0,0.46078689093204883,0.1646101538530986,0.09611052542549536,0,-1417.9279999999999
High-Value Core,114.0,0.15976103889259474,0.15996165893211978,0.059332473808908034,1,3605.7030000000013
High-Value Core,138.0,0.5106068912002693,0.1714429134163532,0.12396958980246801,0,-2609.6181999999994
High-Value Core,132.0,0.142109813844677,0.12863625636366105,0.013895842843502032,0,1504.1803999999975
High-Value Core,155.0,0.516942587828223,0.15793540495126462,0.09704648766152281,1,1650.6868000000004
Casual Regulars,,0.41411683376633296,0.11466828942269192,0.05699014703438457,1,881.3716000000004
Bonus Opportunists,6.0,0.37073328655464993,0.41238581239290073,0.6112373091128801,141,-5119.043399999999
High-Value Core,236.0,0.4419597689695907,0.18475660504077782,0.042164698953688795,0,-3929.3074
Casual Regulars,264.0,0.5225794187500896,0.2191866458280843,0.14773886272428127,3,726.7632000000001
Early Churners,,0.16544216104176848,0.1955082431158579,0.4717328056972686,203,-453.9302
High-Value Core,131.0,0.17946107113787632,0.1835348058114809,0.09086611265989111,0,3151.8841999999995
Bonus Opportunists,0.0,0.25384977812902654,0.5488071848546493,0.8814306984612735,307,4094.4836000000014
Casual Regulars,,0.48211717277676996,0.2233106857538521,0.06704767020863547,5,-1065.2073999999998
Bonus Opportunists,2.0,0.4132827434858104,0.36671458471765483,0.7183269989951316,136,642.5014000000001
Bonus Opportunists,,0.5341153384719972,0.3119767919254992,0.8061293667810912,310,-88.94560000000001
Casual Regulars,,0.09449142889998878,0.2913581187302829,0.07993743894577356,3,-198.22659999999996
Casual Regulars,,0.02997538273379596,0.1452775443853635,0.1225157752173979,5,230.06780000000003
High-Value Core,271.0,0.18286993969753154,0.12714271423346546,0.08287135868861034,0,-10301.170999999998
High-Value Core,215.0,0.1633850824249083,0.12197147551133637,0.07099975754509134,0,-7701.9184
High-Value Core,126.0,0.19352404278491958,0.11324353816177901,0.014984888901312514,0,10069.903000000004
Casual Regulars,,0.059932872326497584,0.1974740429727169,0.0660260319269521,0,-28.670799999999986
High-Value Core,102.0,0.5735211217314616,0.23378009213697476,0.02362348598388652,2,31.743199999999433
Early Churners,,0.09984588688534982,0.2530166850181876,0.5649901605854539,208,369.4742000000001
Casual Regulars,,0.21524027749757388,0.13362190794377923,0.06268435166382208,18,-328.37239999999997
High-Value Core,123.0,0.2005722968757787,0.16766453503011425,0.07575423598770901,3,-2038.7512000000006
Early Churners,,0.06775452673201264,0.32584725319650254,0.4279656269910637,205,-989.5036
Early Churners,,0.42095364269235536,0.15411944463842192,0.4843419156894597,207,-2135.9394
Bonus Opportunists,15.0,0.17597282493191416,0.592803208842543,0.830053507147215,132,-9152.2418
Bonus Opportunists,13.0,0.9796408272949745,0.46686219775540905,0.6532245222151708,249,-8359.3142
Minimal Engagers,,0.0983510496492223,0.3736130572282588,0.03754421623865407,0,-652.8792
Minimal Engagers,,0.3682233652459419,0.27306190683091164,0.022037727454048913,13,-891.4304
Early Churners,,0.10448411633620501,0.23078632178950512,0.7557992887550603,213,-364.33219999999994
Minimal Engagers,,0.0,0.9007416689290952,0.947628009025963,314,-1710.3032
Bonus Opportunists,0.0,0.2228209512777257,0.5550965957033196,0.8929058379767028,138,4791.6716
High-Value Core,127.0,0.1869181773170821,0.12167527725855344,0.0,1,8756.005999999998
Casual Regulars,311.0,0.1005360127918226,0.14589387158622072,0.09736030547494867,1,1160.8138
Casual Regulars,,0.39010379810826,0.209180979487632,0.10811730049451546,22,-813.0758000000001
Casual Regulars,,0.14174384139823826,0.1711148111245145,0.04177825210246078,7,-98.44299999999998
Bonus Opportunists,2.0,0.5008680146516004,0.3724144592903718,0.7537551401546211,306,493.23199999999997
High-Value Core,100.0,0.5490276150772605,0.22207116825793025,0.07015691763027619,0,-444.4440000000004
High-Value Core,150.0,0.23518372340710067,0.1170138375211874,0.0855919383176312,2,882.8004000000005
High-Value Core,169.0,0.2742246817138759,0.12924361280273314,0.12711774641014478,0,-3822.815
Early Churners,,0.17668894071301655,0.39326401365296965,0.37010382900466476,210,-1881.5726
High-Value Core,206.0,0.11977258809201063,0.183477182270397,0.06258148640001099,0,-293.3799999999992
Bonus Opportunists,1.0,0.29059043651569405,0.4955626833554438,0.9386648284142175,149,-392.2601999999997
Casual Regulars,,0.06514285774231186,0.16503536340118236,0.04424534138440996,3,62.59780000000012
Bonus Opportunists,,0.4830220260298958,0.3379844665532448,0.5859638201401236,311,76.1998000000001
High-Value Core,180.0,0.4537926128050214,0.14505612139383067,0.13388479363334083,2,-2098.5688000000005
High-Value Core,141.0,0.21166956528209857,0.1482059669183561,0.06941131118414763,2,3009.0121999999997
High-Value Core,249.0,0.13793428191176738,0.1422730553066443,0.07885235736414477,6,-2571.8704
High-Value Core,101.0,0.14234218799217957,0.1521593578513784,0.10933683307857116,0,-1617.388
Casual Regulars,,0.10658659859501679,0.280949119393825,0.057524795764941385,6,-251.89620000000002
Casual Regulars,,0.11996507928559971,0.203440644334272,0.0532420350449676,0,-168.62279999999998
Minimal Engagers,,0.04189090109245546,0.31853822274471827,0.020809810103380014,3,-1981.776
High-Value Core,143.0,0.17948544958687912,0.13590691352674486,0.10142896736252355,6,558.9242000000004
Early Churners,,0.1556438386058304,0.18098150922810607,0.49171014711900646,209,198.35980000000006
Casual Regulars,,0.23468702045073872,0.2841716799430174,0.0,62,-1421.1286
High-Value Core,134.0,0.18943771007459115,0.11783010497629383,0.08564553123342954,2,-2902.7188
Early Churners,159.0,0.07681392944285101,0.2832340779658697,0.5559272065264645,202,-4974.4176
High-Value Core,117.0,0.36563880094935614,0.11462030481717372,0.13242070342799372,0,3343.2454000000002
High-Value Core,274.0,0.13091083694388148,0.20180169946638704,0.06908330998366081,3,-10154.2616
Casual Regulars,,0.1646198715934891,0.16183730449521982,0.037709664800503924,10,128.34820000000002
High-Value Core,170.0,0.13325613307917672,0.12514109052483943,0.0837562708786905,2,2497.3988
High-Value Core,183.0,0.5589587056329988,0.1672544040395182,0.0839970930550482,1,457.4480000000003
Casual Regulars,,0.08853941211533874,0.17680457724464121,0.07781496883489579,4,-327.9506
High-Value Core,79.0,0.17374774148564856,0.1339220373892324,0.014957995647033777,0,12024.193
High-Value Core,269.0,0.20821126258718087,0.18138597682020796,0.08057180144064445,0,-8159.351599999999
High-Value Core,,0.1878827557430045,0.11974922769220382,0.03759279875619027,0,220.04860000000008
High-Value Core,100.0,0.4288536693987518,0.14978058814457001,0.004915007551779373,0,19869.347999999998
High-Value Core,155.0,0.18855017737404714,0.1192451481572327,0.018658597642850983,1,-3447.6378000000004
Casual Regulars,,0.6479608819035145,0.27320292123290674,0.008837895655970311,3,-1627.375
Early Churners,,0.0598314695588346,0.19924824845402558,0.4380297251400694,221,-1866.5064
High-Value Core,105.0,0.11566303344365268,0.17082237573806405,0.0824511998382322,0,-7.539000000000215
Early Churners,,0.09216774424322846,0.2574519355217363,0.38750004678747424,207,128.9613999999999
Early Churners,,0.12772848031972317,0.19215589980481643,0.622732217137062,205,-2260.4062
Borderline Opportunists,,0.0,0.3841352077147767,0.020037755079147852,20,-725.5868
Early Churners,100.0,0.12692806247156874,0.28261989757617934,0.4695262045580595,204,-2847.0874
Casual Regulars,344.0,0.153585420159339,0.2794086857802655,0.03608742955616886,14,457.0036
High-Value Core,240.0,0.17923142606092596,0.11183975636831987,0.09971890177220688,1,-9844.582999999999
Early Churners,,0.04544380751903472,0.4373218680666978,0.4522171729763091,220,246.1196
High-Value Core,87.0,0.1608775751578148,0.17611481955093558,0.07066828247665716,0,481.6206000000002
Bonus Opportunists,36.0,0.38333165727848245,0.43093903506425674,0.7076271563611788,106,-9769.2114
Bonus Opportunists,24.0,0.9894560231762028,0.8122325973496383,0.7883565198548711,161,-9515.884999999998
Bonus Opportunists,37.0,0.15601191086646804,0.6535105842233045,0.6901135836733471,197,-10282.1658
Early Churners,71.0,0.14798212956680346,0.2150926354473603,0.49466816381257817,203,-4152.8284
Minimal Engagers,,0.8524450853655395,0.7484350763966449,0.0,50,-1176.7002
High-Value Core,105.0,0.20028082535984384,0.15535273920934795,0.016588558478018173,0,7571.8351999999995
Early Churners,,0.10380932322686219,0.16723568120519164,0.5445520663477816,215,781.6890000000001
Casual Regulars,260.0,0.11753257005812061,0.20719310927366277,0.04862240660019919,1,-2589.7333999999996
Bonus Opportunists,11.0,0.91206840865345,0.6292146244488996,0.6585378222492406,142,-2625.4921999999997
Bonus Opportunists,4.0,0.4536909250270729,0.2711409699417343,0.7457420633629089,144,-2863.2781999999993
Early Churners,,0.21308845131998946,0.2414818843891598,0.4576780244136799,204,-668.6093999999999
Casual Regulars,,0.07622601656473679,0.24960219755228308,0.0431620839497971,3,-725.8627999999999
Bonus Opportunists,1.0,0.3254859165318231,0.4470113222987954,0.8169117890304305,178,288.3666000000003
Bonus Opportunists,0.0,0.3637243297313138,0.4254950020220053,0.7197233211760453,182,6724.6916
Bonus Opportunists,1.0,0.30986672058621134,0.4284254399183658,0.739174449138376,123,5268.6116
High-Value Core,62.0,0.3276760409484578,0.09427971947624131,0.007123435256051601,0,23227.4284
Minimal Engagers,,0.0,0.5727969257009801,0.38412185272634997,17,-663.7464
Minimal Engagers,,0.5894238364656302,0.28878753674606006,0.07889418623767497,2,-1100.2436
Bonus Opportunists,0.0,0.545272335418234,0.40219352769400085,0.9223100310111353,229,-2957.756799999999
High-Value Core,102.0,0.1809809658326607,0.13332543385103138,0.06540397161689535,0,-1342.2399999999989
High-Value Core,142.0,0.16474446952355443,0.09779878201790808,0.03739669752647219,0,14807.6034
Bonus Opportunists,36.0,0.9173643106718852,0.5086113086041019,0.6154448358524955,217,-9753.773399999998
Early Churners,,0.05699564674595565,0.44383779802152645,0.610240529537845,221,587.5714
High-Value Core,115.0,0.17834406234007663,0.17566361124300453,0.13803775039426003,0,-48.82560000000012
Bonus Opportunists,1.0,0.9946128594546965,0.6809637456502327,0.8407181189164157,109,-7026.9298
Casual Regulars,,0.13749280248818552,0.22274645862744247,0.0750143194592005,0,-1538.313
High-Value Core,151.0,0.5195343402190452,0.2184820454261696,0.12466077319261368,0,2151.4382
High-Value Core,308.0,0.1781468996271822,0.1214558039236576,0.052846721334506505,3,-10719.318599999999
Casual Regulars,,0.13553397788756918,0.3098789942753493,0.0795892315219006,1,-565.9493999999999
High-Value Core,344.0,0.2549907247433387,0.12844994247445327,0.08746860394279551,2,1004.2240000000002
Bonus Opportunists,53.0,0.9339281026691517,0.5354345001292075,0.7059238373935678,242,-9272.0508
Borderline Opportunists,,0.08801829469297513,0.20041113821390297,0.03150360849479693,15,-1939.1156
Bonus Opportunists,1.0,0.188361685445927,0.5314727935384621,0.849860698727601,279,1752.581400000001
High-Value Core,121.0,0.3696191524016039,0.1026723537735312,0.010028702227446147,1,7384.108799999998
High-Value Core,258.0,0.37933076768126545,0.15014806719403437,0.04880930419939994,0,-2241.925
Borderline Opportunists,,0.25883701766820333,0.2558657756058348,0.447502087511501,262,-908.5046
Minimal Engagers,,0.5263314809486336,0.3030462621664114,0.050996046782247145,8,-353.85159999999996
Casual Regulars,,0.04860920143181655,0.25714157252785697,0.054678707852575587,16,-153.81040000000002
Early Churners,,0.6853291966615767,0.4503491432399235,0.47313021628652924,209,-1181.145
High-Value Core,168.0,0.13458163130660553,0.14810022978524656,0.06131792748315587,1,2969.4977999999996
High-Value Core,122.0,0.10463489010403408,0.15642195424538485,0.15294642062275007,1,-1409.8919999999998
Casual Regulars,,0.43447096649911593,0.1864175562742683,0.02823132277965426,0,-1219.9184
Casual Regulars,,0.11364293549111434,0.2677647158920443,0.11841006347016547,15,-852.3876
Minimal Engagers,,0.08586476191114344,0.8430159908538277,0.7325290386992808,88,-1740.3038
Bonus Opportunists,15.0,0.9083405818525575,0.6284546428257786,0.9342319501161018,273,-10091.8046
Casual Regulars,,0.5173465745692172,0.21837551955422482,0.11270595745550661,3,-1964.007
High-Value Core,112.0,0.22454694121999969,0.15527845452264774,0.04467778358999222,1,-602.6710000000003
High-Value Core,86.0,0.19990435925478398,0.12624446136323242,0.057417101285452375,0,-1134.7948000000006
High-Value Core,,0.14560261047138442,0.14032415402360532,0.07719070372547693,0,255.69880000000057
High-Value Core,142.0,0.13769375482278237,0.1636116022585221,0.1043294944782366,0,-386.85260000000017
Early Churners,,0.22068146036889383,0.312287820462572,0.5820385692477026,206,-2097.579
Casual Regulars,,0.5463060163397504,0.2826996010974721,0.06251815350850398,0,-2066.3566
Casual Regulars,,0.18944279603013442,0.2841169868565564,0.0273956240149594,7,-410.79459999999995
High-Value Core,104.0,0.1966759352406314,0.16173071200289357,0.07137771196564655,0,4430.0848
High-Value Core,342.0,0.18226808533900438,0.1377785764482966,0.07892387382176978,0,986.6226000000001
Bonus Opportunists,17.0,0.9978925867014188,0.5654818373538391,0.8393007163971868,294,-8329.7742
Minimal Engagers,,0.06649060510263147,0.30180258977572216,0.042448183356338216,6,-912.5247999999999
High-Value Core,158.0,0.15214849161027338,0.1578004645573441,0.04716868395838133,2,107.52240000000074
High-Value Core,94.0,0.18983614319992362,0.11491646862177655,0.008569020926627875,1,11500.028800000002
High-Value Core,261.0,0.46633241861406904,0.1797761614473527,0.05957102930913927,1,-10219.421
High-Value Core,323.0,0.15786802404017233,0.15321457253202922,0.08685909313086046,3,-10830.0408
Casual Regulars,258.0,0.2852967478140337,0.18726783457394644,0.062461928938873416,2,-2512.4564
Early Churners,131.0,0.037623595885379224,0.2247375776487289,0.5018358866753034,212,232.00559999999996
Early Churners,62.0,0.1391678185491568,0.3495384786231133,0.48735189708847315,202,838.9676000000002
Casual Regulars,208.0,0.21264644703275837,0.14857205378939975,0.07700881089031211,2,719.5336
Early Churners,,0.04515072231738016,0.3376517944971194,0.5483405977095389,212,-169.02720000000022
High-Value Core,141.0,0.16974986609111695,0.10971197390602655,0.0015638297184628696,2,-1079.9857999999986
Casual Regulars,,0.04372286531315693,0.2799767589669552,0.09355902806364678,5,-53.420999999999935
High-Value Core,195.0,0.11727065831409923,0.1939554029681314,0.04763479779582263,7,-4028.5958
Casual Regulars,,0.1533062539381032,0.16849420554549477,0.053761699935623804,6,-426.7697999999999
High-Value Core,198.0,0.16884796477896502,0.1603769760333623,0.10624148226570795,7,-1715.7235999999998
Casual Regulars,,0.05724961989442857,0.32541613362919547,0.05366034514245983,9,-136.41680000000002
High-Value Core,153.0,0.16049505216527524,0.13743604227900075,0.006651150290639294,0,17929.020400000005
High-Value Core,98.0,0.2267304204017049,0.12940730885989668,0.0017666852133021579,0,24326.7142
High-Value Core,148.0,0.19093523319983768,0.15605639313841663,0.09286840682914291,0,195.31920000000036
Casual Regulars,,0.08653736820094166,0.1834454556541345,0.03983394266206955,2,-554.6951999999999
Casual Regulars,,0.1545557222663482,0.18967562514698277,0.22656201100734052,1,-317.14059999999984
Early Churners,,0.04991562996428348,0.28191326319202675,0.5542281012570042,211,-1553.1114
Early Churners,,0.06833856642801601,0.28311059158148505,0.562938389390674,202,-456.6539999999999
Casual Regulars,,0.20154688282120425,0.25791826191398926,0.1270665023260654,2,-142.62099999999998
Casual Regulars,,0.5012310212588778,0.17857017019751484,0.1421107240711203,6,-177.27020000000005
Early Churners,,0.13242122824610694,0.2842753732761643,0.6601016060011986,203,-139.66499999999996
High-Value Core,149.0,0.12503730461197327,0.17894857630839248,0.06381888741797882,5,1.7013999999999214
Early Churners,,0.6363029731426724,0.40296045502483546,0.49350498440585955,210,-110.33339999999998
High-Value Core,87.0,0.13717811232530575,0.10223724525049764,0.0,0,7666.308400000002
Casual Regulars,,0.4891762255405287,0.216198767285508,0.09439473504072912,18,-190.95600000000007
High-Value Core,79.0,0.13320591178633134,0.17122310597206758,0.004953451394286641,0,13414.954200000004
High-Value Core,76.0,0.13822452444253272,0.17355776901193112,0.06839818242553757,0,1870.6599999999999
Bonus Opportunists,20.0,0.35459239340822135,0.41290171634611567,0.8130027352114271,145,-9873.095000000001
High-Value Core,114.0,0.3555759437832741,0.1021940923099293,0.016759796601871425,0,22624.5782
Casual Regulars,,0.2349829991751079,0.15989075770634015,0.03447682076881837,1,-86.04919999999981
High-Value Core,277.0,0.4492700764040184,0.1349851904699144,0.11683071318465875,1,-2545.8672
Bonus Opportunists,49.0,0.3035224382247404,0.45540922115101046,0.6570669114708279,120,-10573.0464
High-Value Core,65.0,0.17082131062495953,0.11972447551031354,0.002465626824224439,0,17437.1172
High-Value Core,116.0,0.12474141751008652,0.23596177001909227,0.17801715477669489,0,489.27820000000065
Casual Regulars,,0.1922409538757492,0.3961162189691758,0.0667384021690958,6,16.71300000000008
High-Value Core,188.0,0.1548372244977125,0.14103832437380914,0.06198535919446763,0,-2767.2871999999998
Bonus Opportunists,0.0,0.42367706530822213,0.35461978562763985,0.7670526840155514,110,4506.1476
High-Value Core,346.0,0.1994506181788693,0.15242687093979487,0.03463324115765713,0,814.2109999999998
Casual Regulars,,0.15434240140546007,0.18977271957146438,0.07538003125584417,0,-301.0985999999999
Bonus Opportunists,0.0,0.16227222632796212,0.6572993944783136,0.9215804615694239,246,-2963.986600000002
Casual Regulars,,0.2508587023810498,0.15499201737023235,0.07535173049494528,12,-113.30079999999998
Early Churners,,0.12365469431544096,0.37805244333347093,0.416383727273486,206,-172.79640000000006
Bonus Opportunists,,0.3950948131313318,0.41687162889904783,0.9423791442358357,307,123.4018000000001
High-Value Core,114.0,0.338592388428268,0.10992354549214615,0.012124146792384641,0,10265.518799999998
Early Churners,,0.6316238632032203,0.3484147049174026,0.6746581806404325,204,-827.6777999999999
Minimal Engagers,,0.0,0.5573924312451047,0.0,86,-2545.089
High-Value Core,320.0,0.10475838934288301,0.20750862190836566,0.07264068909835805,0,-10841.7334
Bonus Opportunists,9.0,0.26397973828543625,0.5665768346138453,0.8203415449024452,307,-8870.6978
Early Churners,,0.07529504252343297,0.2539712945303289,0.47542897604778084,201,-1549.2294
Early Churners,,0.14801046812696625,0.38725561164381106,0.5626228473676558,205,-53.46600000000001
High-Value Core,244.0,0.19355413794555074,0.11178017030548584,0.04118547763962672,1,2512.9088
Casual Regulars,,0.14242053428889245,0.2720301297211028,0.07900398308936947,6,211.45780000000002
High-Value Core,295.0,0.5021051127255648,0.1775881648147387,0.0530605057185584,0,-9927.4022
High-Value Core,113.0,0.41703723136247123,0.13022723856773455,0.01136303508924657,0,19627.972199999997
Bonus Opportunists,,0.2570874308030543,0.5617069734822191,0.4384907496050789,295,-427.5414000000005
Bonus Opportunists,2.0,0.33228469519256604,0.44976999948148616,0.8951739117214129,307,2265.7558
High-Value Core,129.0,0.17423066752966263,0.13016934432111057,0.006666392393119752,1,4154.626
Early Churners,126.0,0.47882166683540556,0.19095047175331048,0.4557170107945271,211,-4755.9534
Casual Regulars,,0.09334685937949498,0.19918593540000767,0.11190841522142994,1,-1899.9186
High-Value Core,218.0,0.1081841406557787,0.17640096234786626,0.1100613217147114,3,-9058.460799999999
Casual Regulars,,0.07576879610666416,0.2391930108902932,0.0,2,-1614.7538
High-Value Core,104.0,0.1630200746262952,0.13086103685434375,0.12242603472052628,3,-2615.365399999999
High-Value Core,,0.44403360355741045,0.20987112894615048,0.049813576292966545,0,485.5489999999995
High-Value Core,52.0,0.1900232325057637,0.11433729934741069,0.034463285231924615,0,18172.2428
High-Value Core,112.0,0.22542095371771087,0.15316187796102312,0.12826280239172294,2,1592.2608
High-Value Core,255.0,0.11351359131426857,0.18331361428542042,0.09686479764763871,8,1493.2355999999995
Casual Regulars,,0.23357234773796381,0.15820794898313076,0.02509604590420325,0,-671.3507999999999
Casual Regulars,235.0,0.3946543293069098,0.14948722244716983,0.028332983322267326,4,-802.9108000000001
Early Churners,,0.16316690203738657,0.1894123696426587,0.24713891745712985,207,-618.0347999999999
Casual Regulars,,0.15432364951532068,0.28649229572111995,0.08164739165952761,10,264.34039999999993
Bonus Opportunists,16.0,0.22586227618950752,0.597989940748324,0.545762578178591,174,-5090.618399999999
Casual Regulars,,0.09972144022696933,0.2054378792809156,0.08633771687084692,3,-415.82359999999994
High-Value Core,79.0,0.26106262204329017,0.1220460356765611,0.012126347698425946,0,13676.553600000003
Casual Regulars,,0.364398054735716,0.20716701370276755,0.052287185668957535,2,-1450.7342
Casual Regulars,230.0,0.33035898195940605,0.11142889899204632,0.09010607992264932,9,-2616.307
High-Value Core,356.0,0.43395802002452555,0.15527878476657506,0.08987143401639551,6,973.4180000000001
Early Churners,,0.026526875431311114,0.24682688273093564,0.5154874541314879,205,-86.73940000000005
Casual Regulars,,0.08016239238907152,0.3720834727491773,0.017448785557078426,3,-725.7132000000001
Casual Regulars,,0.13720519029903241,0.17978414357145361,0.06430745370829001,0,-239.0072
Casual Regulars,,0.3140370052604844,0.13603372238629943,0.16164981977098666,3,-313.72259999999994
High-Value Core,78.0,0.3655194866381432,0.12225189507962005,0.02333878123489284,0,23516.219399999994
Casual Regulars,,0.18877414578104973,0.17837581522477042,0.13336876521154667,10,-666.7701999999999
High-Value Core,,0.1570339543240876,0.15594097725680783,0.043207169828510465,0,746.0342000000005
Bonus Opportunists,,0.9867423761819539,0.7176496616196971,0.7051339099729996,174,-1599.0513999999998
High-Value Core,175.0,0.14972146659599275,0.12047218475645878,0.0021728675475048945,1,9654.221400000002
Casual Regulars,163.0,0.16668374384878032,0.15616559122317888,0.02759157091997714,3,1465.5858000000003
High-Value Core,108.0,0.21445276414091718,0.1551569890557326,0.02040656284335997,0,2746.5928000000004
Bonus Opportunists,13.0,0.9386295419727136,0.6257687291220796,0.7642067100026907,229,-3699.2259999999997
High-Value Core,89.0,0.15078361160574266,0.1706381416887709,0.059226351606193925,1,1630.7963999999993
High-Value Core,119.0,0.1306936875657121,0.14973624792489898,0.07167365892904644,3,-2165.6033999999995
High-Value Core,143.0,0.13984008165378847,0.16979191520321787,0.05459426159656835,2,1959.5551999999998
High-Value Core,273.0,0.1442779607444153,0.1629895898043357,0.04735667275923598,0,-8705.0824
High-Value Core,238.0,0.1728060558147255,0.13452436075976834,0.06525174486286751,1,-691.1781999999998
Casual Regulars,,0.164401277130355,0.22657978562814332,0.014873268999773776,5,-663.3593999999999
Casual Regulars,,0.17927140119509766,0.15850578225722772,0.01643374528237919,3,-1384.7687999999998
Casual Regulars,,0.20881266011695596,0.20534180477374878,0.1840694561614444,7,-648.377
Casual Regulars,,0.5436460790483298,0.1915118878391782,0.06404898844693266,10,-49.020200000000045
Casual Regulars,,0.17313448856796457,0.1739148224824154,0.05911855171854883,2,-336.77099999999996
Casual Regulars,269.0,0.177496200914717,0.14841905436280486,0.03908949201152084,7,-4056.745
High-Value Core,102.0,0.43322267295252714,0.13265763528366228,0.012833076614765782,0,10709.525
High-Value Core,112.0,0.15580360134683685,0.16626865342148375,0.03453274994770649,3,651.4432000000006
Casual Regulars,243.0,0.19390727658459583,0.30632490211216096,0.08643891681484486,0,-4416.779
Casual Regulars,,0.1417166498814279,0.12810703425607706,0.029506778295306436,6,-1685.4605999999999
High-Value Core,95.0,0.24833875442619655,0.13816108718494813,0.075109789555261,1,-1914.2097999999996
High-Value Core,80.0,0.2196295783342662,0.15455800436082215,0.07796842479672639,0,1459.6388000000006
High-Value Core,225.0,0.13495004672914843,0.14958350681771262,0.07163047738967888,1,-339.6868000000004
High-Value Core,,0.16293464007711994,0.16669471961321589,0.13425931434646607,0,267.4290000000001
High-Value Core,318.0,0.09192853137582391,0.16759437807267308,0.10325506715114592,0,-10737.4232
Early Churners,162.0,0.08996030077215246,0.3947853283805282,0.5810983331390556,202,-1568.3446
Bonus Opportunists,6.0,0.3137270170449312,0.5237002536673485,0.8815554344065933,225,-2255.0448
Casual Regulars,,0.06053523797208066,0.19399937868342562,0.04854533913855956,0,-101.9090000000001
Bonus Opportunists,1.0,0.9658992389382056,0.44616950975141306,0.8963255525256746,215,-4299.338399999999
Early Churners,,0.08980248282314822,0.1771860609432852,0.47392600239808286,210,-62.004199999999855
Early Churners,114.0,0.21536963984961235,0.2269667443820376,0.3776247614400112,202,-1253.2486
Casual Regulars,,0.23721299921476713,0.20913137198891174,0.08313595863769867,5,-762.4228
High-Value Core,114.0,0.22345204536844274,0.10660115464441138,0.004151754102544656,1,2610.3001999999997
Early Churners,,0.1077602248752754,0.22853127683466715,0.3275055108809044,208,-423.4294
High-Value Core,231.0,0.13710797785764667,0.15170918606551254,0.03604625496872151,3,1541.2730000000006
High-Value Core,73.0,0.32744445026451674,0.09677826458127547,0.0038945123853378356,0,28686.349600000005
High-Value Core,55.0,0.36419380720514516,0.11874956155892094,0.005460069308750474,0,22344.8228
Early Churners,113.0,0.19771885066069705,0.2314297125544946,0.5143074544043679,205,-1408.71
Bonus Opportunists,6.0,0.2828327525662809,0.5424449797082448,0.8496686656318452,137,-4598.7322
Casual Regulars,,0.45431488461483654,0.18608085576964095,0.1464325297343902,5,-484.1453999999999
Bonus Opportunists,0.0,0.9445192975564954,0.6079709591839217,0.7999600055012966,175,2810.239200000002
Casual Regulars,,0.10477358013044465,0.3562586864984764,0.0128683101309407,16,-2124.2732
Casual Regulars,,0.5844004552721057,0.31290490368465024,0.04018538956413884,3,-405.03100000000006
Casual Regulars,350.0,0.14258589187339227,0.18096106085414704,0.05448075712913589,0,849.2640000000004
High-Value Core,174.0,0.22303453895012434,0.11984934032589534,0.06255976937605576,3,-3806.2156
Minimal Engagers,,0.7522144654714004,0.5965368827849329,0.0,69,-571.8668
Casual Regulars,,0.1016360605139249,0.24891887521556877,0.05707623722457007,15,203.8052
High-Value Core,276.0,0.1675988227629441,0.17533199740099253,0.08885559287476576,3,1273.8414000000002
Early Churners,,0.09463557334480385,0.36054709523328216,0.4585582981163942,206,259.2456000000002
High-Value Core,142.0,0.16234716337589214,0.13324474701474756,0.043782491252107716,2,258.55020000000013
Bonus Opportunists,,0.362519016096158,0.4656791195243022,0.9697679267242901,318,257.65480000000025
Bonus Opportunists,2.0,0.1727785668196214,0.6731009737405667,0.8912991516670127,206,-4342.1502
High-Value Core,159.0,0.1235748647503803,0.2054627418883099,0.11600675848686237,5,-184.0970000000002
Early Churners,,0.48893233087809285,0.2202192491909564,0.6235910925919486,212,-156.92880000000002
Casual Regulars,,0.17786342943393474,0.11445307061449989,0.10477514099242877,1,-573.1632
Early Churners,157.0,0.12649421449983225,0.26702564366191067,0.5126489252571842,207,-1572.9409999999998
High-Value Core,200.0,0.457771384958032,0.180525253214992,0.08974836555796736,0,1938.5692
Casual Regulars,,0.11938629540829694,0.23399955152983842,0.09052289962168472,8,-1425.7252000000003
Bonus Opportunists,1.0,0.30925858467307715,0.48397411044075095,0.5413647795515802,119,1459.6414000000013
Bonus Opportunists,17.0,0.12715420095200983,0.7693031520832073,0.7943491228411451,307,-4287.6668
High-Value Core,297.0,0.2083258984809092,0.14501630911220326,0.052366254133458114,2,-8725.5162
High-Value Core,112.0,0.22486067660930106,0.12343207557638843,0.0058338793126732555,0,23013.103000000003
High-Value Core,,0.08880367444145207,0.21268148786535365,0.0540139804445686,1,182.64240000000018
High-Value Core,135.0,0.4038702778398228,0.14469620580862122,0.005395778744683168,1,9381.709799999997
Early Churners,,0.15815020858698217,0.28140263109764885,0.6616617905511525,200,-1059.1559999999997
Early Churners,,0.6660973758917678,0.25043093051262877,0.5152372160733343,211,-183.4658
High-Value Core,161.0,0.19785023283090925,0.14144657158001184,0.03835958183544009,0,-1521.8434000000002
Early Churners,112.0,0.07579291811186689,0.1747759183718212,0.6521306289728065,228,-1398.4802
Bonus Opportunists,0.0,0.4852304745828364,0.41529625434255074,0.565226897841176,122,669.6006000000007
High-Value Core,70.0,0.22336973643096777,0.12371463995125977,0.014881377083356932,0,8439.102199999998
Minimal Engagers,,0.914532251054941,0.6274297214402212,0.7750241830340244,236,-542.9352
Casual Regulars,,0.22555623501048117,0.28880240429601894,0.1177288849949519,5,83.22739999999988
Borderline Opportunists,,0.3427913786633634,0.15467227859025584,0.3931818222365211,206,72.6196000000001
High-Value Core,109.0,0.24391291420443917,0.10613961595767864,0.021651231379940832,0,7876.589399999999
Early Churners,,0.0496793498757676,0.23722296127056464,0.6051617503517184,208,-1200.9048000000003
High-Value Core,,0.19769813427004812,0.1705765144217161,0.07185571900193763,0,-56.98460000000023
Early Churners,,0.17029637398137415,0.26219262085221273,0.4600186381772558,200,-487.91319999999996
High-Value Core,326.0,0.15132048839272133,0.15846198326200514,0.0671037567673869,0,1458.3242
High-Value Core,108.0,0.20558069967574244,0.10155462348883489,0.02533224310123617,0,13401.866199999999
Casual Regulars,,0.12937772452547955,0.37986840286391865,0.0058422331735374245,4,425.22439999999983
High-Value Core,106.0,0.20646534389289625,0.10719928422946848,0.00418745652866015,0,19549.0154
High-Value Core,63.0,0.22640633356144296,0.13328036292801337,0.1017312673512129,1,1178.0569999999998
High-Value Core,322.0,0.14552632561804948,0.1752222684461438,0.06493503313895105,1,-10433.8452
High-Value Core,207.0,0.46083736532708053,0.16092412060444006,0.08850410654270466,0,-3758.8091999999997
High-Value Core,139.0,0.15840423200507767,0.10988505496644516,0.0028867988931689293,1,10193.408599999999
Bonus Opportunists,26.0,0.25522856237999825,0.5755750398507599,0.7109474261216956,119,-9203.727
High-Value Core,100.0,0.21570530192237306,0.15433877409755226,0.12201665712144515,0,2716.6181999999994
High-Value Core,,0.3569299006220165,0.12733559684929813,0.07263514009224688,3,117.17320000000018
Casual Regulars,192.0,0.4441733908985197,0.1531512975523142,0.04094300967975109,7,-463.58399999999983
High-Value Core,61.0,0.4126065635157473,0.1535525058984314,0.10026603743776838,0,1842.246
Casual Regulars,,0.15353118839230379,0.1772436981626138,0.0624206443796955,3,-417.0450000000001
Early Churners,,0.2130642670698578,0.1913475558447148,0.6791772646654884,211,-4.349799999999959
High-Value Core,259.0,0.16622577985433562,0.14199344631503083,0.08200141298566041,1,-9733.1424
High-Value Core,117.0,0.17675053218608186,0.1451232861007574,0.08051737393895506,1,1488.5856000000003
Casual Regulars,,0.145448101948451,0.1600021066928681,0.12592693042586664,17,-92.65339999999998
High-Value Core,93.0,0.45120579797736765,0.14428452927704766,0.05452546674940944,1,3687.3433999999997
High-Value Core,123.0,0.18892402860757096,0.112435353695122,0.017864888484306656,0,1087.9169999999995
High-Value Core,283.0,0.12233787451363352,0.18422368749416163,0.047559972979574434,6,-8390.4312
High-Value Core,247.0,0.32711491923908864,0.13588348059676797,0.09043929646921207,8,-8748.3752
Casual Regulars,,0.14744684363966987,0.18626800381256836,0.048556481752829506,10,-1981.0054
Casual Regulars,,0.5115174541946437,0.2961312055984962,0.07102645801917792,1,-2082.3422
High-Value Core,253.0,0.1994449980000098,0.15822381556423135,0.029449145567117363,3,-2485.9896000000003
Bonus Opportunists,0.0,0.4734204479390304,0.3814860971228447,0.5890416446979424,188,5196.785600000001
Casual Regulars,,0.06603514870819681,0.30350862778171567,0.1097823810317861,1,-656.6741999999999
High-Value Core,220.0,0.16313726598014125,0.1680078832521604,0.08321559767729084,0,-2376.9408000000003
High-Value Core,89.0,0.1976151731890218,0.12230472824710296,0.013539405989161075,0,21304.096799999996
High-Value Core,203.0,0.24897822010881732,0.11555901908272068,0.05187173505652352,3,15.369600000000446
High-Value Core,,0.1892975755430058,0.18271174456246994,0.062280180615760114,1,49.460399999999936
Minimal Engagers,,0.3032903621442478,0.327056621629255,0.0,1,-1140.3166
Minimal Engagers,,0.22683013341266386,0.2868672870412027,0.12414853124022668,16,-890.2447999999999
Casual Regulars,,0.21515789481971773,0.1948202455775572,0.19425280885828142,6,-183.89319999999987
Bonus Opportunists,21.0,0.9517350420830027,0.47841113218978515,0.7960407379359085,107,-8145.4604
Bonus Opportunists,3.0,0.40703976531267094,0.38311947317014394,0.8545517695281005,168,-2127.7221999999997
High-Value Core,35.0,0.18443066585868081,0.11878415337769865,0.027556820302196673,0,21928.872400000004
High-Value Core,87.0,0.20422964661422985,0.11357752756969239,0.028006257839431965,1,9416.779599999994
Bonus Opportunists,0.0,0.9238025225320259,0.6769760231463281,0.7824138937055374,139,1180.304000000002
High-Value Core,95.0,0.35604048021693313,0.126079075774856,0.09175694389450836,0,3129.2098000000005
Bonus Opportunists,,0.4278938433177376,0.448371776881464,0.6729080563033907,311,486.3462000000004
Casual Regulars,,0.582663241067121,0.2602416432564851,0.17760806501081378,5,210.3223999999999
High-Value Core,110.0,0.15046186412803284,0.1368421288554979,0.07979506198081016,0,-714.5716000000002
Casual Regulars,,0.5546829536571821,0.20272838864229345,0.06402981834936419,18,-1899.6212
High-Value Core,342.0,0.3999194108767423,0.15705413896528167,0.10615121593912771,3,-9247.2982
Casual Regulars,241.0,0.5607502338653857,0.19215328598260073,0.13797728867534814,2,-2501.9982
Casual Regulars,,0.0867357960446241,0.28793418756345585,0.12169175172869043,2,-286.21579999999994
Minimal Engagers,,0.10194786490962769,0.6146000376105878,0.0,190,-1066.6712
High-Value Core,295.0,0.19500764132307732,0.11842372798183248,0.1355039212624601,1,1098.5818000000004
High-Value Core,101.0,0.1658556923600251,0.16246571154028905,0.07530055551620145,0,-1750.3727999999992
Minimal Engagers,,0.0,0.5393820621037704,0.6918513770941267,285,-2543.831
Bonus Opportunists,5.0,0.9680935167227276,0.7297498991667948,0.7439828348442662,310,-7560.503000000001
Early Churners,93.0,0.10807576642806706,0.20837307125657725,0.45287484452792043,203,-1384.0439999999999
High-Value Core,,0.2027693472506536,0.1463057220466058,0.05515226083712899,3,-437.09320000000025
Early Churners,75.0,0.08540936182524782,0.2525354250746688,0.417756889689131,205,810.6034
Casual Regulars,,0.15723886054997732,0.2481518805810718,0.10404204629954075,4,-982.0826000000001
High-Value Core,288.0,0.14665978601141236,0.16637514936956538,0.09638042806085603,0,-10375.9456
Casual Regulars,,0.480527795417999,0.16885243414269696,0.05618280468375727,1,107.81299999999987
Early Churners,80.0,0.6475215757312146,0.24357451156749113,0.5334293433480797,201,-4290.1888
High-Value Core,76.0,0.12441008666808258,0.1464640760240731,0.1054304356828497,0,2303.5446
High-Value Core,42.0,0.1782229104245381,0.13254574608127845,0.009291783177497178,0,19843.8884
Casual Regulars,,0.4377006417958107,0.15529126400142532,0.07155512577722499,3,850.7736000000002
High-Value Core,222.0,0.1332401626235559,0.1453401639274676,0.042030678390822494,1,-4039.3782
Early Churners,155.0,0.4580171997196744,0.21127240708106085,0.6291935936505243,206,-1589.9153999999999
High-Value Core,,0.17154019814160454,0.13878724797215167,0.086891225364565,2,587.2422000000001
Casual Regulars,,0.5277624876586896,0.20711469738838925,0.10672066263007521,6,-375.9384
Bonus Opportunists,0.0,0.23392786248971736,0.5889496711219828,0.9112062050225362,137,4395.859600000001
Casual Regulars,,0.3254347275649877,0.19545988466968742,0.11452398559981752,0,-42.340400000000045
High-Value Core,136.0,0.3917263332652038,0.11363781916207777,0.008199436576967721,0,4736.136200000001
Minimal Engagers,,0.0,0.5074067203148751,0.5925407238151396,218,-2513.1711999999998
Bonus Opportunists,20.0,0.3536446901359843,0.49348537812005294,0.9173564031740022,319,-8626.5176
Casual Regulars,188.0,0.6170156751717708,0.19467880917319258,0.09463906535925146,0,-831.7312
Casual Regulars,,0.6019509516979001,0.2678909766476584,0.08302898847703848,0,-1424.071
Minimal Engagers,,0.909643668050811,0.6274234500084802,0.9414864892507212,245,-2004.452
High-Value Core,146.0,0.5240049136920845,0.187885125593829,0.09767397860165074,1,-3068.3082
High-Value Core,262.0,0.5669308779609004,0.2330247241351735,0.09731896630873499,1,1437.0052
High-Value Core,107.0,0.14813181896525207,0.12133562855686725,0.01265558712366318,0,14201.247200000002
Bonus Opportunists,0.0,0.9613202515131126,0.6559930993108558,0.8106825185050224,154,2034.4691999999995
Bonus Opportunists,0.0,0.10645309853645843,0.7951456694843977,0.9814806161086086,311,-338.6537999999996
High-Value Core,173.0,0.16497048956424268,0.1208007814284171,0.0730006063596021,5,-205.73720000000003
Early Churners,83.0,0.17996633219353467,0.20722837755336876,0.40774745327756184,204,-2619.5918
High-Value Core,253.0,0.17228453287580403,0.1773558015022084,0.08749885324551589,1,1463.5582000000009
Casual Regulars,,0.1205912449247868,0.29797529928832595,0.013624873673732494,1,247.54640000000006
High-Value Core,163.0,0.14311825051295451,0.1415339545351317,0.04553867541970775,3,3619.2912000000006
High-Value Core,105.0,0.19760387153586131,0.10858303958689794,0.0057572921279424975,1,8037.0520000000015
High-Value Core,170.0,0.42227173941911295,0.152839202580628,0.06172789627997152,0,2092.9647999999997
Borderline Opportunists,,0.0886428552937014,0.3626936386266595,0.007960903094788134,11,-152.351
Casual Regulars,,0.4064989859365239,0.18572114539515908,0.1285176329026076,9,-476.3704
Borderline Opportunists,,0.6283269728064743,0.43121688906896366,0.0,5,-913.0658000000001
Early Churners,,0.11125305585783157,0.1917927376744436,0.48074280467340025,213,-599.8459999999998
High-Value Core,246.0,0.10872649311290696,0.15077065539095616,0.14843289584647043,6,-736.8707999999997
Casual Regulars,306.0,0.1902392113148405,0.1435337618341573,0.11933364774031889,4,579.3519999999999
Early Churners,,0.12963753630900704,0.2180181599686441,0.38671133257388635,202,-152.4086000000001
Casual Regulars,,0.0687895371991451,0.4052570664145306,0.14453967331423667,15,-280.86940000000004
High-Value Core,144.0,0.20014173971046556,0.10667442489934884,0.007979586236026933,0,-101.1987999999983
High-Value Core,86.0,0.21978942027459936,0.12359314930101717,0.012171378875341393,0,13359.537199999999
High-Value Core,107.0,0.17457306767514644,0.1353072266387675,0.07739110334185599,0,-1268.6488000000008
High-Value Core,170.0,0.13764038857162017,0.10982175101649172,0.09642736994509009,0,29.016399999999976
Borderline Opportunists,,0.6662506466725887,0.34031726258055933,0.4919497414034208,202,-1095.8863999999999
Early Churners,,0.06437163590337816,0.2574316812719087,0.5485819326161773,211,-1130.6524
High-Value Core,131.0,0.4221618625086113,0.1450210891998448,0.028734941204401412,2,517.5388000000003
Early Churners,,0.11039867100253971,0.3254490636068519,0.3307792895238308,202,604.1558
High-Value Core,133.0,0.16771866312613365,0.14790833657166486,0.07537820976710549,3,-358.0021999999999
High-Value Core,142.0,0.12690656462560765,0.2382429534590372,0.019993280235833858,2,-1572.512799999999
High-Value Core,138.0,0.16230282158849746,0.12458537769960185,0.015189198156986643,0,11251.055200000003
Bonus Opportunists,0.0,0.33637151794988845,0.4903099976533373,0.7932864548788628,181,-865.1256000000003
High-Value Core,67.0,0.46594520414604645,0.18062755002902683,0.07467515331497145,0,-944.1206000000002
High-Value Core,201.0,0.09947036271573544,0.16417928821059097,0.0777231326611473,8,2092.4016000000006
Casual Regulars,,0.14876547292357284,0.25072778727411077,0.1070944198270856,7,-696.2170000000001
High-Value Core,257.0,0.1231631270026711,0.14039678129360836,0.10641498555080094,0,-9701.7576
Bonus Opportunists,30.0,0.9887073208488152,0.7884256012720195,0.32536962295214017,310,-5793.5954
High-Value Core,160.0,0.16254319846221243,0.18195524679870131,0.08700416397770691,0,-1125.9179999999997
Casual Regulars,,0.2373544447457202,0.20616799352098705,0.06468106445362201,0,195.56060000000002
Minimal Engagers,,0.0,0.3116680430121933,0.0,0,-402.4316
Casual Regulars,,0.16994416780999713,0.17515829140972045,0.07137269131801709,6,-274.1933999999999
Minimal Engagers,,0.0,0.3776681789858856,0.1964465988499502,32,-1956.3236
Casual Regulars,,0.07912158550037873,0.2838428925107173,0.047142504130589624,3,19.160999999999945
Bonus Opportunists,4.0,0.3670461029963012,0.4295321412062455,0.9380981759506555,319,159.7556000000004
Bonus Opportunists,0.0,0.2862170099829811,0.5157701854521524,0.8527675899039786,123,2706.558000000001
Casual Regulars,,0.2190145966090224,0.16786468810462865,0.07385474666382792,10,-1643.7094
High-Value Core,95.0,0.16626917453560017,0.15729465502694318,0.008638832202588938,0,12599.4346
High-Value Core,112.0,0.6235492944297455,0.2700255062812413,0.09436952085180474,1,3793.2944000000016
Casual Regulars,,0.10127039668467397,0.2605135750699366,0.0987375409776365,7,-1282.8534
High-Value Core,101.0,0.4804581653692997,0.16882611918586918,0.098435504516049,4,3336.2672000000002
High-Value Core,84.0,0.19590615458656033,0.11198260307021324,0.02405681752411727,1,20130.136800000004
Borderline Opportunists,,0.3749941577146455,0.21031097339797572,0.2769753689249457,237,-1474.7848
High-Value Core,308.0,0.14646735125225402,0.11780368077330727,0.08826507711333531,0,-1045.1976
Bonus Opportunists,12.0,0.3648455636312448,0.38958296543335813,0.7165609371283317,241,-250.46159999999963
Casual Regulars,,0.31037131675565177,0.20367462181470464,0.02591282596124104,6,-828.2149999999999
High-Value Core,100.0,0.1258813050249468,0.14517174111405043,0.012118927118352402,0,12309.2464
High-Value Core,363.0,0.19988488993278197,0.15834128775038075,0.089713130288315,1,900.9970000000008
Early Churners,,0.1778760447389276,0.30622168732697874,0.5666471948300231,220,-10.403999999999996
Casual Regulars,,0.4743407253207132,0.25005776437591076,0.10441232235380069,7,-1651.1617999999999
Casual Regulars,,0.25761838584337654,0.1314603558071944,0.14791137708914506,18,28.989799999999832
Bonus Opportunists,,0.9844834189289933,0.5436038204217154,0.9276424466477616,309,645.5882000000001
Bonus Opportunists,3.0,0.12125934138975482,0.6940327825068946,0.763689955241933,195,-3579.7796
Casual Regulars,,0.1090175351135579,0.1567748456564193,0.11278195152850407,2,-752.2812
Early Churners,,0.06695307873457812,0.40044503078170607,0.7162203542043,208,-636.3366
High-Value Core,135.0,0.12245488380666672,0.1749558870064609,0.0781195857007913,0,-2055.1552000000006
Bonus Opportunists,5.0,0.5639783273143761,0.31937791884883604,0.8114050177461206,192,-7294.79
Bonus Opportunists,45.0,0.23437729491331696,0.5651865139320478,0.7406010675630225,310,-8700.7544
Casual Regulars,,0.18411115589005853,0.16370580683564132,0.06589635219736473,6,-674.9777999999999
Casual Regulars,,0.10489108571175804,0.34642097673751326,0.014072690820427263,1,-1130.8316
High-Value Core,242.0,0.14393985126581071,0.18343421223944095,0.09819689112169071,3,-2350.4298
Minimal Engagers,,0.15369538223387844,0.45321024754625666,0.0,40,-564.0822000000001
High-Value Core,78.0,0.2022138019112116,0.12013585258463409,0.00780032291130395,0,13241.4824
High-Value Core,94.0,0.16538129501885432,0.1587916733189203,0.0031910882527028906,0,13071.376999999997
Casual Regulars,,0.014761943924550432,0.22700235795895146,0.01705806170775006,7,-359.2458
High-Value Core,131.0,0.16703543999034123,0.1837593252387812,0.042588695219878986,3,387.32019999999966
Borderline Opportunists,,0.37537006126306194,0.19425496149908858,0.4824156412157921,203,-20.43380000000002
High-Value Core,189.0,0.16196956472042334,0.14736458630474694,0.016865409701724732,3,-2976.9772000000003
High-Value Core,161.0,0.17666254327143607,0.15171721511355746,0.10303016154752241,3,3326.6169999999997
Minimal Engagers,,0.12071794995184275,0.2773036402625928,0.16678543803991142,29,-417.38419999999996
Early Churners,162.0,0.22433779159557543,0.23538843257276956,0.5941629761049354,202,-4676.0072
Casual Regulars,,0.6057347874075587,0.33829695875056126,0.05725792068075075,5,-1813.133
High-Value Core,210.0,0.16792946832047442,0.11678485515980103,0.06147303419328345,1,-7719.6548
High-Value Core,206.0,0.12617998521869048,0.15808047459125468,0.13264460174733755,3,-389.96479999999974
High-Value Core,120.0,0.11979886760906507,0.1340893181270016,0.035460317175514504,0,2784.211799999999
High-Value Core,63.0,0.20227795863649337,0.11344097407035755,0.015350235811898191,0,15614.6924
Early Churners,74.0,0.10871133484228272,0.2715845194449066,0.5735556035488538,209,697.3894
High-Value Core,235.0,0.16967545946482376,0.18654116394306042,0.10940845023831249,2,-3923.446
Early Churners,,0.09999673890957497,0.3842277253561517,0.5233737401947791,213,495.9190000000001
Casual Regulars,,0.16554665944820957,0.21032059935735137,0.11592035882240043,4,301.39300000000014
Borderline Opportunists,,0.4915021781535495,0.26111645059597965,0.548117805308576,202,-260.0402
Casual Regulars,212.0,0.12430787802249685,0.1495013413019708,0.05868476583780393,1,694.7166
High-Value Core,307.0,0.3867010254927217,0.14077481896564742,0.06989005116513228,0,1682.9557999999997
High-Value Core,,0.17428297333494533,0.1994496193337044,0.0485957061555153,1,711.8851999999997
High-Value Core,134.0,0.15269072064143932,0.11582737148378193,0.09953460882413655,2,1402.1500000000005
Early Churners,63.0,0.17973756995947923,0.16894841315471879,0.4422710221130302,205,-1175.1973999999998
Bonus Opportunists,0.0,0.5511814777909302,0.3510339895008046,0.8982613956032665,175,3095.409600000001
Casual Regulars,,0.09089437083399202,0.24067138405742203,0.004585966145501594,3,-1818.1363999999999
Casual Regulars,,0.259200290806615,0.15821701474011102,0.010402274985907307,4,-55.443400000000054
Bonus Opportunists,24.0,0.26571510644467805,0.5439542810568615,0.7058421848181223,192,-7846.0306
Early Churners,104.0,0.05721559518892974,0.3958474852081174,0.49314889720369876,202,-1401.1842
Bonus Opportunists,1.0,0.12890898913245244,0.692251870768816,0.7908598506774795,153,-7282.891999999998
High-Value Core,347.0,0.18924461355085317,0.1424449981720453,0.13429109435622488,0,1189.4352000000003
Bonus Opportunists,0.0,0.38263533409194705,0.4121466430189017,0.8095703010199057,164,2391.6377999999986
High-Value Core,315.0,0.1253778270003821,0.14756286765133014,0.03356630642250701,0,980.8362000000002
High-Value Core,,0.16024333542969185,0.20011094418619466,0.11438529096222855,5,778.875
Bonus Opportunists,10.0,0.38875543345266117,0.40181938467457773,0.9243150903392031,307,-425.2909999999997
Bonus Opportunists,16.0,0.28122625173358645,0.4225936282354916,0.8417598065587935,308,-4340.1274
High-Value Core,212.0,0.4014210540321291,0.14808365257495398,0.09544361300495925,4,-9179.416799999999
High-Value Core,99.0,0.18309478339263852,0.11049585036477377,0.0017993848721470857,0,14619.679199999999
Casual Regulars,,0.059733944983264384,0.2439034357758236,0.19265739863585576,4,370.5906
High-Value Core,178.0,0.2317704740301742,0.1685577712612434,0.09984724934906133,2,1328.0416
Borderline Opportunists,,0.11817625530089891,0.20905423820032035,0.2837429471789186,203,-1962.9854
Bonus Opportunists,0.0,0.2876384481588759,0.5161781059453128,0.9143355532220894,307,-1017.2477999999992
High-Value Core,105.0,0.17271670018861798,0.1098863628467984,0.008275453443883326,2,10489.692400000004
High-Value Core,226.0,0.11643627607602593,0.15325700956435404,0.0492436083370564,1,1600.2489999999998
Early Churners,,0.5560721652586428,0.3251049527682071,0.6468063295878898,204,357.1808000000002
Bonus Opportunists,3.0,0.9621271199596119,0.6407175009718209,0.7055809574632114,269,-6557.354399999999
Casual Regulars,323.0,0.16583373787100172,0.15431025237966434,0.021024547940536056,0,947.5598000000002
High-Value Core,117.0,0.17353605340712844,0.1536265262129305,0.08485143358845382,4,-2406.2891999999997
Bonus Opportunists,,0.19508263497901032,0.5921305778962439,0.7177066715584512,306,-103.29700000000003
High-Value Core,,0.1194143630456213,0.1694215082963916,0.1400834558301688,6,691.5136000000007
High-Value Core,116.0,0.3871010050010419,0.14931424827828646,0.08648728710889432,0,-1901.9148000000005
High-Value Core,109.0,0.3718786107646742,0.1194587104612904,0.012057489785292776,0,18059.9052
Casual Regulars,,0.1368332447500913,0.19678822040418614,0.09463809378844323,18,-719.0963999999999
Early Churners,47.0,0.16874225936369233,0.2739018859831019,0.4695238282240349,203,-880.4625999999998
Casual Regulars,,0.4343260101825614,0.2195714415865112,0.04815419010424509,1,263.019
High-Value Core,271.0,0.2506898339246961,0.11653679557927553,0.0667654239102359,4,-2363.8095999999996
Bonus Opportunists,,0.3966706436719026,0.3135970191800648,0.6757493078958128,194,98.71459999999979
Casual Regulars,,0.21444625104224496,0.24231936839938106,0.10390885841771237,6,413.9416000000001
High-Value Core,310.0,0.21510437532613053,0.13197233011527604,0.13573947180649848,4,1338.4607999999998
High-Value Core,84.0,0.1619571151062363,0.1807160215316752,0.10177866288897558,0,3066.7332000000006
Early Churners,162.0,0.6965429159727462,0.4057352222056644,0.5415970609957876,202,304.3396
Bonus Opportunists,27.0,0.990491033955902,0.7537162060224417,0.9585102296525341,200,-3316.5427999999997
Bonus Opportunists,,0.9874932295610814,0.5866163400750393,0.7455005989214141,306,-704.2588000000001
Early Churners,,0.11280176149452958,0.2203849148396552,0.6889898258505618,204,-236.00639999999999
Casual Regulars,,0.15363028061779418,0.2230350279581584,0.028687926908853596,0,-1625.375
Casual Regulars,,0.2757752422504781,0.13034401820250993,0.036215215104992406,0,-807.2893999999999
High-Value Core,121.0,0.12383073306665043,0.13058157560624947,0.11148589992230293,1,3354.4790000000003
Casual Regulars,,0.45260307391010446,0.1655922361680217,0.08818998491348752,10,53.25559999999996
Early Churners,,0.0945215307691242,0.2747744910317082,0.38158007728638893,203,-378.0099999999999
High-Value Core,195.0,0.21684297959265347,0.12237742781029358,0.06456247698934404,0,-1931.1278000000002
High-Value Core,98.0,0.1204572956307655,0.16498262685414328,0.06789161508255953,0,-1627.7246000000005
High-Value Core,114.0,0.16027578574177392,0.10375706619664912,0.009574751627589332,0,11372.472000000002
Casual Regulars,,0.4608823318785245,0.1586702904039642,0.1220603203779898,4,-91.80340000000012
Bonus Opportunists,0.0,0.301832125944149,0.47289701298726394,0.9013584598462769,307,-3977.611999999999
Bonus Opportunists,28.0,0.41654846963339054,0.35277734472697286,0.6253456892479834,199,-8362.533800000001
Early Churners,155.0,0.13137102585857863,0.30657151175705144,0.48261260956467344,209,404.46580000000006
Casual Regulars,,0.06237905860235488,0.3492658238640398,0.05459438092458795,7,-442.76020000000005
High-Value Core,78.0,0.20712048449621542,0.15904742264462995,0.09777717652090649,6,1700.0906000000004
Casual Regulars,244.0,0.19720493531781247,0.14695909674979274,0.0789687778028777,6,-4445.2356
Bonus Opportunists,,0.27725745243820327,0.563138355230022,0.4908034888047141,316,137.83220000000028
Minimal Engagers,,0.14609427419232618,0.2481509754560774,0.5609552794842791,265,-2454.8362
High-Value Core,88.0,0.1242687892243002,0.13780036636353316,0.0,0,17158.7056
High-Value Core,65.0,0.16638916760349343,0.1346809357798494,0.02534164933894173,0,22018.227999999996
Bonus Opportunists,11.0,0.29882279748406293,0.43164050097749873,0.7754086633343997,112,-3842.3258
Casual Regulars,,0.15135170612508667,0.3360084316254765,0.08027311801175338,11,-624.6304
Bonus Opportunists,4.0,0.32878697370176513,0.4759779534254206,0.7391723465163573,295,-884.6917999999996
Bonus Opportunists,8.0,0.2630651084408037,0.48131085853415523,0.853707896046706,116,-8849.504799999999
Minimal Engagers,,0.27701071096139623,0.5244885600026679,0.5041099637722823,230,-2034.7674
Casual Regulars,,0.11734450846233892,0.23376652122330555,0.23434921731598451,11,-1092.5241999999998
Early Churners,,0.08021531062371247,0.2829887350384418,0.5301156510565115,201,-1068.1852
High-Value Core,170.0,0.07801168340659438,0.16233178829997852,0.03856428491381529,2,-3426.6307999999995
Bonus Opportunists,6.0,0.2579809267625049,0.43555094402469785,0.8127319551729301,203,-8308.1054
Casual Regulars,,0.22318981689768236,0.32001929975352517,0.1147568627077533,3,361.08140000000003
Bonus Opportunists,22.0,0.14507229942167438,0.6378137730326854,0.7642248474017096,325,-8015.4884
Bonus Opportunists,,0.35729915671561996,0.3692660663704093,0.8169917389945561,245,-342.81659999999965
High-Value Core,109.0,0.2157768610347044,0.15279520715554254,0.056242187555026336,0,4227.234
Minimal Engagers,,0.07529116272181854,0.2648378096912868,0.03478169372234271,30,-2394.7196
Casual Regulars,,0.07687017991905386,0.15752029072498797,0.0,6,-1860.1006
Casual Regulars,257.0,0.4099228881411889,0.14726649789405843,0.1348587801399235,0,897.1766000000005
High-Value Core,60.0,0.16193154356424022,0.11288938493055573,0.024109172763050916,0,14405.7886
Early Churners,,0.1043668425423077,0.36338840977667847,0.5681054438087524,202,-829.1246000000001
Bonus Opportunists,,0.9900120378001852,0.6303872109138998,0.9288367689222169,329,-1099.3935999999999
High-Value Core,296.0,0.17773360484261794,0.14164568028655805,0.10785236946032263,1,1652.3775999999998
Bonus Opportunists,,0.430654183102883,0.431220198470272,0.9465930848961195,306,726.9205999999995
Bonus Opportunists,0.0,0.18753048772349573,0.611293750673644,0.7567763714109342,138,1966.8117999999995
High-Value Core,192.0,0.0707556004355935,0.21969146673135562,0.055489521124735826,0,-3362.0344
Bonus Opportunists,10.0,0.27674577747426427,0.5505909510744202,0.8772352935105346,302,-7243.251399999999
High-Value Core,106.0,0.10748445139644769,0.15642195081098792,0.09694368130157442,5,-2185.17
High-Value Core,238.0,0.20039132120715888,0.1415682802037018,0.11504463307184305,1,-8212.2568
Casual Regulars,213.0,0.19064535234113614,0.22846692099685947,0.05846920443198233,1,719.7729999999999
Casual Regulars,,0.24313992253073752,0.20905637213390918,0.04808298511250552,8,-1950.9722
Bonus Opportunists,,0.3675962312598084,0.41124558215610246,0.8531850631569293,172,-319.0468000000001
Early Churners,,0.12025578680218943,0.19884725530878106,0.4413452422608198,204,641.4921999999997
Bonus Opportunists,0.0,0.3153102989952874,0.45418288526091405,0.8710425662397433,113,4683.5412000000015
High-Value Core,131.0,0.1984183381936669,0.11174774705720375,0.017635780269781156,0,16163.2526
Borderline Opportunists,,0.4769027775658816,0.35805325215224537,0.10944383495399232,222,-667.3982
High-Value Core,98.0,0.19855824869535194,0.10736659846451704,0.009521034831998596,1,8618.9774
Casual Regulars,,0.13905815940541774,0.27124220919515063,0.07361111707449025,22,45.28959999999995
High-Value Core,136.0,0.1733311420785536,0.1873511612374678,0.09951573342507931,1,446.00840000000017
High-Value Core,127.0,0.18529281293926503,0.1570907947427238,0.06623715292356559,1,-1717.6800000000003
High-Value Core,199.0,0.394322579763566,0.13527453514268076,0.04798204455042197,1,-1672.7549999999992
Casual Regulars,,0.14754782088794202,0.24132652743240318,0.09809479878783298,1,-204.49359999999967
High-Value Core,219.0,0.21769957670622553,0.1277198776427446,0.07962502095724178,0,-3847.5912
Early Churners,,0.48752027901597283,0.21814885082201044,0.46288927948365155,204,-951.0047999999997
High-Value Core,84.0,0.407573111093769,0.15118922210787739,0.12013707557563791,1,800.8944000000001
High-Value Core,112.0,0.45342552525919605,0.1698358699304204,0.14542311098602304,1,-2330.0153999999998
High-Value Core,88.0,0.11769081140600145,0.18294329061299752,0.08795203561323327,0,920.5711999999999
High-Value Core,,0.1903254891297673,0.18006729203286592,0.06905241551616356,1,714.9422000000004
Early Churners,,0.26686187095112757,0.24202178330180624,0.4318518543292208,203,-241.19639999999998
Casual Regulars,,0.08001294290554593,0.22086038775933828,0.019457749285753688,5,-277.3522
Casual Regulars,,0.08114386058780305,0.22548820585203008,0.1604232436052986,1,-1794.0906
Early Churners,,0.6082436962267923,0.2312857514355949,0.5721059075802318,201,-1178.6037999999999
High-Value Core,124.0,0.1595151896010289,0.10870783552694262,0.0,0,7882.158000000001
High-Value Core,184.0,0.48088807616415286,0.170417999638527,0.05971964021358559,2,2470.5406000000003
High-Value Core,156.0,0.20264461751057378,0.130217290504079,0.011734287195784822,0,1618.4546000000046
Bonus Opportunists,4.0,0.40487729658347443,0.4025366095396939,0.7332919253892171,114,-1236.1989999999996
Bonus Opportunists,16.0,0.2195322350975107,0.49349408798022215,0.8071457585028357,308,-4220.5858
Early Churners,,0.13911739658265235,0.427086456495357,0.5020506803892081,200,724.5359999999998
High-Value Core,139.0,0.14141570912409207,0.12250627771106379,0.009107591122053778,0,3782.144399999999
Bonus Opportunists,0.0,0.9882933391343622,0.5382264331093742,0.7959704275130648,236,-1999.3658000000005
Early Churners,,0.14106553786707043,0.25532549376648916,0.5621661901741364,234,50.20099999999991
Bonus Opportunists,0.0,0.33283562241705195,0.476053547445229,0.7726619121719055,208,1010.075600000001
Borderline Opportunists,,0.06606820038396997,0.3416940651449457,0.018497208697421618,30,-1460.9109999999998
High-Value Core,158.0,0.4244185455051131,0.12803715867200893,0.014784672708365195,1,16194.626400000001
Bonus Opportunists,0.0,0.8022592935073172,0.3436660468835001,0.8611334686605411,115,-1.0002000000004045
Bonus Opportunists,0.0,0.35570565069425586,0.4595620003815846,0.7880383937633042,253,282.40700000000106
Casual Regulars,261.0,0.06926919690294,0.18139064000173827,0.06965455498661716,6,-2565.5286
High-Value Core,198.0,0.11449936607912108,0.22528362156730325,0.1576028912126637,0,-3385.6233999999995
Bonus Opportunists,6.0,0.36820922643896536,0.40113110428044146,0.8489268732665862,252,-3157.0881999999992
High-Value Core,259.0,0.12296574911295842,0.13695220588914128,0.10204720476116103,0,-9957.6398
Early Churners,,0.07865408304401528,0.4088441061852214,0.44914004967883087,201,-1140.7064
Bonus Opportunists,11.0,0.364269307512466,0.43184174254870966,0.7435718628754903,222,-5311.129399999999
High-Value Core,111.0,0.16024007601628648,0.12046682079001868,0.00225196895713415,0,18460.839399999997
Bonus Opportunists,,0.9700285858318012,0.46631685020240876,0.9256790227783331,253,-101.83360000000016
Casual Regulars,,0.04926002775754743,0.22203205137825158,0.12574031577645553,9,-1217.8159999999998
Casual Regulars,,0.11232520306175463,0.2634804229250999,0.033506012314988114,1,-1379.6338
High-Value Core,90.0,0.18973647471952343,0.17428571849353441,0.09249618358212106,1,2651.6856000000002
Minimal Engagers,,0.2628906557506101,0.25754270349708047,0.1994758960633164,17,-967.8888
Early Churners,,0.18148404613689512,0.2669370584812464,0.4897825676819998,202,-1238.4962
High-Value Core,116.0,0.16588614812835692,0.14578275122762835,0.09486521190285346,0,-2328.4711999999995
High-Value Core,132.0,0.18184377510065353,0.14026232119788087,0.08234752894637723,2,1263.5292000000009
Casual Regulars,,0.08417797850075724,0.35761781897130074,0.08707722730949159,0,53.548599999999965
Minimal Engagers,,0.0,0.41420009573600375,0.0,189,-2528.6838
Bonus Opportunists,10.0,0.2663050879413544,0.47388163493574775,0.7148245212185752,133,-6860.9926
Casual Regulars,,0.4558890022258521,0.18906444838298622,0.05114112828411592,1,-584.1693999999998
High-Value Core,118.0,0.1992684586835001,0.10799081625138857,0.017593812901716275,0,8679.145199999999
Casual Regulars,,0.05285223239679795,0.17025860292639006,0.012984882373084865,10,-1641.6584
High-Value Core,265.0,0.24727897800970444,0.130172257786945,0.08337538236686338,1,-8303.685
High-Value Core,153.0,0.2185066026167596,0.11903455959601471,0.0010084076268483766,0,12662.243800000002
Early Churners,,0.6620885964965321,0.28078197527798976,0.7413368686471679,207,-1938.484
Casual Regulars,,0.1433971952713465,0.23241998143311404,0.07514820050198648,0,-508.2682000000001
Casual Regulars,,0.1457031820468301,0.20844384443219552,0.045655563058649366,8,-559.0792
Bonus Opportunists,0.0,0.13371766677270996,0.7087583796490066,0.7832452067235098,191,5110.874400000001
Early Churners,,0.4924989231721583,0.23912228842872227,0.7233726954118896,206,-925.4229999999998
Bonus Opportunists,0.0,0.24656904908256835,0.49285461891788745,0.8134273872570675,267,-2315.369999999999
Bonus Opportunists,6.0,0.5699882578709032,0.33702393679682313,0.7465039893712271,308,-2318.7617999999998
Bonus Opportunists,1.0,0.3384957517829235,0.4657830349224027,0.8429873663245444,211,-2187.381000000001
Minimal Engagers,,0.08474772590384703,0.45053873449975307,0.012858231275707451,74,-2444.5976
Bonus Opportunists,,0.43386798554502926,0.3270692716125648,0.7753210167812188,308,766.5373999999993
High-Value Core,140.0,0.20453174297994542,0.11497429796384215,0.009645155446615176,0,17397.5898
High-Value Core,97.0,0.20396826055773631,0.10622064885642397,0.012643907375753528,0,8648.626000000002
High-Value Core,81.0,0.4235109132774592,0.13984102973258794,0.0012029277568925598,0,20480.0158
Minimal Engagers,,0.6200264173658518,0.4568625536406675,0.0,27,-1729.8946
Early Churners,,0.03602325847361089,0.36379206758062305,0.40772861572099195,202,188.38160000000005
High-Value Core,114.0,0.14063333856830235,0.1450950915562259,0.07007369289048401,0,-1007.3242
Bonus Opportunists,1.0,0.22802517928500557,0.5430314482668885,0.8152168290710512,143,581.4288000000015
Early Churners,,0.6500475689018912,0.4313066152837471,0.5086757131414027,208,39.558799999999906
High-Value Core,311.0,0.13328523004780857,0.17205837071426647,0.0365967413130793,2,1190.4822
High-Value Core,76.0,0.45676890432241296,0.17726520625048087,0.08219853901773867,1,3289.6148
Early Churners,,0.04310100704074945,0.2445521097831484,0.3704975050198174,223,-554.0638
Borderline Opportunists,,0.13844844673275428,0.7614390513399157,0.9721343265196564,204,260.5772000000004
High-Value Core,79.0,0.21355767306745208,0.12419406674823613,0.013459633084785972,1,23674.7494
Bonus Opportunists,8.0,0.8923592060369391,0.6307770327868608,0.8360589413876277,251,-1955.746
Bonus Opportunists,20.0,0.21874464992065865,0.6419309683131574,0.9317005249684417,312,-5087.9856
Early Churners,,0.46047923004189933,0.2592640712913918,0.6383882476263552,204,-537.9379999999999
Casual Regulars,,0.09208242957128829,0.17613275437060405,0.14867719011399214,1,-582.0275999999999
Early Churners,83.0,0.1589843591445606,0.21558133941489804,0.5213282887373504,205,1030.9466
High-Value Core,100.0,0.23792849366152466,0.14347197298523226,0.09108000502865023,0,3970.6102
Borderline Opportunists,,0.33247008311364845,0.17584301801736202,0.08978287604821396,0,145.62200000000007
Casual Regulars,,0.06433249186418304,0.23983709983684864,0.04585223339851059,10,-553.3532
Casual Regulars,200.0,0.18784043647244517,0.17201526959981084,0.08550057110749251,8,-4182.5163999999995
Bonus Opportunists,,0.22308914619014666,0.4614026867164714,0.8273966219331362,318,-97.80360000000019
Bonus Opportunists,14.0,0.11633771096967277,0.7613496391750023,0.7001849799826105,214,-7947.7994
Early Churners,,0.1582020551610098,0.404681691795803,0.30088854045201485,210,-1695.3971999999999
High-Value Core,111.0,0.4794782642152941,0.17095571659844142,0.05968127346931127,4,317.3493999999996
High-Value Core,116.0,0.16919010552074995,0.10570132075050127,0.017707583762056292,1,6932.864399999999
High-Value Core,,0.17882451115389816,0.16308428008415382,0.08553797177503765,0,456.9814000000001
Early Churners,,0.14274501727857772,0.2438553448762496,0.42724909309108994,201,-224.66380000000004
High-Value Core,,0.26289269525413256,0.12286759271429062,0.048429678406547806,4,-379.82419999999956
High-Value Core,202.0,0.43747995746041485,0.16464621394856044,0.06398341049532788,0,1870.7819999999997
Casual Regulars,344.0,0.12654990052707352,0.1496208840574154,0.04143193716503638,6,991.4149999999997
High-Value Core,104.0,0.1860217033936114,0.12092881198584515,0.006182998435227031,1,8252.2746
Minimal Engagers,,0.0708079042096636,0.5365996630887896,0.05681285241344102,14,-1539.8652
Bonus Opportunists,0.0,0.31220873858679815,0.421751090046038,0.8175749689552017,116,556.3486000000003
Bonus Opportunists,0.0,0.9440893272886347,0.4257659932712438,0.8404510239794901,169,4332.0802
Early Churners,142.0,0.0918779896695444,0.2335023885355866,0.4913367398140317,203,154.79020000000014
Early Churners,43.0,0.6408858556128678,0.26553304563388885,0.4853695623212514,202,-1222.4373999999998
High-Value Core,293.0,0.17852092693314647,0.13806952333142905,0.07599239699386248,4,1416.1486
Bonus Opportunists,11.0,0.9288748045956561,0.38542427358777703,0.7089613808997286,162,-178.57280000000037
High-Value Core,121.0,0.16581490245162925,0.13282810593248334,0.00959715255483172,0,6771.258399999999
Casual Regulars,,0.22502274968901803,0.20228282308735202,0.1109144241973206,4,-1529.2215999999999
Casual Regulars,,0.1837087350615004,0.27183696349179265,0.07301745581393848,32,305.0842
Bonus Opportunists,0.0,0.1837843038127504,0.546189449818988,0.7958056349930956,165,-898.8399999999983
High-Value Core,213.0,0.13526983950416072,0.16651645744768825,0.0545368490109351,0,2432.3714
High-Value Core,151.0,0.13534419820119084,0.16971323630052312,0.061625285134074254,11,-3689.339
Early Churners,,0.46233904011514626,0.19518446794677763,0.5878100836918924,202,-78.96919999999977
High-Value Core,250.0,0.47761976449004634,0.16078160751664852,0.042689465890531374,4,-796.4328
High-Value Core,202.0,0.10713614961610413,0.2085034762433565,0.16325598574095526,3,-619.7429999999999
High-Value Core,117.0,0.15570221220156455,0.11979116817796145,0.0,0,14244.5858
Minimal Engagers,,0.01147916601710582,0.5913199597198453,0.14596982032576647,18,-837.0018
Casual Regulars,,0.11631761623241096,0.18837562311988482,0.09240429939637751,2,-288.0538
High-Value Core,70.0,0.17710545752346837,0.13857368316643878,0.1012603852144396,0,1889.9912000000004
Early Churners,,0.34020640718936906,0.21483279913615147,0.6179824273206409,202,-2106.9164
Casual Regulars,,0.2199009500077869,0.1794429317599236,0.05966111197632767,6,-673.6999999999996
High-Value Core,125.0,0.16506211170593127,0.20662235971843804,0.08176910179199663,0,4187.5650000000005
Bonus Opportunists,0.0,0.2790540427237804,0.524359874759979,0.8692283990040317,177,3214.9154
High-Value Core,95.0,0.42958777158896755,0.14415528118855944,0.09404870200796048,0,-1980.3053999999993
High-Value Core,77.0,0.14109812951626782,0.23442173592610532,0.09530382109231121,0,4367.404
Early Churners,26.0,0.08358757576400065,0.28227263113259815,0.5830768975819126,208,-858.6532
Bonus Opportunists,6.0,0.28617685292681483,0.5286788434239147,0.5867202889164773,191,-2816.3382
Casual Regulars,,0.0598031091210013,0.25051214798668037,0.043523399652272414,1,-10.72479999999996
Bonus Opportunists,6.0,0.9899988826461501,0.5436595314100405,0.7714349848933119,146,1797.5216
Early Churners,,0.19560147229999691,0.2688938063767998,0.4335661748513544,213,-1805.3250000000003
Bonus Opportunists,0.0,0.38055468714473084,0.390627920953664,0.812489540225869,131,2331.109400000001
Casual Regulars,,0.3890336588068942,0.1279969729038866,0.03003051911759086,7,639.7504000000001
High-Value Core,158.0,0.1380367496179633,0.1800548172839817,0.08583482076372123,1,-4019.0576
Casual Regulars,,0.22486958914047178,0.14300268988369969,0.018119194142346876,6,-1279.4912
High-Value Core,64.0,0.1776296688253104,0.12140792893291971,0.019781260044532695,0,18638.388199999998
Early Churners,,0.08766919788673176,0.24819756694899286,0.4656611462772875,205,-946.586
High-Value Core,113.0,0.1684203802864238,0.14244254083073596,0.08734086930866827,1,-2154.658
Casual Regulars,,0.2020233063911504,0.24511810908381634,0.06916708916759814,7,-1289.153
Bonus Opportunists,42.0,0.3489976820817602,0.43680801858429497,0.5806545404129564,310,-8591.7764
High-Value Core,236.0,0.16154941955042604,0.17092840668260417,0.06301620487151482,0,-353.18940000000066
High-Value Core,182.0,0.17591070190073646,0.1655172395334937,0.06348000869536351,1,-3398.5069999999996
Bonus Opportunists,6.0,0.9931086121157323,0.4620655601939539,0.48103229234038614,231,-2102.5919999999987
High-Value Core,337.0,0.108552770430315,0.12410869068731892,0.06716846485986945,0,877.0389999999998
High-Value Core,361.0,0.5201346876442364,0.2030213843244907,0.10430458083863534,0,951.030999999999
Casual Regulars,,0.12798986479364904,0.29993571867575564,0.025131222253607824,9,-1651.228
High-Value Core,107.0,0.521050539097904,0.1960411112114717,0.08131117363769906,0,-2160.473999999999
Casual Regulars,,0.10604018477127827,0.2132863784375145,0.013619306954102045,4,-35.957400000000234
High-Value Core,191.0,0.13232519108450477,0.15447031670603423,0.07341963760756855,2,2409.5249999999996
High-Value Core,212.0,0.17180763922234488,0.10560268660195929,0.0023342303938065656,1,-5076.0044
Casual Regulars,,0.032574935135157794,0.5390517059116041,0.05084188068222305,9,-1436.5664
High-Value Core,222.0,0.4642033230843324,0.18337599267435778,0.03943946675224983,0,946.5083999999999
Early Churners,40.0,0.5679806771277393,0.26564247586206846,0.479324216477082,201,-797.8927999999999
Bonus Opportunists,55.0,0.47910344929557436,0.30568561143462797,0.5176431912208421,309,-1522.7184
High-Value Core,327.0,0.11047155635751853,0.1681184299074156,0.08144902362437312,2,1137.4959999999996
Minimal Engagers,,0.1617419938443888,0.2582303281602613,0.11486199516817615,35,-2454.9616
High-Value Core,71.0,0.4334947772360107,0.1509341170595092,0.0043120134384265095,1,11242.756399999998
High-Value Core,220.0,0.175799335870129,0.12216075174631287,0.10275198036676435,1,-9351.7314
Early Churners,,0.15336025068917164,0.25097885071974585,0.1857276257465361,202,-1424.3316
Bonus Opportunists,0.0,0.9681842692364898,0.5459233396761126,0.7337706880577075,307,2563.010800000001
Early Churners,,0.07805813977504523,0.28562661520614563,0.5457189264539644,201,-551.2117999999999
Bonus Opportunists,16.0,0.9633550431021842,0.49562029545210295,0.9191173337679756,309,-8547.0558
Borderline Opportunists,,0.011745424027593512,0.46201325978968116,0.6932425275256614,289,-92.7847999999999
Minimal Engagers,,0.3215967353772104,0.2693139825934097,0.12242335460918699,2,-1042.658
Early Churners,74.0,0.09624378440502926,0.2417478098631152,0.36641986111940794,205,534.2667999999999
High-Value Core,102.0,0.19099578067494066,0.12601887378957677,0.078138972497364,0,3648.1041999999998
Bonus Opportunists,8.0,0.2202350572296342,0.622752830852842,0.7316524753799515,214,-470.1370000000006
High-Value Core,289.0,0.12332312129126019,0.12609251857985648,0.09893600680613496,5,1600.7477999999996
High-Value Core,170.0,0.5081049684104649,0.20417543588902426,0.07066437185395621,1,-4062.0768000000003
Casual Regulars,,0.4333729413732051,0.13773424524326366,0.16207596985823855,0,-1271.9056
High-Value Core,182.0,0.16845042161595306,0.1484366499401797,0.08050672013248847,1,-7308.2582
High-Value Core,81.0,0.170490764947051,0.10568067423811828,0.006805169537925248,0,17575.023600000004
Bonus Opportunists,52.0,0.3228097228349685,0.5033076346236871,0.7474855825838526,131,-10826.7534
High-Value Core,146.0,0.11894211500145545,0.18811138320075638,0.05480737860244471,9,1985.2536000000005
Bonus Opportunists,,1.0,0.7641348746922749,0.7165948566145469,313,-806.5082
High-Value Core,138.0,0.14552051124137214,0.17046721980645604,0.05684740098561413,0,-85.37319999999909
High-Value Core,93.0,0.23213580753594773,0.10849452654826713,0.007912483805947416,0,9765.4292
Casual Regulars,,0.06463096320808384,0.24398613895849872,0.10010379966703685,2,-192.6766
Casual Regulars,,0.22810395911395545,0.21747738345282694,0.03377272790644914,5,-126.6062
High-Value Core,254.0,0.18267664223511945,0.15747752102886703,0.06921356443320659,2,-9732.552
Early Churners,,0.08501859192479042,0.2044765050126366,0.4874953958676816,213,-2052.6656
High-Value Core,102.0,0.18206129133459342,0.10616072125692647,0.006528526027921905,0,13777.9824
Early Churners,,0.1996736969619213,0.1731958611094208,0.47908224955293144,208,285.43459999999993
Borderline Opportunists,,0.08761728710331072,0.3906767167279321,0.22547346494528347,0,-1330.8734
High-Value Core,348.0,0.16905663222085826,0.1302719505615399,0.09153324036890031,0,1124.8653999999997
High-Value Core,202.0,0.15015891257844627,0.13234969953237727,0.05076951063231451,0,1015.3690000000006
High-Value Core,109.0,0.1910844303059948,0.11594912616918268,0.08270925657948734,1,2143.6002
High-Value Core,207.0,0.13482982543703242,0.16366729425436455,0.036007834544794906,1,-1912.0071999999996
Casual Regulars,,0.08804028344744667,0.24368813720616245,0.0,20,-1311.0592
Casual Regulars,,0.569062422297496,0.21171285920924598,0.10864316797367012,4,186.9148
Early Churners,,0.7411332000417227,0.529311559333552,0.5711535070175433,203,-561.5002
High-Value Core,122.0,0.15588632203880023,0.15560001935098594,0.11141717080930576,0,3872.3832
High-Value Core,287.0,0.1610614750209845,0.1753269840888493,0.04536978448334763,1,-10072.6716
Casual Regulars,,0.0847166676281981,0.27503168031761904,0.10434296124718807,27,-195.1934
Early Churners,83.0,0.7752888209636858,0.5427335069096707,0.4490712417960721,215,-1511.7233999999999
High-Value Core,135.0,0.49025975895375373,0.18848010172230273,0.05649903402568137,8,2412.5184
High-Value Core,149.0,0.18985982437862772,0.1621177432117243,0.07526810537282332,1,999.3750000000009
High-Value Core,77.0,0.22375870761558145,0.11548152699977779,0.0034137490120615664,0,14372.682599999996
Bonus Opportunists,,0.07049022120936524,0.7051938581230568,0.9271459906899872,324,-833.0415999999998
High-Value Core,136.0,0.209438443535229,0.11656774375171164,0.1346515819166768,1,-2290.8549999999996
High-Value Core,109.0,0.16065556262199948,0.16355337284099197,0.07953070407834363,3,-1514.6322
High-Value Core,158.0,0.16494405693674402,0.12062937991538498,0.08184984389449752,1,-3268.0725999999995
Bonus Opportunists,5.0,0.3851366035469244,0.3751065436376692,0.8448071857208245,178,-3156.631
Casual Regulars,,0.05730990207997048,0.3329476922436619,0.07865603494936767,5,-1218.7705999999998
High-Value Core,213.0,0.11603326880571554,0.14184924790714792,0.07254387540894923,1,-3578.5989999999997
High-Value Core,352.0,0.14174657546684774,0.16971320139645343,0.0663353858538756,0,938.8073999999992
Early Churners,,0.46253503250705824,0.22596610516955304,0.45659491802004815,214,172.14
Casual Regulars,,0.19196200962996,0.1900401930358187,0.13121539332986745,1,-1761.8258
High-Value Core,129.0,0.3876421376110228,0.10637046606551474,0.12891853988143007,0,2994.7382
Borderline Opportunists,,0.0,0.2370185751365341,0.04627905611037608,6,-1084.2068
Minimal Engagers,,0.06895570657360689,0.2821446470783528,0.0,56,-2144.4658
Early Churners,,0.09924052856180336,0.2640510949495171,0.4114775950095418,204,-102.28919999999994
High-Value Core,175.0,0.15458519254208328,0.14257869957822572,0.09489061880945852,1,2801.7784
Minimal Engagers,,0.0,0.26614675384547637,0.18130677174456872,0,-2342.5656
High-Value Core,217.0,0.13000240153874382,0.1273527865514666,0.039395984910616584,0,2574.5672
High-Value Core,258.0,0.19277008513930347,0.1596412081200202,0.004996570018057966,0,-5650.975399999999
High-Value Core,89.0,0.12915667547230814,0.1517863681735936,0.10644812283242745,1,3982.8138
Bonus Opportunists,8.0,0.3975679954222089,0.42211268567017124,0.8408499977577071,105,-8165.998200000001
Early Churners,,0.1379393589958279,0.2660414031165223,0.533558115843949,205,-153.0154
High-Value Core,69.0,0.20301726199532405,0.11470091461587016,0.138487772076995,0,3420.6129999999994
Casual Regulars,,0.27086374690927745,0.1393966537778186,0.0,18,-1953.5366
Minimal Engagers,,0.204216286582132,0.20544279667314214,0.08562348327788759,34,-1551.108
Casual Regulars,,0.12137777356609487,0.23899308533403246,0.05698388302337279,1,-1443.3202
Early Churners,,0.16120676961416758,0.35842539116956834,0.4659696386976037,204,-1012.8835999999999
High-Value Core,79.0,0.2331741108959725,0.10448967746634615,0.003168904968052384,0,10646.111
Borderline Opportunists,,0.02678615984669105,0.6080501325878502,0.7232309796764897,201,-1771.1666
High-Value Core,85.0,0.1888913133697067,0.13441846861004897,0.015553306859236678,0,16147.626400000005
Minimal Engagers,,0.1576334941532423,0.5135841119199629,0.16239267315397823,58,-2575.542
Early Churners,,0.03295754679415814,0.18320083625880607,0.6916047611353758,210,10.257800000000088
Minimal Engagers,,0.1051866952538282,0.8117550912091869,0.0,110,-997.5764
Bonus Opportunists,2.0,0.24820774265891005,0.5818448388400805,0.5930111132204099,308,665.8945999999996
Casual Regulars,,0.48724564341392884,0.21188558864842696,0.03974842272228806,0,241.9112
High-Value Core,121.0,0.42711316870358046,0.14552242322288275,0.11406324125127439,2,-2064.1721999999995
High-Value Core,166.0,0.17145472296025333,0.12710408916374716,0.005545904379779879,1,13730.537599999998
Early Churners,,0.15674623905487073,0.3756879984970811,0.42461131147510395,202,-942.4496
Minimal Engagers,,0.1702698892432255,0.2789180546039373,0.04617146667572232,19,-505.6462
High-Value Core,197.0,0.11128577766894272,0.20621725105595903,0.039582772183865585,5,1447.8387999999995
Casual Regulars,,0.5505556365721189,0.23332612417584814,0.0267970870260492,4,-1959.5274
Early Churners,,0.09350156285655714,0.240570709253257,0.6621876724320115,206,-1841.0052
High-Value Core,183.0,0.35105878966451615,0.12520282721695575,0.002349741940386468,0,8777.672199999999
High-Value Core,263.0,0.21322853411264628,0.13444490509549303,0.05971927087991968,0,1444.3162000000002
High-Value Core,115.0,0.24963140263583644,0.18118102582767223,0.06918972154055056,0,3166.5532000000003
High-Value Core,120.0,0.17891067193036897,0.1310176963167494,0.08901091420641508,0,3204.1497999999992
High-Value Core,155.0,0.18641820546218343,0.10491521446058866,0.008228460866245306,0,-836.6260000000002
High-Value Core,183.0,0.5143994139806118,0.18681458361384867,0.06989002220953745,0,67.60520000000042
High-Value Core,183.0,0.4706395114839922,0.15132621516513642,0.0021634286172594577,0,-855.0583999999999
High-Value Core,226.0,0.13909940623329278,0.1684844855328098,0.09729144646502011,0,2430.213600000001
High-Value Core,166.0,0.1497577270486559,0.16100619359164975,0.06782142691461641,3,-39.88659999999982
Casual Regulars,,0.2409152581250365,0.13434921333813604,0.13129807994010226,22,-637.879
Casual Regulars,,0.1839695710133651,0.24357351804711294,0.12291653555245334,2,518.6176
Casual Regulars,,0.6241934998607472,0.37858809372725316,0.05236402700924976,5,-375.41859999999997
Bonus Opportunists,6.0,0.235283884760044,0.6037467861445761,0.7358217773449215,150,1551.6921999999995
Casual Regulars,,0.5106809492029065,0.27059335404985646,0.031029001853377373,17,-463.39880000000005
Early Churners,,0.5802183640123485,0.31988039643347405,0.4863083594425504,202,-983.3160000000003
Bonus Opportunists,,0.16805037392004374,0.7000817686579263,0.8952932885966284,173,-573.4758000000002
Early Churners,,0.17453497060631906,0.27323842596891074,0.39333699898746394,239,-423.08579999999995
Early Churners,,0.10715451431779711,0.29603990455819545,0.5038749687852051,200,499.75160000000005
High-Value Core,219.0,0.1777703552933232,0.1294919001073225,0.09099467892136602,0,1878.9508
High-Value Core,199.0,0.14407409295452156,0.17904937001840932,0.09086362712645067,0,-304.58839999999964
High-Value Core,108.0,0.25681260530221217,0.10288204172326837,0.016342577382753198,2,22773.478199999998
Early Churners,,0.07248606179530306,0.2201112519905699,0.2380991870678378,236,-1686.304
High-Value Core,126.0,0.3739470316738287,0.12095100604213725,0.15600550116825532,0,2724.5301999999997
Bonus Opportunists,1.0,0.9804325485416572,0.5520526116058169,0.7419917833599254,166,-284.02660000000014
Casual Regulars,,0.162169071233574,0.27994283819995436,0.07237325950051604,21,111.95080000000007
Early Churners,,0.06437288108429953,0.21747919590988438,0.39321082947743374,203,-525.9446
High-Value Core,186.0,0.10441608950491262,0.2438134660262539,0.04013051598128633,6,-2771.1816
High-Value Core,126.0,0.20231001746461322,0.14001091069273866,0.079208794850559,1,4567.336800000001
High-Value Core,107.0,0.1648762188321163,0.11188468570013149,0.0023705091580450074,0,20977.132
Casual Regulars,,0.2745202225417266,0.12365568011877878,0.06123627171691331,6,-1038.5428
Early Churners,,0.23409121470833955,0.2310525738001675,0.40132247164650553,206,-1240.7744
Minimal Engagers,,0.06794933309905635,0.3940890124272981,0.0,20,-1022.4323999999999
High-Value Core,308.0,0.2303292126981052,0.12790598013295543,0.10602663522134734,2,1558.482
Casual Regulars,,0.4708896930092653,0.20889827721470033,0.11157618799165583,1,-1183.2322
Bonus Opportunists,8.0,0.24299410768407684,0.5900522912586333,0.7872773803306727,120,-5806.458199999999
Bonus Opportunists,2.0,0.4585217236689671,0.40460515731228786,0.552596303483555,174,-2021.3090000000002
High-Value Core,66.0,0.15824220241002981,0.14525348326479198,0.022314919806079653,0,16383.052400000004
High-Value Core,82.0,0.1463795022074643,0.16227257612724758,0.07760994742234546,0,-841.5683999999992
Bonus Opportunists,5.0,0.5531451933857968,0.2974978732644922,0.67173572276413,157,-584.7619999999993
Casual Regulars,,0.4674354018994847,0.1912025908626659,0.0835269781923701,7,-402.2071999999996
Early Churners,,0.03615266362886782,0.32685907059653363,0.534492344609036,204,-32.71860000000004
Casual Regulars,259.0,0.48311686509216384,0.1557568931559219,0.05108083764385105,0,-1231.9001999999998
Bonus Opportunists,26.0,0.3213051582374782,0.4856829069894253,0.6555135663425065,222,-9022.8004
Bonus Opportunists,5.0,0.4290671841966227,0.406318674069191,0.8297083409517123,313,-3445.2357999999995
High-Value Core,,0.32167061673029024,0.14897296470804852,0.12073854056841135,6,786.3654000000006
Early Churners,,0.03756230496273735,0.36310624304648204,0.6989878117587915,205,496.69439999999986
Casual Regulars,,0.1098890827764237,0.3644288854750806,0.04641445797256654,7,-1442.5162
High-Value Core,200.0,0.20886901711498246,0.13562901504174077,0.0694558294399631,0,2261.7442
Bonus Opportunists,3.0,0.9602239530115732,0.4653859960292004,0.9040051838960895,209,-2816.2901999999995
Bonus Opportunists,,0.4875108264032188,0.3123024030434727,0.7714714846898235,308,112.58139999999958
Bonus Opportunists,0.0,0.2530864399767337,0.47903082803454117,0.8804908280347818,128,3994.6417999999994
Early Churners,,0.10306410756134204,0.23892723651152423,0.5680718465275223,224,340.06140000000005
High-Value Core,149.0,0.2295147366416424,0.1521921163653516,0.08715018054379217,0,-2356.033
Minimal Engagers,,0.4585865673178488,0.29163681143387976,0.0,37,-337.759
Casual Regulars,,0.6251778618252868,0.35331936354428317,0.07614683503812517,4,-1767.1906
High-Value Core,70.0,0.4770683761469635,0.14039632185599232,0.08238227757594373,0,3893.8188
High-Value Core,,0.15392475778895676,0.134610661893845,0.10713335590791763,5,502.60419999999976
Casual Regulars,,0.13924029894353984,0.2072809579377457,0.07119205147319164,10,-260.5324
High-Value Core,69.0,0.19523314846697237,0.14064421653555126,0.12854240834486647,0,-1384.7377999999999
High-Value Core,123.0,0.3655933708341918,0.12944230003919674,0.06852582970430823,1,1150.1581999999999
High-Value Core,,0.155075398502255,0.15800670785908083,0.1769807811418333,1,363.30819999999994
Minimal Engagers,,0.2333497247959694,0.555759429642891,0.7867147195334472,208,-1614.5375999999999
Bonus Opportunists,6.0,0.2825376969972228,0.5334253616270228,0.7587409166825823,257,-6149.311200000001
High-Value Core,295.0,0.12567906700229553,0.1460482403917447,0.05491056182554664,0,-10408.6242
Bonus Opportunists,2.0,0.2775937292731346,0.523384756505539,0.7905019007561845,109,2171.6516
Borderline Opportunists,,0.11661728903195244,0.21907537001194718,0.3510545975560983,1,-1593.9688
High-Value Core,104.0,0.21000310385433313,0.12184436345176644,0.023828005877026777,1,4038.238199999998
Casual Regulars,,0.18319201730087759,0.2259542446710681,0.06175244710536126,3,-521.5852
High-Value Core,218.0,0.17225750267151874,0.1362740880126926,0.02465868100633362,3,-1990.6228
High-Value Core,153.0,0.13653790025324122,0.16303900753250408,0.013532608625147225,1,3837.5865999999987
Early Churners,,0.12751861389080296,0.24875989459333722,0.5495896640700177,204,770.5355999999999
Casual Regulars,,0.6944245959108627,0.36965348658045905,0.03528770527100095,24,-635.0902
Borderline Opportunists,,0.6934586461681586,0.4195050724694026,0.48407184549521154,202,-2298.1634
High-Value Core,192.0,0.18632634219015104,0.1603949314529254,0.07174651368079236,7,-2231.2410000000004
Early Churners,,0.5568250544880771,0.2703558139813556,0.4429719879663784,224,-1520.9566
Borderline Opportunists,,0.4281045338058026,0.29437533339820676,0.0,10,-1673.5720000000001
Casual Regulars,,0.2644004985869803,0.21303335425161463,0.07131719405753374,8,-657.8278
Borderline Opportunists,,0.0,0.34667305614742855,0.14471570484882976,22,-444.4732
High-Value Core,104.0,0.19067058345926613,0.1306401418799134,0.0,0,15218.948200000003
Bonus Opportunists,0.0,0.17480721498862048,0.6476889806198235,0.40780024141394183,249,3069.644400000001
Casual Regulars,,0.14492481808576627,0.2145331656190676,0.05753703897122962,1,-1625.3374
Casual Regulars,,0.1886938925680647,0.18375628513806042,0.08496789082881796,30,-2.0399999999999636
Minimal Engagers,,0.6162764739433614,0.40247922171825457,0.09388086598305882,16,-365.8318
Casual Regulars,,0.09813539699690818,0.34167868326034867,0.049774443747658804,2,-939.8598
High-Value Core,,0.15248545285383142,0.12130350827017287,0.17650583200646447,0,-128.14060000000018
Casual Regulars,,0.16931843979351646,0.21378018843272326,0.07147669743941969,3,-1008.9388000000004
Casual Regulars,185.0,0.08868994446608755,0.2800901734909669,0.04644445581782803,0,-2224.0824000000002
Early Churners,,0.09343648784816265,0.31312578447757794,0.49244973975648787,211,-1177.6114
Bonus Opportunists,,0.48750536924747156,0.4032843514430032,0.8914683182886669,261,18.801799999999957
Early Churners,,0.6384668117285933,0.32345160299647874,0.4722354838610956,231,84.21680000000015
Early Churners,,0.11836172978292528,0.2683476287231378,0.5527118993390231,202,632.3613999999998
Minimal Engagers,,0.11752131831443177,0.3861241934804577,0.1958429350827068,8,-109.18579999999992
Bonus Opportunists,0.0,0.5533104823712397,0.31406851660110136,0.8017354227112304,109,4491.433400000002
High-Value Core,94.0,0.19947569376730878,0.10568634156283568,0.0034993534942323657,0,19440.5018
High-Value Core,76.0,0.20885551420030513,0.11418867533315002,0.003633328109980389,0,21085.113600000004
High-Value Core,140.0,0.17198920605411422,0.16209028767613798,0.08703256432958864,2,1027.0362000000005
Bonus Opportunists,,0.4542754119411986,0.33884097438915367,0.9048815291413536,127,-889.2304000000001
Bonus Opportunists,0.0,0.09826008137598984,0.7729777893503088,0.8331205679963454,191,658.0620000000008
Early Churners,,0.07328612543222146,0.2094810970811522,0.2806559048241944,216,-43.160799999999995
High-Value Core,190.0,0.1333583148098776,0.19911885594767964,0.08226010145028902,1,-1817.6718000000005
High-Value Core,113.0,0.25518406138972105,0.12949147214166273,0.00040723035698346787,0,8684.9414
High-Value Core,128.0,0.1690966033489397,0.1529909823650627,0.060987276420686624,1,-1074.2153999999996
High-Value Core,88.0,0.12485002184900645,0.19490475914823724,0.0658548171689401,1,4071.8326000000006
Minimal Engagers,,0.3673673673673674,0.1954586091575732,0.0,26,-464.8354
Casual Regulars,,0.079276662375795,0.38425232209934845,0.12192553053670345,1,-1265.8428
High-Value Core,165.0,0.15176879157990794,0.11982256915814621,0.005068451048908281,0,-3343.0736000000015
Casual Regulars,,0.4863177499208671,0.17282862775950902,0.07017911863187823,2,888.4667999999999
High-Value Core,145.0,0.17846945647501208,0.17390710569481516,0.08329121072681178,3,3247.9987999999994
Casual Regulars,,0.1995568747884122,0.18330317734620258,0.04989481065918652,1,392.4960000000002
Casual Regulars,,0.1334882401942539,0.21263524013148105,0.05420109533684266,0,428.4200000000001
High-Value Core,100.0,0.39515834902252595,0.12095813112725154,0.0024950628177654527,0,11555.380000000001
Borderline Opportunists,,0.044114426798491244,0.2721003487898784,0.0668497867704621,3,-453.8664
High-Value Core,108.0,0.19171734563508763,0.1264410129107235,0.004296197464653509,0,13315.6282
Casual Regulars,,0.5084596843429693,0.18202875243497954,0.09544883309758233,14,-562.5686000000001
Casual Regulars,246.0,0.12417167038784563,0.2155114178584832,0.03978149815386173,7,-2524.045
Minimal Engagers,,0.1444411668343689,0.22393382179289656,0.565915135290805,266,-528.4658
Casual Regulars,,0.20277925022538126,0.14676984378128058,0.27443499928419707,13,-389.85880000000003
Borderline Opportunists,,0.842986312951069,0.31078998273469494,0.37895301547214055,204,-1605.7448
Early Churners,,0.570274816427656,0.22002775111782316,0.5855277119501971,201,79.39300000000003
Casual Regulars,,0.06554745113378815,0.28221729894148334,0.10883791028635197,3,-252.31599999999997
Early Churners,,0.08354182991166281,0.2153821111538825,0.5037142997215522,211,-1318.6172000000001
Casual Regulars,,0.07599320244031717,0.3416445094055901,0.07435577237750676,27,-1844.9314
High-Value Core,214.0,0.3244747308606045,0.1329752665510156,0.0654386324973867,1,2345.8898
Early Churners,,0.03927413998277058,0.26879135185443814,0.5234717729606889,217,-23.87239999999997
Early Churners,,0.06647134247720374,0.21638148343585278,0.5066750558177799,206,-1022.7248
High-Value Core,106.0,0.22358580720613325,0.11922015214916643,0.012343493251264952,1,4733.841600000002
Casual Regulars,,0.4909684829930986,0.22912866928640702,0.03234090001390254,9,-1234.6354000000001
High-Value Core,85.0,0.2128128397013501,0.10264032777514771,0.003914374576333202,0,12991.6738
High-Value Core,150.0,0.17626378281256674,0.12710620721070315,0.017662344760693047,0,-911.5655999999999
High-Value Core,122.0,0.1281992148957875,0.18401006603425718,0.1135091954276837,0,1282.7170000000006
High-Value Core,73.0,0.10445323133292773,0.1424638388772133,0.17759484827605496,0,-1516.9593999999997
Casual Regulars,,0.24352279499772184,0.2795176811768542,0.08492491937468559,1,309.42319999999995
High-Value Core,137.0,0.39842861995551354,0.13562901857858906,0.08818307550964963,0,-2859.2932
High-Value Core,279.0,0.1855966091345323,0.17490468622894184,0.04967633042041937,1,-1032.3881999999999
High-Value Core,129.0,0.14008459079247368,0.1813065107386361,0.07953755133135475,2,-2283.0834
High-Value Core,130.0,0.13680181080836037,0.26160594899128686,0.08490019971702853,1,-925.0003999999999
Casual Regulars,,0.11451794354554301,0.2648978887992167,0.09319235001199057,13,-519.4656
Early Churners,,0.5511218961819379,0.2184472904584936,0.3373019685661957,203,-565.0217999999999
Bonus Opportunists,10.0,0.2662446640230709,0.49394017871984924,0.8381210858041293,229,-7452.714599999999
Bonus Opportunists,,0.9170278744437712,0.41028142686606744,0.7130278368582641,209,371.0496000000003
Bonus Opportunists,6.0,0.9603914118328852,0.4891715183887205,0.6726051105975518,149,-7055.8726
High-Value Core,127.0,0.16349684660622393,0.1311062074582576,0.054729733725312424,3,-2345.8541999999993
Casual Regulars,,0.0779157465247659,0.22742418195017844,0.04970885905882692,2,-1586.6888000000001
Bonus Opportunists,0.0,0.22334559864805523,0.6195846291728303,0.8718005814454395,216,4657.011800000002
Bonus Opportunists,2.0,0.35017408024219254,0.31289358149386737,0.8746153742707132,244,-1833.8044
High-Value Core,60.0,0.16870254069470483,0.11488975165191218,0.021924265203177376,0,16233.765600000006
Casual Regulars,,0.08602110928021048,0.3245266075206876,0.1262294864288,3,-233.07740000000007
Minimal Engagers,,0.0,0.5454530696586086,0.0,13,-351.45619999999997
Early Churners,,0.0962391904105277,0.2919165036467134,0.6957064535952312,201,-1055.0444
Bonus Opportunists,0.0,0.9860463959991724,0.4296128380683632,0.9522630039082008,307,1196.8102
High-Value Core,346.0,0.4262408153059,0.15417332529398495,0.07839761550594361,4,695.4560000000001
High-Value Core,115.0,0.18060652805493727,0.11505138786281487,0.0021661538049865784,0,9845.277400000003
Minimal Engagers,,0.32152898810355196,0.30785578499389393,0.0,58,-2534.1316
Bonus Opportunists,4.0,0.9231863993779975,0.48615406987263726,0.9003346444488396,312,-2364.4531999999995
High-Value Core,106.0,0.17513845503455555,0.1555363722917334,0.08684341267632104,1,819.7018000000007
High-Value Core,,0.29513465067879663,0.12329792904031815,0.09087201142157984,3,-13.54240000000027
Casual Regulars,,0.5430889738634634,0.1873505353446751,0.09084546149104947,1,-823.8498000000002
Minimal Engagers,,0.09370999736793113,0.7548782162461296,0.4241360715409158,275,-188.45799999999997
High-Value Core,97.0,0.10713734628672644,0.23614254816495686,0.08048545633171146,4,-1186.3222000000005
Early Churners,,0.1756503043767726,0.1792597790417075,0.5055806392087512,227,-472.45540000000005
Early Churners,,0.20402394435667306,0.19039524329519394,0.4727626273789472,205,-330.5264000000002
Early Churners,,0.1538309566199457,0.28672755505973085,0.3422049133193005,227,-2078.6498
High-Value Core,,0.16280695640589246,0.17330680593294454,0.12850077712828897,1,744.7502000000004
Casual Regulars,,0.20947827572130612,0.20474605524245243,0.09334280983246342,2,-439.5591999999999
Casual Regulars,257.0,0.41709206984238795,0.15456384895873473,0.0764763278204183,7,485.3032000000003
Minimal Engagers,,0.6018614291028216,0.3733085064388354,0.39221513559606813,211,-294.0722
Casual Regulars,,0.5498908572409528,0.2889853075369068,0.012020429210831653,5,-1046.2166
High-Value Core,182.0,0.09403579953582986,0.15015520083093997,0.0960563557777079,0,174.02139999999963
Minimal Engagers,,0.342366632345084,0.36781450108808517,0.19325173996270623,36,-643.4758
Casual Regulars,,0.1301503684741639,0.1808793345425187,0.039917011730592984,4,734.1303999999998
Casual Regulars,288.0,0.1662583147645858,0.14065585560558624,0.036451298196529494,4,1230.9325999999999
Casual Regulars,,0.1393712390071689,0.2841553520866866,0.05974469214611303,3,-467.6136
Casual Regulars,,0.17977682715115678,0.15950420203732327,0.04131351198047372,3,61.69599999999991
High-Value Core,315.0,0.14182733245558823,0.17947511644414368,0.04927068057388225,0,1531.4956000000002
Bonus Opportunists,,0.1665018868671246,0.6468123373306374,0.8329498261037489,193,-415.3238000000001
High-Value Core,121.0,0.21430634465531254,0.12229108085500524,0.0087118306446325,1,10011.8106
High-Value Core,200.0,0.11702797340061083,0.20509942926746155,0.06070753614600834,0,-3491.5792
High-Value Core,144.0,0.09635802408687728,0.20340947455623032,0.06044242271199789,2,-8.31959999999981
Casual Regulars,,0.42757341619352635,0.23023315787796184,0.12052003466566065,9,425.4942000000001
Casual Regulars,,0.15661113676357624,0.28571887841101584,0.08106521802349294,4,-2036.0516
High-Value Core,97.0,0.1308725791772163,0.12619831971273285,0.11819200775047395,2,1248.9320000000007
Casual Regulars,357.0,0.08804668756571644,0.16376551056281408,0.06312831430608318,0,28.764000000000124
Early Churners,,0.08588655138504794,0.24855399834727035,0.6488820037843421,216,-1749.3008
Minimal Engagers,,0.22780381867672925,0.23030640351615972,0.45101713926335835,214,-2057.5317999999997
Borderline Opportunists,,0.15598392917082365,0.31245003767400836,0.06946514562213094,10,-769.8044
High-Value Core,123.0,0.19073234899338565,0.12603677433140184,0.025606383441728903,0,18116.1276
Casual Regulars,,0.22208328740011898,0.17128378836401473,0.052495135398490655,0,-593.4636
Casual Regulars,,0.10393682282792646,0.25348998413959123,0.09578489267704814,1,-1902.153
High-Value Core,158.0,0.1310565777062475,0.13648238308970048,0.0991319037249618,0,-3086.7278
Casual Regulars,306.0,0.13768231337035097,0.1411269862137212,0.09703606494875675,2,448.5562000000007
Casual Regulars,,0.10346701902262688,0.35304503022501077,0.10629684980995303,30,-1843.0882
Bonus Opportunists,36.0,0.6501824190750932,0.35141258178062074,0.6791592042590371,205,-8942.6782
Early Churners,,0.6550172121738297,0.26830475938709103,0.46569381541350674,201,-1116.4569999999999
Early Churners,,0.1246197891324349,0.28124073107055253,0.4808653781993116,203,-957.4904000000001
High-Value Core,89.0,0.09101936559951926,0.1754303998442945,0.07594056299526239,2,1107.3554000000004
High-Value Core,,0.18691024584525923,0.17326516038838125,0.07700052845533885,0,446.16899999999987
Bonus Opportunists,3.0,0.5305883982227234,0.44868211783046186,0.94923596246156,308,-928.3446000000004
Borderline Opportunists,,0.06921120764160799,0.22840338600106688,0.009568449808734341,13,-174.20480000000003
Minimal Engagers,,0.9055774385025013,0.6095432013177866,0.016025768451499996,24,-333.3794
High-Value Core,138.0,0.0593875054956797,0.14137013142138616,0.05412415226796982,0,1920.1782000000003
Casual Regulars,,0.08826242583898289,0.20005523182544294,0.19708028225446828,0,-249.25779999999997
Early Churners,,0.5758988567392377,0.30140298427589535,0.4051965545908577,239,-1544.0303999999999
High-Value Core,232.0,0.1539748964659028,0.17186404162184282,0.08460434887894629,1,-2250.2909999999997
High-Value Core,277.0,0.11368222097130212,0.25627837281329396,0.07667658646026235,2,1402.6203999999998
Early Churners,121.0,0.17469713834294484,0.29978360483727845,0.4822801547676623,201,-4884.5314
Bonus Opportunists,0.0,0.9950297965015193,0.6019895359448705,0.8705312798685341,144,14029.879999999994
Bonus Opportunists,0.0,0.14403976096969856,0.7105695224946189,0.7894305480714652,156,-5150.8042000000005
High-Value Core,98.0,0.1938081886953715,0.12246542842605403,0.011698585304696293,0,14731.635400000006
Bonus Opportunists,2.0,0.9657004527259375,0.7928258131073226,0.8228291614988247,268,-3490.916
High-Value Core,110.0,0.15817805105098337,0.12659095413669608,0.0035795230113634035,0,10491.898600000004
High-Value Core,193.0,0.5146970634719227,0.1747932159268185,0.06469751989868543,0,86.3980000000006
High-Value Core,136.0,0.1939759367557519,0.10840417809319342,0.004298811853260344,0,7292.496800000001
High-Value Core,74.0,0.1470032739248477,0.15201397518058637,0.10596917846787572,0,-1170.6848
Early Churners,,0.48746063586520494,0.28072066531781004,0.44534887316852323,206,-24.41260000000011
High-Value Core,183.0,0.20824027281125532,0.1327708712915538,0.16501052737622998,1,-1868.2652000000003
Early Churners,,0.1504962285542353,0.2740156687181946,0.49576454360657696,203,-658.6307999999999
Casual Regulars,,0.052909178525875275,0.25128513121994933,0.053871619588116426,11,193.14560000000017
High-Value Core,167.0,0.16942616780885844,0.15477597728460876,0.02134523073478391,1,8268.275399999999
Casual Regulars,,0.059547997291944266,0.13485276643117952,0.033494835074217605,2,-152.59619999999995
Casual Regulars,,0.4351801045363596,0.2128079633805943,0.09111838021659102,3,316.69539999999995
High-Value Core,74.0,0.14661490730698845,0.12466895615873037,0.005125282567686557,0,24016.998199999998
Bonus Opportunists,1.0,0.9363286232396381,0.39981870206197856,0.8841335123813291,145,-6411.953399999999
Early Churners,125.0,0.6936865943827756,0.41622547814700755,0.5373555859388138,207,-1457.6662
High-Value Core,122.0,0.5121588664945906,0.18948238956907892,0.0632840463507057,2,1352.249999999999
High-Value Core,215.0,0.07301987379963716,0.14097802457708733,0.05843876549371454,2,2955.7367999999997
High-Value Core,142.0,0.1332633005236095,0.10230656730817578,0.0032978652429956627,0,5139.8158
Early Churners,,0.02159007816853221,0.2524031640545169,0.5974641661390295,238,-20.687599999999975
Casual Regulars,,0.2531468997860135,0.1316465968715832,0.059683983584939426,4,-1528.2754
High-Value Core,94.0,0.1254409848882727,0.13295703469725906,0.008454531918810883,0,12337.323799999998
High-Value Core,264.0,0.1635301582125789,0.20131052085350315,0.09020797971106996,1,-8257.2602
Casual Regulars,,0.284775158455314,0.27766023038424065,0.03856060828239962,4,156.9642
Early Churners,39.0,0.07046262840502795,0.21999568620228824,0.7011047677876124,215,769.2259999999999
High-Value Core,95.0,0.11756143631961108,0.13869620833993232,0.07340861736501653,0,206.95739999999978
High-Value Core,242.0,0.42285788229404375,0.1684689577879108,0.12024802188063043,0,-8218.8966
Bonus Opportunists,61.0,0.5984128586734181,0.2975425093757921,0.6455391344679468,255,-10854.2614
Casual Regulars,,0.3679320436151204,0.15502670906158947,0.051663411944553546,6,-1732.3376
Early Churners,,0.27832099191560733,0.24976642414689748,0.3499560454969555,254,-1503.3296
High-Value Core,102.0,0.17966754899917597,0.10268672339945531,0.017390943595706067,3,6704.884
High-Value Core,338.0,0.398402776836917,0.15479803739822162,0.11212993284511286,4,1164.2829999999994
Casual Regulars,,0.5447837077898016,0.25013746858436725,0.04895587831004055,0,-585.6634
Minimal Engagers,,0.0,0.49339442881397166,0.0,47,-937.1712
Bonus Opportunists,2.0,0.2190115866444919,0.6061817280099151,0.8946415833308807,174,-216.54779999999982
Early Churners,,0.10473214178945423,0.33693972448357007,0.48150713020063607,229,-1062.6968
Casual Regulars,232.0,0.21987562782027725,0.14917355613703898,0.1105375578497686,0,1317.9852000000003
Casual Regulars,,0.18588689869063874,0.23865173931607164,0.08761811191006508,7,-203.71219999999994
Borderline Opportunists,,0.04702119381500793,0.4977507616398751,0.4175211315418502,237,-418.54139999999995
Bonus Opportunists,41.0,0.47845421446208053,0.33812666990908447,0.7491303894722763,307,-1250.1616
Bonus Opportunists,8.0,0.5067488262627939,0.3433575862334081,0.8279035244907659,205,-8375.8214
High-Value Core,307.0,0.16815211050749798,0.1575581122299557,0.11150519661680541,4,-1284.7923999999998
High-Value Core,273.0,0.15524290606382402,0.15986565795884333,0.11221427041805385,1,1930.8026
Casual Regulars,,0.0878570233778514,0.3051800829065904,0.12855848333579864,4,-2021.2984000000001
High-Value Core,246.0,0.15449752466952363,0.12336118763182385,0.04231367486371927,4,-651.6938
Early Churners,,0.12341789040307273,0.28346318191285325,0.35165692133293736,210,-619.5033999999998
Bonus Opportunists,6.0,0.5488972410078508,0.41562258101869903,0.9344234202662902,308,-7314.8042000000005
Bonus Opportunists,,0.43469563928722355,0.34850851967829466,0.9150634574039578,311,-1219.4046
Casual Regulars,237.0,0.3951611174176248,0.12426778108720932,0.08517376328110227,4,970.8748
Early Churners,,0.5515859487243172,0.3043403492353828,0.5458875224693807,207,-1687.8586
Early Churners,,0.07877983287389628,0.294158941409596,0.4815260576291294,211,-561.3924000000001
High-Value Core,119.0,0.3917450166357399,0.16147539766953212,0.05819735491323459,2,-1837.224400000001
Minimal Engagers,,0.3199847087446234,0.22372266699700233,0.2979769466603544,31,-1042.0012
High-Value Core,132.0,0.5001940636395555,0.16368699843421775,0.08051034216540806,1,2594.149
High-Value Core,114.0,0.19421479200974334,0.16988332410110046,0.07335457706645132,0,2172.0602
Early Churners,,0.09079803673436793,0.21222296966256432,0.6426967661167802,206,-566.4026
High-Value Core,131.0,0.16459427110173055,0.16377785420078836,0.07506241288246401,1,1239.548200000001
Early Churners,,0.526985024163014,0.32709066441942286,0.3937914748824675,213,-710.0652
Bonus Opportunists,0.0,0.5201787428497545,0.31236155493037954,0.7170822121024449,134,4640.467199999999
Casual Regulars,,0.3583734270259624,0.20511089772754357,0.05666882961587427,9,-245.06559999999996
Early Churners,,0.6261861928907857,0.27215299780777075,0.5603699298867799,202,-1668.364
High-Value Core,287.0,0.16912740442639235,0.155859720799864,0.1541806139938289,0,2025.9162000000006
Casual Regulars,,0.5295972672621833,0.27518400631449347,0.09972269058228733,42,-379.8522000000001
Casual Regulars,,0.1978635091622026,0.2590418010908864,0.03781951890349898,12,-1320.8029999999999
Minimal Engagers,,0.0,0.7077192234385944,0.10054445426299137,8,-559.6759999999999
Bonus Opportunists,5.0,0.11785555813202052,0.7464913165046932,0.4166124174684484,198,823.2442000000001
High-Value Core,117.0,0.23795149957166606,0.11075565121587103,0.0016822954127099958,0,6715.466199999999
Early Churners,35.0,0.2814871451573117,0.4407237845632069,0.7912029205312767,310,-4456.5181999999995
Casual Regulars,,0.10257126320447657,0.2024466058997183,0.10895599704654271,5,-448.28919999999994
High-Value Core,137.0,0.3275855569937173,0.11796484696482003,0.004932918578944445,0,15959.803600000003
Borderline Opportunists,,0.16244393974039384,0.2899164646915741,0.07785098948024056,42,-314.8604
High-Value Core,31.0,0.1733624880844381,0.12440214559954892,0.033920420953023674,1,22608.1318
Early Churners,,0.09297157721786733,0.2011393569452054,0.454419530927395,208,-626.059
Casual Regulars,,0.22347710519229244,0.16867146803331176,0.19833936692950793,7,-456.82359999999983
Bonus Opportunists,54.0,0.41568974246602813,0.3870998921826127,0.5577958677064195,218,-10309.2884
High-Value Core,135.0,0.1400586254332417,0.17513353642771862,0.08032262435003022,0,1581.3378000000012
Bonus Opportunists,7.0,0.11761303328102862,0.6741685780912101,0.90541290321081,187,-3360.6106
High-Value Core,92.0,0.21224222790650235,0.14390202949101435,0.027599520304776647,1,1900.1272
High-Value Core,,0.2078053642311024,0.14770898658451753,0.11068666126412734,3,270.7487999999994
Casual Regulars,266.0,0.13575384999586435,0.13798327504143623,0.03358119931914275,4,-4316.3746
High-Value Core,270.0,0.1749563443029898,0.19188980008498616,0.10650822872395799,2,-10179.1566
Casual Regulars,,0.31259468097980797,0.1916482215155446,0.05680739204036405,12,-2181.8854
Early Churners,,0.14388400280038507,0.2449891588248023,0.5615526822438086,208,-134.33600000000007
Borderline Opportunists,,0.5659686903019326,0.33319401537887877,0.08330811025380205,4,-2358.158
Casual Regulars,,0.6549333661548369,0.21781072879187593,0.10115119101805492,3,-166.5311999999999
Borderline Opportunists,,0.26680628062405437,0.15778386521432206,0.1638351910870261,1,-360.6834
Casual Regulars,312.0,0.08040097027358814,0.2746906363387304,0.11244863047521936,4,522.6393999999999
High-Value Core,,0.4192733804678967,0.14914229980882993,0.08292515951026037,0,879.4000000000001
Early Churners,,0.22215254269490742,0.1478368654991975,0.5217287219928811,201,-273.64700000000016
Minimal Engagers,,0.0,0.5375893387792828,0.6965284602010733,312,-446.0032
High-Value Core,155.0,0.23689750090907552,0.1709966402050014,0.044484436562502734,0,-341.82760000000053
Casual Regulars,,0.0933849063135304,0.28905423178976347,0.05452342212431452,10,-1514.9874000000002
Early Churners,95.0,0.20200725245383278,0.27526458792445274,0.4320568463838723,204,383.29859999999985
High-Value Core,161.0,0.17938969166002955,0.16320154734469747,0.08489005195888802,2,1436.7000000000003
Minimal Engagers,,0.01798045688514574,0.3002623976422253,0.5347235348158438,256,-409.00120000000004
High-Value Core,111.0,0.13749339535324018,0.10627454541778489,0.008138269389671951,1,11555.520399999998
Early Churners,,0.17627588942169506,0.24093856537694594,0.370145184855959,210,-181.61259999999993
High-Value Core,121.0,0.18670170321721752,0.1296060693579922,0.06825974908430794,0,71.33379999999943
High-Value Core,165.0,0.4066920173976165,0.1485501394907827,0.16833003730969157,4,-1986.9524000000001
High-Value Core,170.0,0.21784357794834383,0.1335798611837675,0.0015773025109593268,0,1923.7801999999974
Casual Regulars,,0.06635447200640626,0.22077396576744807,0.03254498266203826,9,362.15440000000024
High-Value Core,146.0,0.17853111018134257,0.20940070099485705,0.07162259479974588,0,3120.3055999999997
High-Value Core,,0.09878492235319586,0.23744318356210642,0.12566050355372754,0,594.6124
High-Value Core,252.0,0.24042725630739617,0.17976426493245065,0.0916620844744494,1,-8415.521
High-Value Core,302.0,0.13872301219454894,0.16567132051953518,0.040498078393991194,5,-1161.2366000000006
Casual Regulars,,0.04906734397203665,0.23616961296734293,0.03205766895883355,11,-1865.324
Minimal Engagers,,0.26276900210748455,0.2732856387742897,0.43857661117619196,49,-458.9788
High-Value Core,103.0,0.18148044584013123,0.10696631463755174,0.01902588460437207,0,24056.766000000003
Early Churners,105.0,0.5821774862995509,0.23942041904015626,0.503160113873182,219,-1432.9182000000003
High-Value Core,,0.15779050586600665,0.16975568471030694,0.06303939674901833,2,435.7453999999998
Bonus Opportunists,18.0,0.9524484828004468,0.7599339440073842,0.7353294967863906,303,-7251.737999999999
Casual Regulars,,0.15852869702003577,0.30113622524069267,0.144156102371831,1,-16.991800000000012
High-Value Core,188.0,0.13496435586857186,0.1706077198253509,0.12386980374974399,2,57.31039999999939
High-Value Core,136.0,0.1803692378484681,0.15901884984775919,0.06249522046135558,0,1363.7249999999995
Casual Regulars,,0.2302899732406103,0.13805404507230307,0.06935063427439672,0,281.7206000000001
Casual Regulars,,0.15120096121454746,0.27838759596135887,0.059612856090925134,5,-58.65080000000012
Early Churners,,0.14004697940898786,0.23683597414668242,0.5448909892725696,231,446.0339999999999
Early Churners,,0.22284616929025847,0.3638902556195579,0.46790860060967654,213,-47.52299999999991
Bonus Opportunists,0.0,0.3298418356970286,0.49445048277704673,0.7407694893622213,191,3800.866
High-Value Core,176.0,0.19487018082348162,0.11313526859742919,0.11992143511126456,3,-2915.7785999999996
Casual Regulars,,0.07185149009101005,0.42113816346281163,0.053422083639992055,1,102.73559999999998
High-Value Core,314.0,0.11992718772202511,0.14512110256994493,0.12849995752654647,12,-10647.1926
High-Value Core,137.0,0.08139430132252085,0.16154448524943424,0.06708421061911864,4,-4.614000000000033
Casual Regulars,,0.1223961306743353,0.25300873833632276,0.06128034813946102,2,-2167.3458
Bonus Opportunists,8.0,0.20414973574444745,0.5953891838384797,0.6709777670226826,277,291.8850000000002
Casual Regulars,,0.04124844645220775,0.2432165081143268,0.0,6,-1779.1889999999999
High-Value Core,279.0,0.16124006991173917,0.15090493240578842,0.09759146790166066,2,-10320.251
Minimal Engagers,,0.018159388039518422,0.6044011463137072,0.01953303051596411,6,-909.9682
High-Value Core,86.0,0.20455831137090688,0.10753469518208561,0.009929996714392054,0,9417.809799999997
Bonus Opportunists,11.0,0.9479242395046316,0.6238173191736591,0.8031552346427373,164,-8744.0932
Bonus Opportunists,32.0,0.3841571829800067,0.44141818526054494,0.5721509946703004,218,-8101.9304
Casual Regulars,285.0,0.37932751241423057,0.13994651655418927,0.1293517546871861,0,-1325.1757999999995
High-Value Core,72.0,0.38752938920807545,0.11062273690175577,0.013354484127441281,0,23704.84
High-Value Core,91.0,0.4264208151900725,0.1332387566811713,0.0060669966235205805,0,10863.039
High-Value Core,112.0,0.1272964292921066,0.19183336994270228,0.15461366968216886,0,913.1900000000005
Casual Regulars,,0.04184743743763091,0.22781980630571885,0.08775465155194147,25,-106.77640000000008
Casual Regulars,,0.2032918941249319,0.22887312765636125,0.010593605225825899,2,388.80780000000004
Early Churners,,0.13358069499168726,0.17767230907601783,0.7030470577821324,201,122.33979999999997
Early Churners,150.0,0.4602946197262337,0.20937776307529854,0.49182620107346864,205,310.60480000000007
Casual Regulars,,0.530358433569116,0.2938507005763373,0.026347167144092673,15,-2036.911
High-Value Core,156.0,0.2403670024013029,0.10276438139282919,0.017346704423819834,0,11056.7198
Bonus Opportunists,1.0,0.7253887109500623,0.39075454737833804,0.6307630901295763,153,701.3105999999998
Casual Regulars,,0.19786211629244296,0.14446629204006733,0.17525490609348854,0,-476.9298
Bonus Opportunists,0.0,0.3350893192414472,0.4503083924461038,0.6413501884030051,308,1727.474400000001
Minimal Engagers,,0.2357849110776396,0.22382695841589914,0.0,18,-1020.7286
High-Value Core,107.0,0.16740947409005927,0.15732468255761228,0.00793316069140572,0,9304.755399999998
Minimal Engagers,,0.21485045887524493,0.1621246899465676,0.0,4,-367.829
Bonus Opportunists,0.0,0.2706609910101351,0.5225484273115178,0.7584451760024523,273,-4081.374599999999
Minimal Engagers,,0.10599329780278836,0.34189658389522537,0.35608109727085707,23,-907.857
Early Churners,,0.12359079703569077,0.3046098865282096,0.5452817119992698,220,-1806.8033999999998
Early Churners,,0.0855720179772601,0.22769602156410113,0.7062557287418288,202,-1276.7612
High-Value Core,286.0,0.4336806061719434,0.1340982050111258,0.1038196913284583,0,-10297.4848
Bonus Opportunists,,0.33441102329515554,0.5067876635197633,0.9010675037182444,273,-592.0631999999998
Bonus Opportunists,,0.23706833552680665,0.48495495537542704,0.8815860534436176,175,209.72460000000046
Casual Regulars,,0.06058700764228549,0.2593596208871194,0.13880021125170414,13,-2176.6188
High-Value Core,105.0,0.1653338708143448,0.16652965538455627,0.0826346286836955,6,-1744.8693999999996
High-Value Core,107.0,0.3562535301381635,0.11635158631573242,0.0012049459703012536,0,8566.058400000002
Early Churners,,0.0918914469571306,0.2261849144305321,0.4009892138802525,210,-1240.248
Casual Regulars,,0.17338057913269464,0.23586759087330966,0.1207896654720545,0,138.58940000000007
Casual Regulars,,0.15483225454764574,0.2245891482353669,0.02762541496697781,5,-486.3890000000001
High-Value Core,70.0,0.16311868334145804,0.10759752645251897,0.007297179898602733,0,14220.569
Early Churners,,0.055591596144547874,0.3626370022402102,0.44758475410194554,209,-276.85400000000004
Casual Regulars,208.0,0.21727028244999627,0.14679371070512656,0.16404749469192845,3,-4391.0568
High-Value Core,99.0,0.2695454905390874,0.14239111970140036,0.09752596162118912,2,-2229.6008
Bonus Opportunists,0.0,0.20831581334753355,0.5781986701688444,0.8276852597454253,307,1213.3782
Bonus Opportunists,1.0,0.2936033318655671,0.46023756297029134,0.907498320711343,307,1171.7928000000002
Casual Regulars,,0.4832453869880542,0.13327981998619068,0.03565305591775752,10,135.3116
Casual Regulars,,0.44421636826700117,0.24239902710694927,0.07079454733959574,18,-163.33719999999994
Early Churners,,0.0630124270048173,0.35092226430222967,0.49370388435074986,203,-766.2674
High-Value Core,,0.4114435627656417,0.12607040182355064,0.06843132922498645,4,698.3595999999998
High-Value Core,137.0,0.53818156846014,0.1901665950468055,0.06512192543363787,0,1593.7003999999997
Bonus Opportunists,3.0,0.36230860177476815,0.4331343025484747,0.8154546131269172,161,-8159.8802
High-Value Core,109.0,0.12866315557025385,0.16681087261096958,0.0991964606069798,0,-42.5631999999996
Early Churners,,0.6838637304232286,0.4847789145755881,0.5776567810514349,229,-130.72840000000008
Casual Regulars,,0.20977855324714215,0.2831942271623366,0.18846859400002647,3,-1814.5832
High-Value Core,115.0,0.3925746044297836,0.1056297588549869,0.014916684029992563,1,16167.947800000002
High-Value Core,133.0,0.19047477870779544,0.10119039161306666,0.0036915750445587325,0,8841.6352
High-Value Core,,0.16274094736729547,0.15121457217207185,0.06386511259071258,1,699.1290000000004
Bonus Opportunists,0.0,0.9415337889474563,0.8061821798261839,0.8981653291294616,212,-33.796799999999166
Early Churners,,0.20896510176359331,0.2743560930479118,0.45122192582809334,202,-271.3736
Early Churners,,0.08460726021596783,0.29671695743686133,0.42605750018917715,201,-1854.6668
Bonus Opportunists,0.0,0.39427043537013445,0.427999960918097,0.7868086587940483,201,-5232.443399999999
High-Value Core,274.0,0.4201759763824877,0.1559463297842707,0.08731083697683344,3,-8676.0808
Early Churners,,0.5626103416289896,0.31145995649573116,0.5612528706147523,203,-377.44100000000003
High-Value Core,143.0,0.19539904583731182,0.1364219820579387,0.10081341040926396,2,-752.8154000000004
High-Value Core,355.0,0.20846750169403472,0.11704723366978073,0.08692977117939349,2,1037.4696000000008
Casual Regulars,,0.07315824467401837,0.1589534512529088,0.04391582837241947,2,-826.8929999999999
High-Value Core,250.0,0.4783128859073331,0.16213313311409158,0.0701733201556421,1,2056.6889999999994
High-Value Core,138.0,0.12195907843134168,0.15663484844478034,0.01973659803256834,0,9253.1492
Minimal Engagers,,0.15149408149966986,0.40589651633749085,0.09435725043261366,21,-329.2303999999999
Bonus Opportunists,17.0,0.9373046428612728,0.41515805812768763,0.7052976188181778,157,-7545.3564
Casual Regulars,,0.13173612322843617,0.16570166344275886,0.10793244097044415,0,-162.0548000000001
Casual Regulars,,0.19513174031803954,0.1987144778632345,0.04962463129779359,0,-1466.4812
Casual Regulars,,0.6245268267162705,0.27085352121325423,0.0582790792303668,16,-1911.88
High-Value Core,127.0,0.4104852113049351,0.13017180092702849,0.0029227519545560517,0,13737.1198
Bonus Opportunists,,0.7952821828215394,0.6178434792136226,0.6953770442372637,274,-14.157399999999939
High-Value Core,86.0,0.48471051676581073,0.15917339783705678,0.07946631724149479,0,2659.5596000000005
Early Churners,72.0,0.6243609590048989,0.2607167432448623,0.4664231830332301,203,441.8352000000002
High-Value Core,311.0,0.16471581701819538,0.15589420221149694,0.08510851047433228,2,1700.3314
High-Value Core,113.0,0.3915470130998212,0.11061917165791585,0.004648466386344949,2,9240.4326
High-Value Core,214.0,0.13791790561610237,0.23194785654538402,0.07224264169420187,0,2640.859200000001
High-Value Core,109.0,0.11013086966823316,0.13269734144608403,0.0688965821869365,2,889.0970000000002
High-Value Core,98.0,0.2016934593335436,0.1577748204836781,0.1119767123547935,1,-1331.3941999999997
High-Value Core,111.0,0.21501207569927336,0.14362646613657334,0.0687342270279477,11,665.7793999999999
High-Value Core,,0.15496287859487956,0.17477133502256645,0.08956859029206204,0,421.67980000000034
High-Value Core,356.0,0.14299938844355597,0.11616381846329121,0.1029745973920077,8,841.4199999999996
Bonus Opportunists,0.0,0.9837541061581468,0.8407931456812908,0.9216707962200814,308,-3168.7601999999997
High-Value Core,328.0,0.1673058497163181,0.16231214131350769,0.06749742905444385,2,1386.8599999999997
Bonus Opportunists,7.0,0.484543296226321,0.3280636680376272,0.9793263594526039,308,-2775.022
Casual Regulars,304.0,0.08772943830298408,0.2346276793766489,0.054437004497149256,2,1375.4926
Casual Regulars,,0.034720228751626094,0.34992500396762916,0.0,1,-214.34520000000003
Casual Regulars,,0.6819811853295986,0.4287662331081552,0.05316967931123717,17,-603.3592
High-Value Core,74.0,0.1221084710294585,0.14227094469608947,0.0935648264994205,0,1515.2546000000002
High-Value Core,,0.5077292668769813,0.1509192191762286,0.10885294666934883,0,732.6576
Bonus Opportunists,22.0,0.8942042419690461,0.3398715424172871,0.9660739161537734,114,-9077.7642
Casual Regulars,,0.17659053736225688,0.2993859475235057,0.12894306419455354,0,-2181.195
Bonus Opportunists,5.0,0.3657601041879311,0.42999214497908045,0.7773698461958973,314,-2717.0630000000006
Early Churners,,0.5346307051094588,0.24618816537237911,0.552735966598455,201,-585.3202000000001
Early Churners,,0.19046575939989155,0.35601973746572124,0.5566399243933726,231,-281.83560000000006
High-Value Core,108.0,0.13717273703103763,0.10038855511032693,0.012003258730039877,0,10986.545399999999
Bonus Opportunists,222.0,0.44891292079403977,0.444068260032237,0.9350872650012274,142,-11095.0668
High-Value Core,133.0,0.1199871227421738,0.13578542781370107,0.07436753913388888,2,-1691.3062
High-Value Core,164.0,0.229277125822771,0.16183257047854332,0.08361603297483948,3,-3540.5697999999998
Minimal Engagers,,0.18690572713201153,0.6960560474054689,0.8130942728679885,248,-1156.5856
High-Value Core,89.0,0.23536433287082864,0.1270021628026285,0.11142331888652562,3,-1843.1436000000003
High-Value Core,134.0,0.1504358886160371,0.16868349663599919,0.07620904215048213,1,-2538.101199999999
Casual Regulars,166.0,0.1322962286817395,0.1880738989171747,0.14292762907465062,1,-4124.6196
High-Value Core,137.0,0.14896480624420075,0.1344953450364642,0.015821752400651052,1,7907.873400000004
Bonus Opportunists,0.0,0.2693670456374181,0.5278612380594417,0.7447571288129264,107,1328.1722
High-Value Core,96.0,0.18922798622071443,0.10378108923240892,0.0004995307139591642,0,3828.212199999998
Bonus Opportunists,,0.15719459707073666,0.4216349951616623,0.6663521502019373,307,532.2364000000002
High-Value Core,124.0,0.16080150155105624,0.16679150876346552,0.07778103552394039,0,3828.0112
Borderline Opportunists,,0.8108335429132719,0.6517612894997253,0.08840319067661893,3,-1294.2264
High-Value Core,99.0,0.1414287883498498,0.12976210149741754,0.10230946401636544,2,-2317.0903999999996
High-Value Core,144.0,0.25855194394808073,0.09738907252503017,0.0030233425351385004,0,14819.420199999997
Bonus Opportunists,0.0,0.23016224719460773,0.587562844208237,0.8484161654210601,132,-5076.715800000001
Casual Regulars,,0.1074417030363403,0.32907928771651446,0.04583954782359837,2,126.79600000000005
High-Value Core,,0.09003864586346969,0.146959407778031,0.14216799431053445,5,-41.0626000000002
High-Value Core,,0.2780235559950996,0.19783733318787913,0.062254095568914265,1,507.04760000000033
Bonus Opportunists,25.0,0.5971306756984532,0.3885545398522716,0.5162662522594303,110,-7943.2238
High-Value Core,,0.4485807209817158,0.13018984749687632,0.14311324897282426,0,544.1750000000002
High-Value Core,114.0,0.1366019046874747,0.12157757523060814,0.050040796732755514,1,3781.2332000000006
High-Value Core,109.0,0.19499211866583527,0.1027667305932407,0.0015758471980169002,1,14151.351799999997
High-Value Core,348.0,0.4717780769578358,0.1574983388019648,0.0787417582522594,0,1062.603
Bonus Opportunists,16.0,0.15304337898049972,0.5458718202742859,0.7266731251108064,276,-9491.3324
High-Value Core,111.0,0.18165523822615098,0.18563870229419116,0.11332369361558145,3,3439.5519999999997
Bonus Opportunists,54.0,0.9480676882749475,0.46636889901274486,0.6953973767384786,181,-9089.2676
High-Value Core,183.0,0.15447228201796587,0.14128955320522396,0.07290805794346958,3,-4071.8292
Minimal Engagers,,0.06442639981342888,0.19417274926033723,0.07692807824679684,32,-458.499
Bonus Opportunists,26.0,0.4749413051586115,0.28595738655358416,0.9537395587149359,131,-10860.7798
Bonus Opportunists,16.0,0.3578835146718324,0.40937973009106393,0.7924825396343302,307,-9542.7176
High-Value Core,160.0,0.18462560905919928,0.16395010406383387,0.1454881948789185,7,1516.5668
Early Churners,,0.114308196922371,0.23656363675449293,0.5693572726213028,205,813.2947999999999
Bonus Opportunists,1.0,0.22114577889622375,0.5251977997672184,0.8486532204982007,309,37.70260000000053
Early Churners,,0.021866789846771536,0.5429602406789029,0.5488954218705813,214,-183.03340000000003
Casual Regulars,,0.547524584568516,0.22655325280067007,0.08188334789228312,6,33.677599999999984
Minimal Engagers,,0.6020612742352308,0.2737186206441462,0.1256130835802407,24,-544.6786
Casual Regulars,,0.4804768212455835,0.1766785082219215,0.03369535454941342,0,91.77679999999998
Casual Regulars,340.0,0.080133992625888,0.16300754210969393,0.04558015360527188,3,1046.8966
Bonus Opportunists,63.0,0.974099519056973,0.8334393747484724,0.9482198909283545,301,-4699.7094
Bonus Opportunists,3.0,0.4823410679948232,0.3623594091371525,0.7778681816759381,228,-1523.9928
Casual Regulars,,0.05610312071957111,0.15332574321627876,0.019751295778853747,17,362.6471999999999
Casual Regulars,,0.2117844561909686,0.1788738756613052,0.09269831820057514,10,174.01620000000003
Casual Regulars,,0.10595377526976378,0.15264157491824826,0.015959510343370665,6,-1517.8865999999998
Casual Regulars,,0.12648131295856171,0.17784505199054423,0.05349176918633441,0,-849.2556
Early Churners,,0.11525665508730303,0.33258214722841223,0.5171964177244671,202,-854.3302000000001
High-Value Core,303.0,0.14083034552919374,0.14816393996392802,0.07777710278676016,1,-10759.625
Early Churners,,0.05903332824586912,0.30637001524074603,0.5342046285213955,206,122.44499999999994
High-Value Core,190.0,0.22063787245532063,0.17572604769659678,0.07571240078408568,0,-7560.0552
Casual Regulars,,0.13644140701023022,0.16804225406649978,0.12267818208998166,6,-1090.922
Early Churners,,0.12219914381120994,0.3304251803396301,0.36982034994158236,204,-1097.2006
Casual Regulars,,0.09283536935390019,0.356868343701196,0.0969544537354859,30,-242.8818
Bonus Opportunists,8.0,0.2978368413112571,0.49111683793830985,0.8592472212146548,208,-8724.766
Casual Regulars,,0.1362918128574822,0.27326318929903476,0.06883388840158616,0,-1899.5456
Casual Regulars,,0.1287068478613415,0.14420159019805853,0.003367611817851619,9,-1644.4134000000001
Bonus Opportunists,0.0,0.1942402427447763,0.5796767062169397,0.8141538388985162,241,1079.3313999999996
High-Value Core,116.0,0.18146699244508763,0.12111903067859803,0.06918891636851913,0,-1975.8609999999999
High-Value Core,,0.4321211982717349,0.15311614319349198,0.07296769104926912,2,218.17880000000014
High-Value Core,138.0,0.4849004742945811,0.15436522581896253,0.09111498207058125,1,-1777.3278
High-Value Core,124.0,0.15001935922851029,0.17134510446521545,0.07259854433780802,3,-2721.5555999999997
Casual Regulars,,0.07672367087096979,0.2417178563612676,0.07356977629538632,9,-575.4422
Casual Regulars,,0.18442701765884661,0.1649935334232208,0.061976725873835146,0,256.06860000000006
Casual Regulars,,0.5140388003179766,0.2590667420372814,0.08596574362948553,12,201.06560000000002
High-Value Core,66.0,0.13947002445854692,0.18877669846973938,0.05818363549573548,0,1613.1633999999995
Early Churners,,0.17888459264311524,0.19381020089018752,0.43712263028378934,205,-447.85439999999994
High-Value Core,128.0,0.21227982060873601,0.10805577467125575,0.011707221794819964,0,9336.521999999999
Casual Regulars,,0.6679537292682303,0.3772448616514069,0.05966069883504334,4,106.02139999999997
Borderline Opportunists,,0.18605521170778216,0.13708934878888587,0.25113100075979417,15,-1837.5334
Early Churners,,0.1854256217689139,0.4476161188693498,0.6326479287379314,207,127.65779999999995
Casual Regulars,,0.11352588824699024,0.21563414969742356,0.1258806122340361,8,-555.1234
Casual Regulars,,0.16114541941972202,0.16438767765084616,0.07262434409149786,4,198.48660000000007
Casual Regulars,,0.12895053570707848,0.24818010776389543,0.1334740084011785,4,79.7758
Bonus Opportunists,,0.5520361890822367,0.29182076169170434,0.7842872028219369,190,59.55439999999999
Minimal Engagers,,0.0,0.5326219306238914,0.0,41,-1667.3748
Casual Regulars,,0.035783076007311114,0.39967324885327055,0.10099582057542732,56,-95.67219999999992
High-Value Core,87.0,0.34506705124285075,0.11948639937986924,0.05983759962554051,0,2007.4034000000001
Early Churners,146.0,0.044155839754785334,0.3686935511955046,0.5277015176668121,202,-4683.5758000000005
High-Value Core,181.0,0.1732862062023665,0.15713623264501406,0.123526992944682,0,3282.9846
Early Churners,16.0,0.13619735429343446,0.3429951129192893,0.6006575101771093,204,1167.3201999999999
Casual Regulars,281.0,0.34613726572057285,0.1619625883474521,0.10162063401083962,7,1484.6882
High-Value Core,85.0,0.1407351891256672,0.16900278615151187,0.06467509120521144,0,1964.7668000000003
Minimal Engagers,,0.06065984598727509,0.4592360274326245,0.04489969708397708,8,-2035.598
High-Value Core,87.0,0.17513082464697402,0.13832667187592337,0.009476410614493412,0,16346.240400000002
High-Value Core,352.0,0.19764954736357726,0.12254300116712086,0.07962525864042526,1,1067.4468000000006
Early Churners,,0.15529518537217377,0.21189593765080333,0.6696388604800617,209,-598.1043999999999
High-Value Core,266.0,0.5889711176727744,0.2913694616452612,0.08642395613837377,2,-9969.0944
High-Value Core,221.0,0.21237899063993956,0.16850469268545765,0.0747231384860051,0,2533.177200000002
Borderline Opportunists,,0.6619641900319443,0.4240760363053512,0.5303759752434597,257,-2151.3428
High-Value Core,82.0,0.2057922050249931,0.1018561207896177,0.003434347342901027,1,11370.190400000001
High-Value Core,103.0,0.18002740613644067,0.1495679805789248,0.09350850940398231,1,3437.9394
High-Value Core,192.0,0.13359949613108943,0.1455200743576741,0.056622558805004816,0,248.51599999999962
High-Value Core,106.0,0.2198290682077601,0.11231671586198805,0.010576549422355643,0,7299.8712
Bonus Opportunists,9.0,0.318981358592948,0.48285860031083255,0.9406977072155038,317,-2529.4696000000004
High-Value Core,125.0,0.22986528844923948,0.10800322849769962,0.006559547742659092,0,4863.750400000001
Early Churners,,0.12445482471103982,0.30041812211935937,0.6608639806710506,205,-1176.8518
Early Churners,,0.7515695801002471,0.43417311634359074,0.4003004545605665,201,127.20720000000006
Early Churners,,0.5072724836197556,0.25427020999609434,0.3826266299526385,210,-235.87979999999993
Minimal Engagers,,0.11660238155965574,0.48309782447157074,0.17625137570847976,14,-1829.1002
Minimal Engagers,,0.447476728331678,0.3583783320419502,0.0,143,-2152.4744
High-Value Core,100.0,0.43304070343980866,0.13568862777773302,0.040625284202205056,2,1159.3664000000003
High-Value Core,297.0,0.47867187957803264,0.23214557478411937,0.0337595760371436,3,1733.4962
Early Churners,,0.36205432751208705,0.1057327425953417,0.5607332983934978,207,486.80200000000013
Casual Regulars,,0.22290143890087644,0.19378567261369223,0.04182200914229556,7,-576.5866
Casual Regulars,,0.07297224200516028,0.27423264028972616,0.0327525363917071,17,-550.7312000000001
Casual Regulars,,0.04578537310179126,0.36407878962472123,0.07385535731361628,20,-1201.8308
Bonus Opportunists,27.0,0.15909425146071202,0.6776920064338424,0.8128427501331167,208,-8215.1728
High-Value Core,192.0,0.13022675396681224,0.19191676860095558,0.07838569499182549,1,2465.3250000000003
Casual Regulars,,0.21017695524046687,0.1983232272355469,0.1415970324637504,7,-1270.1598
High-Value Core,129.0,0.17056584170141903,0.15075199156317748,0.10700482121964698,5,2966.5664000000006
High-Value Core,289.0,0.17256338637696572,0.2048117142057034,0.12624074884274045,3,2248.8258000000005
Casual Regulars,,0.20094105179231025,0.15680798469034335,0.05139558747227214,2,-1074.5564
High-Value Core,86.0,0.21892054510091807,0.14762320832910716,0.08063208095610795,0,3718.1169999999993
High-Value Core,123.0,0.3707940232253428,0.11350206019593596,0.022845250285655115,0,8615.932999999997
Casual Regulars,270.0,0.1248525700062995,0.1617049286542693,0.09589774807821827,0,-1124.6081999999997
High-Value Core,69.0,0.22406262354825227,0.10714536969798782,0.01444812316919431,0,23270.2284
High-Value Core,162.0,0.38229223430561593,0.12937750353948424,0.011845556614039203,0,-174.06559999999808
Early Churners,109.0,0.12657168591482426,0.23498786435321573,0.4337764389976027,206,-1316.7006
Casual Regulars,,0.07031626394878616,0.20202378319971348,0.06137049603463708,0,-143.09799999999996
High-Value Core,120.0,0.19010128031426757,0.1580341578438946,0.12223283374520977,3,611.5798000000004
Casual Regulars,,0.07228998349284713,0.2882821721560012,0.08529064626956333,4,122.71699999999998
Casual Regulars,,0.21992702926517457,0.19547555491592644,0.2895567500126304,2,319.45180000000005
High-Value Core,,0.46362997990346383,0.19216040689651595,0.06410116820365631,4,575.9702000000002
High-Value Core,132.0,0.38884209066159375,0.12087298532730668,0.007828445971697786,0,8940.7412
High-Value Core,343.0,0.17673637184377236,0.22248760472015885,0.13187704827433247,4,1096.7996000000003
High-Value Core,243.0,0.2531015990753521,0.13707951363076334,0.07655619186824134,7,-9046.3842
Early Churners,83.0,0.22162916954445833,0.24459245203081964,0.4433501630099342,204,-4642.6716
High-Value Core,113.0,0.11434191347989153,0.15207579600368612,0.15731609308852582,2,246.65859999999975
High-Value Core,113.0,0.14669838001612837,0.16919979330360085,0.10136825738332225,2,-61.32139999999936
Bonus Opportunists,5.0,0.280014397206551,0.5309332491881618,0.6890638884183918,138,-5659.92
High-Value Core,152.0,0.47209439197361497,0.20081748178770442,0.12232122491583149,0,3089.6612000000005
Casual Regulars,,0.17989006129797297,0.18358545923970168,0.02422764757784656,1,-425.9251999999999
Casual Regulars,,0.031036985600991888,0.1892885228780244,0.009938442820103126,12,-1474.7556
Early Churners,,0.07136436280605764,0.2999768572288626,0.3671382755469539,211,-375.79819999999995
Minimal Engagers,,0.14403740733158613,0.19119623449621756,0.26324745655596554,12,-274.67339999999996
Bonus Opportunists,1.0,0.26050935792453694,0.4967057588280569,0.7900709137778995,135,1195.5846000000001
High-Value Core,90.0,0.14133989245511275,0.11845958630414916,0.018173494993427988,0,11032.469600000004
Casual Regulars,179.0,0.19973021784488368,0.1400893410762697,0.07871198184252051,0,-4060.496
Borderline Opportunists,,0.0,0.5000693062483537,0.0,27,-2583.726
High-Value Core,78.0,0.3309274537168839,0.09103704266180655,0.010033767457518572,0,12292.8344
Minimal Engagers,,0.0,0.5930917430747535,0.0,8,-545.5128
Early Churners,,0.12745896687170108,0.32818906037584883,0.48365446672824763,200,-803.0311999999999
High-Value Core,181.0,0.1945226588975724,0.15081873726148268,0.04950452572792032,3,501.50400000000036
Bonus Opportunists,2.0,0.30965306736997095,0.4731111257272891,0.8420364651995229,120,2667.228
Casual Regulars,,0.14413602221486566,0.292693494434157,0.11505292960808056,12,-1938.461
Early Churners,80.0,0.5063667015698395,0.21068339317291904,0.40694126752942733,203,944.1858000000002
High-Value Core,172.0,0.16919792734981093,0.12747502989405637,0.04009192767940304,0,-3184.151
Early Churners,144.0,0.09435869193046376,0.2847228119067048,0.4945888504446233,203,-1517.1598000000001
Casual Regulars,,0.15788134277199886,0.186851348746158,0.07522580584210804,1,-1122.5596
Early Churners,,0.7043650627615062,0.2730710143278631,0.3893844142259414,208,264.8000000000002
Bonus Opportunists,0.0,0.9755323609708804,0.45938802776135695,0.7956220353223844,309,2996.3314
High-Value Core,79.0,0.5053555965343977,0.17837858738599252,0.07102238589766226,2,1501.1975999999995
Minimal Engagers,,0.2594453172016538,0.33316958771126987,0.025572111890079484,82,-495.2848
High-Value Core,,0.2699137836899998,0.11421994719316148,0.05257520571313483,4,-539.4850000000001
Casual Regulars,,0.06264356204570011,0.3793980131095236,0.11933942504446372,13,-1327.8174
High-Value Core,,0.11282573634048972,0.14903100775237485,0.08464014504470718,7,-515.3462
Casual Regulars,,0.07508315271799597,0.2286476430038508,0.11735222124210526,2,189.03340000000003
Early Churners,,0.2584617894135878,0.2397320958623624,0.6283274673291801,254,-813.0926
Early Churners,,0.4737001287031413,0.19943221836867486,0.3488510587694406,209,-245.63080000000002
High-Value Core,77.0,0.4101359886031963,0.14755194710108938,0.07262368008402435,1,2211.7772000000004
Casual Regulars,294.0,0.12190151412364346,0.13490368918508586,0.07081519572210215,8,-4418.0898
High-Value Core,,0.19048269539135387,0.1941887075785245,0.1296639729105919,2,220.45020000000045
Early Churners,,0.1678373977538521,0.28119231608489026,0.5175493388388623,249,-2169.9838
High-Value Core,121.0,0.46374258042832317,0.156187940236222,0.017595798822853635,0,15618.548799999997
Early Churners,,0.6434066827679924,0.3793668269731787,0.520350685515267,205,711.7264000000002
Casual Regulars,156.0,0.4523543276828431,0.15116906137778943,0.13628573645508943,6,-546.2107999999998
High-Value Core,51.0,0.21602578288387356,0.11206476984112188,0.0003810686956258808,0,19492.885000000002
Bonus Opportunists,,0.9947815131970762,0.561496500822061,0.6632931348013914,230,542.2892000000006
Bonus Opportunists,9.0,0.29277183338739243,0.5017607476620495,0.6041571397771042,310,-3570.163
Casual Regulars,,0.0674726516420349,0.20526890248236018,0.12020984148545591,6,-2141.2156
Casual Regulars,,0.47890727170721303,0.12374355986411353,0.04241936151702118,21,-948.0467999999998
Early Churners,,0.6069192535275375,0.33165947771130233,0.5270734031254742,212,-1776.125
Casual Regulars,,0.10879322652143213,0.24186749193705362,0.01577882773578159,1,30.99219999999991
Casual Regulars,,0.08502557065960493,0.22802194590815247,0.0816498748791259,3,211.27880000000005
High-Value Core,181.0,0.18004526141333543,0.18353215150575733,0.1028297009811622,2,-3236.7221999999997
High-Value Core,190.0,0.4315977389667335,0.11015023328393736,0.11814365075676934,0,-622.0282000000002
High-Value Core,89.0,0.22669317063303182,0.10016838228310061,0.0,0,9987.346800000001
High-Value Core,41.0,0.4193953755685865,0.12958291573137898,0.025067760174575474,0,18316.5786
High-Value Core,106.0,0.20581805907777498,0.10602525754913651,0.0013308768949838168,0,10534.078399999999
Bonus Opportunists,50.0,0.35307683293731484,0.3915440208810592,0.6367737641867012,152,-10511.7042
High-Value Core,161.0,0.15107815499294808,0.13685044797814702,0.026454766709493028,0,-59.176000000001295
Casual Regulars,301.0,0.11940019711409883,0.19325382090719892,0.0565246547348269,0,-886.2131999999997
Casual Regulars,,0.4509218329574352,0.1634838381238488,0.08320828770244809,0,258.18200000000024
High-Value Core,132.0,0.15651734092333894,0.11571535585678862,0.007325824420317801,0,10100.974200000004
Bonus Opportunists,,0.9892148721904043,0.5018026163160018,0.7595562630257479,187,-1685.945
High-Value Core,134.0,0.1782377701986361,0.10286881446972973,0.0009210564580336909,0,6454.282800000001
High-Value Core,169.0,0.19947931311598519,0.11339908936277152,0.0008829116557509645,1,-2573.655200000003
High-Value Core,85.0,0.15519820982901628,0.15528853468352732,0.07453473981671847,0,-288.9928
Early Churners,,0.17619712816425512,0.29738784736275053,0.6209219211707797,201,243.50799999999992
Bonus Opportunists,17.0,0.20080757267881075,0.6020297011052661,0.8293135931443765,110,-6578.975799999998
High-Value Core,93.0,0.16587713838183768,0.18714531661515632,0.12466982604978209,1,-1060.5351999999993
Minimal Engagers,,0.17958298632213143,0.3876996908109762,0.312977843803693,88,-673.3438
Casual Regulars,,0.004506205562465025,0.37209116233801737,0.010930572617456896,4,-206.4982
Bonus Opportunists,15.0,0.4034165194996385,0.39063376700180863,0.9316178584478516,174,-8926.741
High-Value Core,122.0,0.14499221038842167,0.1805444856578997,0.07173078901701445,0,-837.9918000000007
High-Value Core,164.0,0.26321868609759785,0.1497611717092901,0.05829536338449298,5,-87.43420000000015
High-Value Core,357.0,0.18917163827789327,0.12374974951901038,0.07609713951652047,0,1068.0932000000003
High-Value Core,120.0,0.31130382389862365,0.09757922466912157,0.017517134055950293,3,10135.4006
High-Value Core,,0.251616854355807,0.1422505068469615,0.03389238487287388,11,378.9274000000005
High-Value Core,87.0,0.46128165209808547,0.15475604812861285,0.06444666937521915,0,1109.800200000001
Borderline Opportunists,,0.09233055644350878,0.438933008031963,0.08149026616815695,6,-973.5115999999999
Bonus Opportunists,,0.17786299072694156,0.5669489084559993,0.7053481464003107,197,809.0801999999999
High-Value Core,180.0,0.18678409301763113,0.14660250475478553,0.03766417041282263,0,-120.53219999999965
Early Churners,,0.15567787660810917,0.2194307259713602,0.4147156821575427,202,623.0755999999999
High-Value Core,201.0,0.24325519235140658,0.11320444866740949,0.0009023485201419026,0,-3777.4195999999993
Bonus Opportunists,0.0,0.4669116638525098,0.3652349579549319,0.8439884602443872,147,-68.50100000000111
High-Value Core,292.0,0.213478340731126,0.16385766341165844,0.10238641210728236,2,-10485.9642
Minimal Engagers,,0.0,0.5194807286291483,0.0,32,-651.4202
Bonus Opportunists,43.0,0.9814265207058102,0.6772796569015177,0.6019855221300375,312,-4604.047
Minimal Engagers,,0.0,0.2930360325454415,0.8422636288716727,279,-959.4857999999999
High-Value Core,262.0,0.4264863444063384,0.1397667347208117,0.13106279281586566,0,-4022.7560000000003
High-Value Core,145.0,0.11762093107858908,0.16617383195149618,0.10541044992824024,0,243.7136000000005
Minimal Engagers,,0.1709142041512993,0.5392099762188444,0.04817064345638839,34,-539.7031999999999
High-Value Core,,0.13962503587853262,0.1814294860765485,0.068121773816193,0,-432.9659999999999
High-Value Core,183.0,0.4004161149990543,0.1362484103967013,0.10083307238523492,6,2600.1454
Casual Regulars,,0.5706226179907276,0.29003368877149005,0.05776438621506012,10,-542.435
High-Value Core,163.0,0.1395936451065022,0.15978281901911126,0.13412832759534393,1,-1491.0131999999999
Casual Regulars,,0.1774385224614839,0.23923596177425774,0.05658440368673472,0,-1412.5497999999998
High-Value Core,81.0,0.16124385227233357,0.13865667184854738,0.09067064603587845,1,3396.765000000001
Bonus Opportunists,7.0,0.9908095325021805,0.463936860039945,0.7302925023140296,147,-7245.0328
Casual Regulars,,0.14528149452445968,0.19773295795304482,0.15982785713808564,0,-1582.0548000000001
High-Value Core,182.0,0.12853142349592742,0.17197780283881903,0.05610526293041038,3,-7172.7300000000005
High-Value Core,206.0,0.3753296277993764,0.14226081224126957,0.0869883733567606,0,-3630.3964
High-Value Core,220.0,0.15521582660546598,0.1433815308458365,0.08284933575275545,2,-3990.657
Casual Regulars,,0.10249651812622229,0.2468420267942657,0.1244092718419864,4,-617.4468000000002
Bonus Opportunists,24.0,0.11123518013100306,0.7477728671742238,0.8380389563877119,308,-10013.4414
Early Churners,40.0,0.23109794219810575,0.14230732019777248,0.40806699425731097,203,-825.3490000000002
Casual Regulars,,0.6332263292664886,0.20981047498619462,0.03617687355421233,7,-365.8846000000001
High-Value Core,124.0,0.4335050724328422,0.15130873023890043,0.08050021675841718,0,4197.157000000001
High-Value Core,135.0,0.13812715482849625,0.13466552573093213,0.005730691363292622,0,7450.553
Bonus Opportunists,6.0,0.4292374628322233,0.38898810787451826,0.7393814999472035,235,-7042.115200000001
Early Churners,,0.18308234851960772,0.3079552595777817,0.6094906504301575,204,448.337
High-Value Core,81.0,0.3257293769979507,0.11492059312293634,0.02746652312244536,0,17996.72
Bonus Opportunists,0.0,0.29534942222490346,0.5095444661132362,0.9230169116977385,177,914.7369999999996
Early Churners,,0.014536814602767192,0.46201811876446475,0.5811949631764721,202,-74.2396
Minimal Engagers,,0.0819583108744097,0.32829270454240334,0.042557984247914335,12,-450.2796
Bonus Opportunists,13.0,0.3338396236656485,0.4652666581992048,0.8937622618642257,115,-8103.7614
Bonus Opportunists,2.0,0.19567509915554798,0.6524413314188866,0.927433884646151,123,-7367.066
Bonus Opportunists,7.0,0.29590263436833947,0.46205983863438216,0.8125061320001027,197,-8634.9316
Bonus Opportunists,1.0,0.9775457239935096,0.42528896668492827,0.8863527499510528,309,-2800.4579999999987
Bonus Opportunists,2.0,0.2951572675995204,0.40972832196944997,0.8030115417713592,306,-2098.2206000000006
Bonus Opportunists,14.0,0.9781475983471614,0.4762315474995198,0.8618396868899038,300,-6832.546
High-Value Core,78.0,0.12220298449453872,0.13309025201523805,0.061955740488654286,2,1666.1192
High-Value Core,148.0,0.17442435495100614,0.1312986907169976,0.003200009596805664,0,3269.7844000000005
Bonus Opportunists,15.0,0.9095444060634705,0.7563231696734353,0.9333032359398548,306,-10342.3016
Casual Regulars,,0.6849874404879089,0.4013184465477793,0.039868436920533386,1,-229.81900000000007
High-Value Core,102.0,0.16793080919486475,0.12718991352980596,0.07070775143794576,0,734.7882
Minimal Engagers,,0.0,0.28844866328054225,0.0,45,-2093.7488
High-Value Core,,0.22838923682407128,0.13939315791660262,0.14507793812225658,0,467.7701999999995
Casual Regulars,256.0,0.24286456789615726,0.1304156275169727,0.08919573760216012,0,628.2288000000001
Early Churners,,0.11718383087268229,0.3088195350484083,0.645144597423451,207,123.01940000000002
High-Value Core,150.0,0.10491920994212306,0.15001936396196272,0.07444689374781925,3,70.79899999999998
High-Value Core,210.0,0.16746818744952877,0.11292972697993535,0.054060520336458154,0,-10.063999999999396
Early Churners,,0.2686276047665424,0.2242961732863448,0.3953295921158999,204,271.5554000000001
High-Value Core,339.0,0.10701466604805009,0.154819808660805,0.08987600072969681,4,-10778.138799999999
Bonus Opportunists,1.0,0.32528555024707556,0.45174637310911825,0.9475339059905793,254,-1333.0281999999997
Minimal Engagers,,0.5681342364677884,0.35681452704225436,0.4719344982738141,2,-677.8553999999999
Bonus Opportunists,5.0,0.9839151467755879,0.5030687596764063,0.7100022832013552,157,-6405.8196
Casual Regulars,,0.18402167229266309,0.16635977744907685,0.12202653863288986,6,-220.25020000000018
High-Value Core,132.0,0.25827676985668674,0.18699629848474517,0.1007843092642942,0,-3316.7495999999996
Bonus Opportunists,15.0,0.2729967283024775,0.534151072056866,0.8101523114609969,307,-8418.377199999999
High-Value Core,131.0,0.20478073770407737,0.10840752111661249,0.010610807984181446,1,7250.053599999999
High-Value Core,126.0,0.21224661121705926,0.09902079764946936,0.0034778045639666856,0,13119.226599999995
High-Value Core,320.0,0.5074459888312745,0.1652179509920559,0.12434627171845511,1,1281.1232
High-Value Core,91.0,0.20148360634705173,0.14475832995847737,0.00355234670527685,0,14285.656600000002
Casual Regulars,,0.15200902121238963,0.22249641725412245,0.0,21,-1398.1028000000001
High-Value Core,108.0,0.19739035536674038,0.1519264912489307,0.08479012235818359,0,-1669.007599999999
Early Churners,,0.13110284053778934,0.26651844276152764,0.49419508232864995,207,-91.49160000000006
Early Churners,,0.17356791846528086,0.15493721168537491,0.4416420045989027,205,-61.20659999999975
Minimal Engagers,,0.05472033114000305,0.5692238512854214,0.8773970461646493,209,-1940.2428
Early Churners,155.0,0.1891271776607599,0.30202776928686875,0.3599807214829871,205,-4630.1774
Minimal Engagers,,0.09000197902669062,0.22669597759672966,0.15805534933101245,7,-1017.0817999999999
High-Value Core,58.0,0.15600499172741739,0.11687399059382446,0.02050921984337312,0,17116.177000000003
Early Churners,,0.14843947058986431,0.16807510770427203,0.485768528643699,216,-565.5788
Casual Regulars,,0.06772477102039368,0.1704468631708423,0.0995513407751447,0,105.37739999999997
Early Churners,,0.5263355669569852,0.27542726177191146,0.5353058004564074,209,-616.1356000000001
Casual Regulars,,0.03557956115902719,0.3252631968428643,0.05576659922026708,11,-111.28559999999993
Early Churners,,0.07689048204954732,0.247498487621036,0.5687738889729275,208,-1256.7024
Minimal Engagers,,0.5775658821368063,0.3918260523948738,0.02895420400498071,46,-343.2352
High-Value Core,219.0,0.18733292246087913,0.1792470652338597,0.07508070037004676,0,-294.31320000000005
Early Churners,159.0,0.07000884653471214,0.2144751893810634,0.5235668290506839,202,-3115.1247999999996
High-Value Core,87.0,0.17726851158343274,0.09943042509221109,0.014283885812304461,0,17762.1362
Casual Regulars,195.0,0.3305890118306226,0.11275112531101653,0.06424572223229943,0,784.6799999999998
High-Value Core,152.0,0.1871052165945414,0.12305757788877833,0.008851273133380034,0,5078.9465999999975
Minimal Engagers,,0.3389883737048203,0.18665248090738484,0.06899430814013931,24,-1015.3152
High-Value Core,258.0,0.13214005362527267,0.17863128535302314,0.08934410039215238,6,1134.6925999999999
High-Value Core,,0.13791731392758017,0.13587366966825867,0.0559445419291426,0,369.91319999999996
High-Value Core,116.0,0.2095166848954433,0.10819124548068308,0.004640443251583606,0,10518.557599999996
High-Value Core,55.0,0.17581804463233516,0.11189417865189369,0.008401697604270937,0,18351.9772
Casual Regulars,,0.24775921835654902,0.09271545903594226,0.03762798086046837,6,243.0594000000001
High-Value Core,78.0,0.18202144630613604,0.1492563185402895,0.04123482529942965,0,1451.4124000000002
Bonus Opportunists,5.0,0.3801004409273034,0.45982092683660186,0.5982442141444456,295,762.9662000000008
Early Churners,,0.44480460333477734,0.23811817493519685,0.619934859548861,202,69.59860000000003
Bonus Opportunists,,0.19474506824748433,0.6552006175335063,0.8349436944416769,318,-1043.7376000000002
Minimal Engagers,,0.3778970161748966,0.3907334018801967,0.07761760269593385,19,-2030.1442
Bonus Opportunists,25.0,0.45336893210285517,0.30630742321279797,0.7738996497695908,129,-9413.528600000001
Casual Regulars,,0.16777919654509527,0.4466544084862673,0.0,3,-475.35760000000005
Early Churners,,0.16291055657821257,0.20158529107949125,0.4388982536695003,228,-135.8496
Casual Regulars,,0.1615142426795289,0.19877624791357176,0.08273744455062366,2,-281.0086000000001
Minimal Engagers,,0.4134550242056036,0.31790512763525225,0.3550612340057874,262,-1654.166
Bonus Opportunists,1.0,0.42966875401652777,0.3950909135000835,0.6785125813158367,199,-2437.1106
Early Churners,,0.11635971893391647,0.19764361297213362,0.52023534877266,204,46.50059999999996
Casual Regulars,,0.09971259376044528,0.24879666926661215,0.045934202061322114,2,-365.293
Early Churners,,0.49939893029504545,0.2014379640040343,0.3982025302321078,207,-587.7466
Early Churners,,0.1471975614786051,0.23676308376828462,0.5962094271386105,212,-802.3820000000001
Early Churners,,0.5616032407258056,0.2864377563877434,0.4990252569453912,205,453.1243999999999
High-Value Core,152.0,0.08446777044331422,0.15494615461369052,0.08163950890102652,0,1606.9479999999999
Casual Regulars,,0.20998385178037715,0.15044752995622185,0.13335508958945488,10,-1006.9714
Bonus Opportunists,8.0,0.9742919585722174,0.5859323532127374,0.8220078945715769,120,-7655.5030000000015
Casual Regulars,187.0,0.26016578083156155,0.18319944604126615,0.024352398423853765,2,-3748.8475999999996
High-Value Core,150.0,0.44492771022533556,0.2007352344792452,0.04864870066520979,1,77.14180000000079
High-Value Core,118.0,0.17653256772963224,0.11079848759433596,0.033983696924117734,1,7930.154400000001
Casual Regulars,,0.15766831256686045,0.2678975663512084,0.0578242470716636,3,-508.4696
Early Churners,,0.15833329359762346,0.21945358680418714,0.5976269304270104,201,-445.01159999999993
Bonus Opportunists,0.0,0.24843070675740925,0.5748495263382708,0.6309517736843795,152,-1616.6310000000003
Early Churners,86.0,0.10304510084167062,0.3109636106528643,0.5091792917262188,208,759.4000000000001
Casual Regulars,,0.3434672496779981,0.1292114302102688,0.10146948715125614,3,-197.83559999999989
High-Value Core,99.0,0.24679646797240304,0.10566805138965227,0.014947615925118021,0,17464.7536
Early Churners,,0.08289261383068232,0.2525620471785867,0.3387650622000936,220,-1246.786
Early Churners,,0.18353069386943258,0.16560580831711444,0.4491078265211667,226,-74.52839999999992
High-Value Core,32.0,0.13994545344020765,0.13283964735785525,0.032362717079121764,0,19662.057599999996
Bonus Opportunists,2.0,0.16264300952726302,0.6348375642674983,0.8000703276974807,127,2099.192400000001
High-Value Core,,0.11751210990953707,0.14304323328239085,0.08333278832099736,0,549.7757999999994
High-Value Core,231.0,0.16925244064808914,0.14690689101052276,0.11840240559074115,1,-9348.235400000001
Bonus Opportunists,0.0,0.48377436924988004,0.3797034687627131,0.7864251311856966,179,1656.5508
Early Churners,,0.1494569133260804,0.3581103430591331,0.537589485633,202,586.643
High-Value Core,210.0,0.2811123422698485,0.16219814743825212,0.14051860783943299,2,-8437.6752
High-Value Core,115.0,0.2028487582015573,0.16151288272214748,0.0,1,8513.177800000001
Bonus Opportunists,0.0,0.14434610864176203,0.7310255617792494,0.79358286382317,160,2292.7609999999995
Bonus Opportunists,13.0,0.3957370935518066,0.4233456251206187,0.7801562242389782,202,-9495.388799999999
High-Value Core,159.0,0.1446644198544278,0.14612853358565303,0.033277182472873326,0,-3628.7126000000003
High-Value Core,262.0,0.2706747514729155,0.14736657323410463,0.05301281848837985,1,2149.7900000000004
High-Value Core,143.0,0.17784894386876968,0.16583336223313133,0.10601451921340552,1,-1333.9001999999996
High-Value Core,107.0,0.33074887976171247,0.11482352290443666,0.017681710242412357,0,10735.427999999998
High-Value Core,142.0,0.18490369515705815,0.13036063751380528,0.11293704361668168,0,2892.815
Casual Regulars,,0.35005937094539186,0.15126766904010824,0.03164191702438551,27,-760.2225999999999
Casual Regulars,,0.5864467553209275,0.24582213888418658,0.05749316014216675,7,110.10040000000015
High-Value Core,204.0,0.16687580379491002,0.11628472012710292,0.08258752304713582,2,-3424.7218
High-Value Core,118.0,0.19039344554790974,0.11356426907349652,0.10264131151310057,0,-2859.614
High-Value Core,127.0,0.12204942024073245,0.12870160616744813,0.010238110898819623,1,17264.982000000004
Early Churners,,0.6284982889243633,0.3733518513143283,0.517806159509551,207,-876.7387999999996
Casual Regulars,200.0,0.10605528176718006,0.2097218680129618,0.055231155437298465,4,-4046.3496000000005
High-Value Core,,0.19919886028347894,0.21781139859286605,0.17372907974607327,0,194.13920000000007
High-Value Core,272.0,0.11573662071533346,0.18018068440867416,0.10580809625758372,0,-10337.1712
Minimal Engagers,,0.347437991168715,0.20038262527622808,0.20949207108716345,29,-946.1831999999999
Casual Regulars,273.0,0.06345724311552503,0.14594673728607632,0.04995237770243628,1,-4124.8748
High-Value Core,180.0,0.18686054602006438,0.15384876612605097,0.06341095994197113,0,368.9824000000008
High-Value Core,235.0,0.1526899652053378,0.13784228601171172,0.08493394967184072,0,-9600.842400000001
High-Value Core,127.0,0.16346333557059595,0.13623815099910974,0.009716059333677194,0,17635.0604
Casual Regulars,,0.2676944893454488,0.17441940138484202,0.05302459262010373,31,-1326.118
High-Value Core,154.0,0.17734216618524115,0.1481260217597136,0.11765671975836466,0,2102.7104
High-Value Core,,0.09581112749918706,0.15548983312799938,0.05195557098765312,0,340.7361999999998
Bonus Opportunists,0.0,0.9853227585133606,0.40108028455475897,0.7869603109696832,209,-5379.515599999999
High-Value Core,102.0,0.15152667852603688,0.16961718379208124,0.08668908684472704,2,2703.5427999999997
High-Value Core,98.0,0.18143985925881098,0.10614451474779578,0.012844924815375896,0,9349.635
Casual Regulars,296.0,0.1790638436755349,0.128214614642623,0.06803977868552441,4,640.329
High-Value Core,362.0,0.14257528900072067,0.14260712333934744,0.04708729267482561,2,841.3937999999994
High-Value Core,190.0,0.09246767614947625,0.171992456219895,0.10119304862111046,1,-3751.3781999999997
Casual Regulars,,0.12130269756805064,0.1568655313945871,0.06650940098403077,24,-1059.0882000000001
High-Value Core,84.0,0.41371288095580966,0.16702776980257703,0.0995005783562777,0,3491.6571999999996
High-Value Core,289.0,0.14636115468444819,0.12947631505349544,0.10966443139939588,1,-10638.1888
Casual Regulars,,0.03970107210750321,0.4438932358135977,0.033117192971654184,0,19.724000000000046
Casual Regulars,,0.25310116056021303,0.13274224391710263,0.04817860498528153,14,-792.6312
High-Value Core,,0.21866912211872752,0.22134914298258365,0.050570716439942556,0,817.2661999999996
Casual Regulars,,0.23135213788024597,0.1587524586926698,0.0,7,-375.13239999999996
High-Value Core,148.0,0.16017308373601885,0.1499385102655582,0.09363412793519697,0,2252.7818
Borderline Opportunists,,0.766298893293802,0.5032937033320474,0.04806675181527718,24,-1504.6732
Bonus Opportunists,1.0,0.23584631385245816,0.550896333117899,0.8292708557006122,162,-2031.8950000000004
Casual Regulars,,0.15359118483182013,0.4376140483972185,0.045519928079112974,19,-1706.124
High-Value Core,164.0,0.13723459059472554,0.13164147934250003,0.06286420337787686,1,1151.2776000000003
High-Value Core,110.0,0.17523513818422318,0.1298368328925489,0.0010903035625473767,0,8620.205800000002
High-Value Core,131.0,0.16551303551252575,0.12015997138368668,0.0397455422775411,1,-2927.7236
Bonus Opportunists,,0.23250439860778144,0.6175763086119213,0.42472299483572357,308,641.5292
Casual Regulars,,0.14311918235190527,0.3413179823497221,0.03756739295103151,9,-345.9152
High-Value Core,149.0,0.1673334862486346,0.15143324892786483,0.08040683060964812,0,3304.8314
Bonus Opportunists,1.0,0.44944004308706004,0.37712783699006003,0.8435513649814717,128,6807.645
Early Churners,,0.4513635620612019,0.20498033693020998,0.6509841575970867,206,227.98300000000006
High-Value Core,110.0,0.15194666370807433,0.11743270312958456,0.0023334843288498395,0,10433.2224
Casual Regulars,,0.03706149988934245,0.4733153634583485,0.05528457170514812,17,138.00440000000003
High-Value Core,109.0,0.15527517398382534,0.11902754076242089,0.010348858153096269,0,8114.233800000002
Early Churners,,0.07830341260465079,0.36372416297368665,0.49719922065270344,207,-1708.1768000000002
Casual Regulars,,0.16036469062527833,0.14702915943131767,0.07865131544524165,1,283.5902000000001
Casual Regulars,,0.4293628107896093,0.2971581376046528,0.11338357771941236,3,-1820.6275999999998
High-Value Core,107.0,0.12781223944172673,0.1840788907928394,0.04107437312056275,0,1354.9438
High-Value Core,100.0,0.15322104953300716,0.1350106676790557,0.03042672202288429,0,15927.3184
High-Value Core,120.0,0.14588077023246307,0.19353892918189364,0.12961738501598005,0,2273.5166000000004
Casual Regulars,,0.056348044310718666,0.24942018841999258,0.17324882163147837,14,197.58580000000006
Casual Regulars,,0.2277663754071735,0.34648498492464325,0.16472548112257396,9,-548.9449999999999
Early Churners,,0.09805644707015576,0.28298365060552877,0.4118239425970479,213,-1112.8364
Early Churners,,0.4510136626822111,0.22434414963037533,0.562438231014062,223,91.11380000000008
Casual Regulars,,0.1921962739353448,0.15172985075077794,0.07044386312999336,1,364.1718000000001
High-Value Core,224.0,0.4367815445025794,0.1869782648186663,0.03813768484847654,0,-7713.4908
Casual Regulars,,0.12370207553850594,0.22977079316369958,0.08871329620696024,5,224.1042
Casual Regulars,333.0,0.12795617751625576,0.21276109276094754,0.1660611791259387,5,331.9589999999996
Bonus Opportunists,0.0,0.9560075039258773,0.570970137468518,0.7043715680580321,180,4122.567000000001
Bonus Opportunists,11.0,0.20730377363043756,0.4740604818349627,0.8045350553954123,309,-1690.8984
High-Value Core,322.0,0.40534295110366886,0.14202224127200913,0.12967077773802435,1,882.0908000000004
High-Value Core,243.0,0.19788522454077767,0.14191701290674785,0.10096475138305713,1,-9344.1796
High-Value Core,116.0,0.32986775117054284,0.10909369286117988,0.010491255147358757,1,4216.1234
Early Churners,,0.10744233512473664,0.2501409702838718,0.47746645712740554,210,321.73940000000005
High-Value Core,139.0,0.21694480435082347,0.15483704901784937,0.09360316463205381,3,-337.24620000000004
Casual Regulars,,0.2391546117729036,0.18802679133430342,0.05829522722929495,6,-502.41420000000005
Casual Regulars,,0.20263483256382137,0.23281683495415578,0.15903852135547628,3,320.7568000000001
Early Churners,,0.1129645112331343,0.2966408213396773,0.4427420673816498,215,174.33299999999986
Early Churners,,0.019342030413780374,0.6250969447010238,0.4023005344195489,252,-779.5064
High-Value Core,78.0,0.13195245619429474,0.12739521557872957,0.008225432128916006,0,11166.3338
Minimal Engagers,,0.0,0.33765482114911,0.0,63,-1141.0852
Early Churners,,0.3055178744427065,0.3242538779274875,0.486042303721717,204,-344.8324
Casual Regulars,,0.09192214212988097,0.2799212675369467,0.10164254236404,3,-371.84479999999996
High-Value Core,78.0,0.21303907722509918,0.13927645858222318,0.0032996896407572994,0,20387.5496
High-Value Core,105.0,0.448678982128716,0.14496631053211126,0.014762169597940663,1,8379.1126
High-Value Core,108.0,0.19364033018150328,0.12447542863484197,0.0028861980090802994,1,13236.680599999998
High-Value Core,125.0,0.13706821511722497,0.23498311519087758,0.08479828589645176,0,503.2257999999997
High-Value Core,88.0,0.15394740333688764,0.201022142091175,0.14197717564649814,2,-319.02879999999914
Casual Regulars,,0.09375822077813652,0.25099474926617715,0.10672033680708522,4,-319.1054
High-Value Core,139.0,0.18592618782118597,0.19605792823085738,0.05499031651651677,2,344.22440000000006
Casual Regulars,,0.7184470847531127,0.4253288684073673,0.06048309294058908,21,-1898.3686
Bonus Opportunists,0.0,0.9830712888343345,0.3956767479699698,0.8149483389692983,108,1875.7321999999995
Casual Regulars,,0.057917640235065244,0.3183331336788566,0.00943543274397162,2,-2066.2248
Bonus Opportunists,10.0,0.26526269979789924,0.4511031164802003,0.8300951176298274,267,-7613.481799999998
Early Churners,,0.5181469747098629,0.20328102397804063,0.45923132053034627,208,-84.49740000000008
High-Value Core,125.0,0.34099267789864474,0.11345205841908225,0.005051015600476513,0,12920.684400000006
Early Churners,,0.11859902425148032,0.28086699792698605,0.6173726714449305,201,-1210.0728
Casual Regulars,,0.18096108411090292,0.20429611374625878,0.07430928086970096,1,213.69819999999993
Casual Regulars,,0.04173973104270443,0.14432058090918712,0.0835015698163819,5,-2.9238000000000284
Early Churners,,0.06444374003000462,0.34696936765474495,0.6169068021195745,210,279.2130000000001
Casual Regulars,,0.508644972027155,0.17878527117088933,0.1291744517482742,56,-2076.1348
Casual Regulars,,0.506051711711485,0.1977061827197284,0.05880395913074213,4,-1563.9816
High-Value Core,176.0,0.1917640862171572,0.14802161336432623,0.08866597675742001,1,-3130.0309999999995
Bonus Opportunists,5.0,0.9459414720291486,0.634178201612295,0.7957908827774112,193,-7844.3392
High-Value Core,116.0,0.19101234938975012,0.11445829049206514,0.007811554267202063,0,15441.9208
Early Churners,74.0,0.1375891219876791,0.22615594567603228,0.6577315500424776,213,-1045.9299999999998
High-Value Core,190.0,0.13055715921751962,0.2315940155011743,0.05189442273815439,0,200.55040000000008
Casual Regulars,,0.13571657315462732,0.2288888213742276,0.0931995054784762,14,31.398199999999974
High-Value Core,186.0,0.16632968436974055,0.16333515078015298,0.0894875380861197,2,-3487.6966
High-Value Core,158.0,0.11015403228443124,0.14432842685402839,0.010978529530164276,1,10624.031799999997
Casual Regulars,,0.04032639668895141,0.27877750321194833,0.09069470157404376,11,-1104.0330000000001
Casual Regulars,,0.21697676111580935,0.1749524709710712,0.09257113621318515,3,-918.1074
High-Value Core,276.0,0.331088363945458,0.12894937876418877,0.08448896844323979,0,-9919.8174
Early Churners,,0.5189656221894269,0.23689274075805944,0.5488143729906733,203,187.99360000000001
Casual Regulars,,0.15559779027592646,0.17769217132426687,0.07634089945063478,12,-186.69140000000016
High-Value Core,74.0,0.41373304766897223,0.13087023233406897,0.1179164562976923,0,4368.2548
Bonus Opportunists,2.0,0.32296269976117026,0.4731405076573435,0.8135370184050752,115,-6869.5562
Early Churners,,0.1166073011702153,0.2495664263996141,0.42593776431422514,201,-82.11099999999965
Bonus Opportunists,11.0,0.301989980679598,0.3978387056250624,0.7780994214080765,138,-7926.321
Bonus Opportunists,0.0,0.9769279640824091,0.5191575569506647,0.960855963354119,315,-584.6568000000007
High-Value Core,56.0,0.1788300435880409,0.10377775478816909,0.006674246187908693,0,18936.716
Minimal Engagers,,0.04638083014481522,0.45588405484628247,0.37938562503027073,230,-1034.824
Bonus Opportunists,1.0,0.22046549083546627,0.5329646530730575,0.8887214458734284,134,-4070.6706000000004
Early Churners,,0.6904790637437066,0.30622503258683226,0.5584202230165081,206,-592.406
High-Value Core,141.0,0.21716752876283496,0.1027277304551553,0.07659638780954187,0,3026.1057999999994
High-Value Core,119.0,0.2106334608081084,0.16724867436883212,0.09051020607783505,0,-684.4017999999992
Casual Regulars,,0.47631592169832865,0.1568650350230314,0.012796260334457831,2,-646.2268000000001
Minimal Engagers,,0.09425678456768104,0.4269997152321307,0.38990341080591606,152,-670.8456
High-Value Core,192.0,0.37165169083363814,0.12733486277191786,0.07168456677978902,0,-7895.0864
Bonus Opportunists,9.0,0.40622471520421094,0.3837241789559263,0.6006590738570112,178,-7780.6284000000005
High-Value Core,88.0,0.1441715970196437,0.15438657644847184,0.06530200677951249,1,1589.4976000000001
Early Churners,125.0,0.19352183104720067,0.16322923417092977,0.5280779595646957,202,914.5082
High-Value Core,145.0,0.37607871392897985,0.14228782240890098,0.1106248637361265,0,-2006.8388
High-Value Core,222.0,0.12966273052173208,0.1236801656323666,0.07913232721875775,5,-8167.782800000001
Early Churners,51.0,0.7381367128024524,0.4678436503310167,0.5715494857019311,218,-1360.3496
High-Value Core,208.0,0.08570771383111248,0.2819881162027141,0.06799023187105468,2,-642.7855999999997
Early Churners,,0.09591618880783916,0.3349768731605252,0.3894168525640149,201,322.9660000000001
High-Value Core,68.0,0.19047344567938918,0.10241741690865969,0.019725029409655613,0,15199.289200000003
Bonus Opportunists,5.0,0.9497699554379989,0.6388656160432923,0.8915991579240837,245,-8172.963599999999
Casual Regulars,,0.5797251251127453,0.2278112522704619,0.043472281156645205,7,-1049.6367999999998
Early Churners,,0.17470368097839598,0.37551201534622,0.6925526977676344,233,-624.6909999999999
Bonus Opportunists,28.0,0.034216297800041005,0.5493675431831824,0.9630718206287788,312,-4825.4562
High-Value Core,288.0,0.1028403444196875,0.19658655226534566,0.09374447798867667,0,-1067.6248
Casual Regulars,,0.09008788079135661,0.3618502026263954,0.24416755809965998,7,298.74019999999996
Minimal Engagers,,0.1302544026206097,0.17609922262775082,0.0,37,-385.3324
High-Value Core,89.0,0.15283861082641997,0.1147669410948323,0.0033128433762957144,0,22719.424200000005
High-Value Core,149.0,0.46974055354736155,0.2248053534916092,0.08067645820207911,0,1887.2060000000006
High-Value Core,67.0,0.2239227583267697,0.1184622447526098,0.016996339765350896,0,11272.267799999998
Bonus Opportunists,0.0,0.9145550959542275,0.695944833764173,0.76086593561053,162,633.8937999999998
Early Churners,,0.37950058431027495,0.1897779593096131,0.525746912946959,203,98.48339999999996
Casual Regulars,216.0,0.11145035406655295,0.15045600317938412,0.11296730128187416,0,790.4449999999999
Borderline Opportunists,,0.5001232932486911,0.2951084728156064,0.07059484691566167,1,-751.2379999999999
Early Churners,,0.5835626780776635,0.24736050207507837,0.3640265519309061,208,-1705.6932
Bonus Opportunists,0.0,0.2871979935920002,0.5373881432585107,0.6651474189783356,273,2075.406
Bonus Opportunists,6.0,0.5413108492440581,0.3816752149113062,0.7606835011915735,248,-6024.927200000002
Casual Regulars,,0.11403250473918433,0.29174733498732697,0.028320461621526485,2,-1779.569
Casual Regulars,,0.10950095780725845,0.23016102579944817,0.16668175742287963,1,-812.6406000000001
High-Value Core,91.0,0.1599295573830863,0.17259137436414476,0.0006608930937284647,0,12930.711
Casual Regulars,,0.43450629352150244,0.17602797332546946,0.05290067652517512,3,-1715.613
Casual Regulars,,0.5079209335158769,0.2436331767707474,0.03365132460447468,20,-1008.1918000000001
High-Value Core,240.0,0.172407263293301,0.17398979616326313,0.06876320497055038,2,-8100.256799999999
High-Value Core,,0.11676503247852241,0.1305375702608538,0.030820317525631975,2,331.8452000000002
Borderline Opportunists,,0.0,0.5199649247741364,0.0,14,-570.9258
Minimal Engagers,,0.11066631878439998,0.5839963996649986,0.7520792177618745,291,-419.51300000000003
High-Value Core,98.0,0.37270584545493424,0.10770330405617798,0.01938200904182579,0,19522.826
Minimal Engagers,,0.15530136383633963,0.43645151706300317,0.0,22,-2577.27
Early Churners,73.0,0.09296249198383452,0.26686090557768666,0.36116001376846507,203,-4254.0426
High-Value Core,94.0,0.4578016894484481,0.13945833168417315,0.10883445207696985,2,-299.28279999999904
High-Value Core,317.0,0.1296858227500798,0.1740372532908381,0.10008063546868001,2,1518.5349999999999
Casual Regulars,,0.16192576527172203,0.2229249640245187,0.08981997572706432,1,111.904
High-Value Core,99.0,0.20553668124414032,0.16149672885584898,0.0933024463511575,0,694.7008000000001
Casual Regulars,,0.10229505054860812,0.3374605624641148,0.1531494887031481,0,-315.2503999999999
Minimal Engagers,,0.2986626139817629,0.418214717454569,0.0,120,-583.55
High-Value Core,89.0,0.17429607607925898,0.1734848588043341,0.06008055479719997,0,-1783.2797999999993
High-Value Core,146.0,0.12877900255896668,0.18120049297231725,0.06667513275607971,4,2191.563
Early Churners,,0.6476852285050102,0.41030834554645534,0.40961893048362985,228,366.57179999999994
Bonus Opportunists,1.0,0.9651820794527234,0.8050351945860437,0.8102636391268685,176,-1956.6161999999995
Casual Regulars,,0.5388581080558253,0.22414453817396246,0.09425250001185637,14,301.25620000000015
High-Value Core,143.0,0.4909191035064742,0.1742094389923946,0.06539221386729081,2,-210.2572
Bonus Opportunists,0.0,0.36070550044876293,0.41422187843971386,0.8284839614289897,283,6182.313399999999
High-Value Core,347.0,0.1244957347601453,0.17546691520299074,0.056763494943341035,1,780.9333999999999
High-Value Core,81.0,0.27744529485567143,0.08808559705836355,0.016045303590706123,0,7551.477000000001
Early Churners,137.0,0.6470246003297594,0.3570723581055645,0.4216614703101089,205,-4696.0676
Bonus Opportunists,3.0,0.359434332640494,0.4026217348444712,0.8264677107692141,312,-167.9960000000001
Casual Regulars,,0.3024620271293511,0.12224727920072945,0.1441700843596952,7,-1346.0614
High-Value Core,151.0,0.2346720963656625,0.1189101082225187,0.018717938336236483,1,421.483400000001
Bonus Opportunists,0.0,0.4421578845152285,0.38915451541514684,0.7319048078298015,174,1344.3852000000015
High-Value Core,145.0,0.4031335466664374,0.13684978025965588,0.0688084794536151,3,-173.43499999999995
High-Value Core,137.0,0.17884433567719485,0.22346929192802312,0.11334720209945699,5,-1202.2452000000003
Casual Regulars,,0.10074957302802201,0.1839916182517444,0.12498375493821125,7,-1904.404
Early Churners,47.0,0.0559909666892875,0.3305460172284893,0.591469259839117,208,645.7906000000003
Early Churners,,0.04561349884179339,0.32337631583805665,0.5596322259337172,227,-415.5798
High-Value Core,188.0,0.4281670167445335,0.1524672792646972,0.058460256391504005,2,-2015.7178
High-Value Core,257.0,0.20721266379120407,0.13832855494276336,0.08198498694069746,0,2236.9903999999997
Bonus Opportunists,6.0,0.4622969973127702,0.3528504728378681,0.8228588911378957,146,-6099.705999999999
Minimal Engagers,,0.06083477192504102,0.37951141731132243,0.01990102051040303,2,-2356.4748
High-Value Core,83.0,0.40182682973807815,0.11843685523428137,0.009850409801731512,0,14353.545799999998
Bonus Opportunists,57.0,0.28831274266290285,0.5477105113165432,0.5145860471470267,133,-9643.988400000002
High-Value Core,101.0,0.14874173895044504,0.15063706419222003,0.12864121346482021,4,-487.6896000000006
Casual Regulars,,0.012872578893283849,0.23595928956466405,0.11348521538682363,5,-639.8636
Bonus Opportunists,18.0,0.9751604552044006,0.6236103424710091,0.43251835983422643,175,-4418.266799999998
High-Value Core,227.0,0.19354877426711078,0.13022304089677714,0.07836852159805101,1,1999.2779999999993
High-Value Core,,0.1588132559438589,0.16977744025482788,0.09069541855933191,1,392.51720000000023
Casual Regulars,,0.11995246501817235,0.2909008676473231,0.22509404998602373,22,-553.9074000000002
High-Value Core,185.0,0.11990377370311793,0.16654259341153896,0.08308849683372788,5,2316.639
High-Value Core,82.0,0.12978610457680434,0.14828048263606763,0.01716217851363786,0,12170.1204
High-Value Core,261.0,0.12960372353546923,0.1621118758517988,0.09716563287611414,1,-9836.785
Borderline Opportunists,,0.514799180713363,0.1524782840734132,0.10474698670290879,3,-291.6236
Early Churners,34.0,0.25130294258670594,0.30698953845850263,0.5662605885173412,203,-1373.78
Early Churners,,0.19068077610365725,0.4660270265557784,0.5862609286785165,234,109.02900000000011
Borderline Opportunists,,0.19558684320396175,0.29063665682871537,0.0,24,-2103.2348
Early Churners,,0.044224375218579796,0.2667400552632916,0.4295698349810618,208,-1674.4482
High-Value Core,89.0,0.17220590562760454,0.1310826899788044,0.10121990624677638,0,809.5822000000007
Casual Regulars,,0.060452632889331503,0.2504287258436682,0.10654466990331547,11,-1395.05
High-Value Core,248.0,0.18574033376156132,0.1390468257037439,0.06422515303987907,5,-9736.4902
Casual Regulars,,0.6728937256198794,0.27133332132108645,0.12388242925617281,3,-491.7897999999999
Bonus Opportunists,7.0,0.1396475487028087,0.6969099151899867,0.9393703760222225,307,-3568.2831999999994
Early Churners,,0.693604787730284,0.35037273965791393,0.4453164300370115,208,151.82179999999994
High-Value Core,160.0,0.3818632472720044,0.11882955669194262,0.03275778170758762,0,666.5378000000037
High-Value Core,188.0,0.13837858680531887,0.16116926728925132,0.07995803114555085,2,-168.79979999999978
High-Value Core,,0.12622812567072744,0.17714356803258635,0.11518002289228783,2,643.9271999999996
Casual Regulars,,0.10811344796082514,0.324541077567259,0.02715272185800416,1,256.38559999999984
Casual Regulars,217.0,0.27398434269254346,0.15733982377545924,0.04253062949428115,2,1042.7940000000003
High-Value Core,142.0,0.12037293000366206,0.13221748060785565,0.10027640278456341,1,2590.5612
High-Value Core,154.0,0.4140055103122663,0.147059276087027,0.03182511491399201,4,1850.7164000000002
Casual Regulars,,0.10269338594018086,0.34075498972851426,0.03941820496080414,7,-1809.3298
Casual Regulars,252.0,0.18825010217042626,0.18163449481358981,0.09848806157532315,1,-3924.7129999999997
Bonus Opportunists,14.0,0.3371726166268477,0.47319984544675264,0.6838602597671882,117,-8505.239200000002
High-Value Core,144.0,0.09861790369654612,0.1544277183228496,0.056527784998219116,2,3023.9952000000003
High-Value Core,,0.09763588035446849,0.17909157852830318,0.065387142188084,2,650.0587999999993
Minimal Engagers,,0.056136041200311,0.4303248469340252,0.08839752239575836,27,-278.91579999999993
High-Value Core,204.0,0.20096321086396196,0.12535572291405284,0.02745058721043671,0,-4399.6122
High-Value Core,299.0,0.19055426490905583,0.15929140494980717,0.0641541174732163,1,1517.3163999999997
Bonus Opportunists,1.0,0.3569232762946712,0.43698117359787353,0.7138420368880064,148,499.19640000000163
Borderline Opportunists,,0.0,0.3568197200658779,0.49444738838545377,208,-995.0764
High-Value Core,106.0,0.42633072975235414,0.17111905728199056,0.04622248028214436,0,-2613.5806
High-Value Core,74.0,0.3332674009592552,0.10480706803711279,0.0378790519952307,2,8322.888799999999
Bonus Opportunists,43.0,0.28906294506105445,0.5180478260345869,0.7042509423301785,315,-1188.3378
High-Value Core,88.0,0.17658921756354304,0.12290373434606008,0.051629973701909304,1,7217.012399999998
Early Churners,,0.22174335172511778,0.27967014455123723,0.5917859426325172,205,-1208.7939999999999
High-Value Core,115.0,0.24736772318442238,0.17605245869077749,0.1306525534838044,3,3222.1663999999996
High-Value Core,29.0,0.15107210116300468,0.12692213688964604,0.16876804634806644,1,4961.285
Casual Regulars,,0.15050689656578342,0.19901386500252682,0.14340277636208704,4,-630.2911999999999
Early Churners,66.0,0.08493078762479638,0.27930369442065744,0.6337668392354271,206,-1309.9816
Casual Regulars,,0.007587396076604709,0.35022473898494255,0.07502409121114156,2,-825.5896
High-Value Core,109.0,0.25192577302528657,0.1019510645880489,0.023718576229788183,0,7340.343000000001
High-Value Core,65.0,0.3875396317188192,0.12693921567353697,0.014574415074165896,0,24986.0244
High-Value Core,270.0,0.13585840797697646,0.14260547174323474,0.07855556313360587,0,1445.0301999999997
High-Value Core,89.0,0.33114729897429945,0.10070977777603345,0.014155216319246964,0,18090.769
Early Churners,,0.6614163290756195,0.39726933579428997,0.5804541927599084,203,391.85360000000014
Minimal Engagers,,0.039090137419991275,0.23854834569314393,0.6624079469590951,225,-1012.822
Bonus Opportunists,13.0,0.5888290925877945,0.24904555294040998,0.6923211800481305,310,-7905.965199999999
Casual Regulars,,0.09399465556212641,0.3518316024891208,0.1732067697892518,1,-1564.8724000000002
High-Value Core,65.0,0.15267543952775176,0.11664427342740165,0.001315766907642274,0,20426.8572
Bonus Opportunists,,0.988438941841299,0.6574669619001234,0.8691995881758363,267,356.2366000000002
Bonus Opportunists,10.0,0.3350099738309493,0.38637713864676027,0.8342466058670013,173,-7312.255999999999
High-Value Core,57.0,0.18252909248673693,0.17692916058813246,0.10897208098643313,0,3473.9298
High-Value Core,152.0,0.19458686170542286,0.1283692418857495,0.10656230794245226,7,-3065.1974
High-Value Core,204.0,0.1947252439323401,0.1559041154922469,0.021734339412143127,0,6992.918
High-Value Core,83.0,0.530468655475743,0.17211698033015957,0.08437631996218739,2,1108.5313999999998
Casual Regulars,,0.2221704866207519,0.14826787193490423,0.2247090436942531,30,-2157.15
Casual Regulars,,0.09407987998526346,0.10990239937167529,0.17395383556943989,32,-268.3074
High-Value Core,95.0,0.18746510034798586,0.16136936895544857,0.09777413575529333,1,-2059.1994000000004
Early Churners,,0.21612433800907685,0.3240445286364653,0.2734266710079538,221,-1748.521
Early Churners,,0.7008351996915506,0.3749279193374763,0.5825281481231775,203,-681.1776
High-Value Core,,0.30646010723503614,0.1081251766180784,0.05479521286084789,0,518.701
Bonus Opportunists,3.0,0.2727863030134426,0.5460346188218546,0.9291566157700368,233,-7498.560600000001
Casual Regulars,,0.06242044042655366,0.2691435700518809,0.02538982602973273,4,-285.14160000000004
High-Value Core,57.0,0.14133998279049836,0.18160362665823954,0.10552680050675603,0,-1099.7942000000003
High-Value Core,241.0,0.19242496685307997,0.14607695018313227,0.06534731248645889,0,2080.4882
Minimal Engagers,,0.6715775882664003,0.33223883416928013,0.0,47,-1650.9852
Casual Regulars,,0.18363427880168784,0.21036952427663688,0.07461927463346227,2,-522.1373999999996
High-Value Core,141.0,0.38955485803445794,0.1292305882177458,0.05820429801095683,4,2360.1972000000005
Casual Regulars,,0.4904574438708954,0.22541375093028224,0.11411004735923508,3,-32.88779999999997
Casual Regulars,,0.17761484819432788,0.16397247151003647,0.10811505060684722,2,-1261.9897999999998
High-Value Core,114.0,0.18457482969234845,0.10674757980694448,0.011927975291193126,0,9017.201000000001
High-Value Core,188.0,0.4160638426245236,0.12177574854978306,0.00889391251559219,0,629.9002
High-Value Core,113.0,0.15016453334492194,0.09910030434410443,0.0070277693025179765,0,9342.583599999998
Bonus Opportunists,37.0,0.5921426402781987,0.31901770812980834,0.6630895394417131,256,-10032.9646
Casual Regulars,,0.10419005955924651,0.22185252246544096,0.0945729117211894,0,36.94560000000001
High-Value Core,106.0,0.20376467803798196,0.10417511620759601,0.006747381670091072,1,12548.0346
High-Value Core,169.0,0.20601326675226928,0.16615077032231915,0.09427558900975004,0,-914.9081999999999
High-Value Core,124.0,0.16840510284674293,0.13016375726014856,0.05631139288365608,1,-80.42080000000078
High-Value Core,118.0,0.45844478972532976,0.1742544026113761,0.11484098304637623,0,304.13579999999956
Bonus Opportunists,0.0,0.36433573816599785,0.43587475306083456,0.7605895327440365,308,-126.72920000000067
Casual Regulars,,0.17597824433660925,0.132113392433364,0.041702034748220144,6,115.2360000000001
Early Churners,,0.49921812630140827,0.2085838374926054,0.5161617408623657,204,-256.994
High-Value Core,195.0,0.44604512926738527,0.15628327087559474,0.08178798913047731,1,-1787.2178000000008
Minimal Engagers,,0.6716175808320866,0.5240285201981387,0.2617638458763844,64,-2106.2934
High-Value Core,116.0,0.19723076791681254,0.10203988565471106,0.0073701424912128765,0,10305.8684
High-Value Core,110.0,0.14908118413428384,0.17142565217018949,0.12953998942515021,5,2103.5358
High-Value Core,159.0,0.14026825105368018,0.17393057454692498,0.011476422039779152,1,-160.08300000000236
Bonus Opportunists,0.0,0.9297974560658033,0.6240443699964722,0.757802453928256,130,212.02120000000014
High-Value Core,130.0,0.1234619786796157,0.12256012579252581,0.012417164070707996,0,7710.993399999999
Bonus Opportunists,,0.28169049403665847,0.47053602209053136,0.8072012981655714,309,-1002.4438
Casual Regulars,159.0,0.1621032029867581,0.18810619685259503,0.12107533378690107,1,-437.8309999999997
Bonus Opportunists,0.0,0.9545329146241767,0.5661487438901524,0.6943413508043025,156,1470.0496000000012
Casual Regulars,,0.0830144742170612,0.20697220753338902,0.026512610123129613,14,-170.5404000000001
Casual Regulars,,0.18437920284379555,0.1787114861961988,0.052767639469069434,1,-116.61599999999976
Early Churners,,0.3513964703899367,0.20004345414969915,0.2824227252984825,247,-28.93380000000002
Bonus Opportunists,29.0,0.9522416686973693,0.7335736002570238,0.7281692646917983,213,-8581.9018
Casual Regulars,,0.2796950216099793,0.14058434759134877,0.14855554348739367,4,-1809.6248
High-Value Core,90.0,0.15798460748166093,0.161315388477511,0.07255054660704072,2,1095.9287999999997
Bonus Opportunists,1.0,0.966269534560445,0.43618720390844007,0.7636857572473359,123,-4826.333999999999
Minimal Engagers,,0.35478429320908444,0.3483202755427499,0.48659217500397617,203,-695.7646
Casual Regulars,,0.0076475652929251245,0.38605626545836585,0.1338791067154716,33,-1624.1565999999998
Casual Regulars,,0.03781271149011633,0.24922880467600053,0.0395585387848733,12,-4.523000000000025
Early Churners,,0.6889907501921569,0.41824504083659525,0.32219920810423774,212,328.06460000000015
Casual Regulars,,0.7447570712155022,0.4998242048742203,0.08809270865710694,13,-668.886
Early Churners,,0.5582461252137322,0.2948346704493179,0.33100952278608486,218,-254.54139999999984
High-Value Core,111.0,0.35024750460254583,0.10262417069774953,0.0023610467950445197,0,7412.410399999997
Early Churners,,0.2574508627994484,0.18586771714500397,0.47486234671271005,205,26.576599999999985
Bonus Opportunists,8.0,0.633228952376499,0.47037420322026674,0.6276975745686953,150,-1623.0201999999995
High-Value Core,113.0,0.1428237899007902,0.145510402879567,0.1207539424883856,3,3594.1023999999998
Casual Regulars,,0.5552404135220546,0.211753319375393,0.09624514230720785,10,144.6476
Casual Regulars,,0.36506290612470627,0.2069634178392089,0.0,0,-304.8936
Borderline Opportunists,,0.19683320050567474,0.3143329760767627,0.009681052848127952,10,-490.43820000000005
Casual Regulars,,0.03933010471541364,0.18914332665374084,0.030896843081441024,26,-389.44399999999996
Casual Regulars,,0.4735458443078827,0.20428064288168202,0.08912356079812259,3,-1748.7122
Bonus Opportunists,,0.2861460226701134,0.4771799991080226,0.75338381300547,303,535.1761999999999
Bonus Opportunists,0.0,0.1633336349948031,0.6711538777871804,0.905473648858128,306,4216.1378
Casual Regulars,,0.1996589764190182,0.15090761214322296,0.017062889449222244,43,-1721.7926
High-Value Core,,0.48551018829033943,0.17241162320837014,0.13701458480473744,4,437.0650000000005
High-Value Core,246.0,0.4071099834885305,0.14329585400480052,0.07597338958040978,3,-388.4998000000005
Bonus Opportunists,,0.10824276087376473,0.7348699626790587,0.8844626807847104,197,798.2624000000005
Casual Regulars,304.0,0.1520132394167118,0.2515201299530732,0.1092776037126905,1,597.96
Bonus Opportunists,17.0,0.22615807711029223,0.5302871744518908,0.6835896887769324,184,-8661.336
Bonus Opportunists,0.0,0.9567436427626598,0.5735185152327781,0.8343042482574611,161,-995.9825999999994
High-Value Core,157.0,0.11138803777435102,0.2139449581490954,0.10344599059473489,4,2620.0262000000007
High-Value Core,80.0,0.1923412411422082,0.1142467094030137,0.011463648405859388,1,18123.9094
Early Churners,,0.49128073885897267,0.23205824455589028,0.37313959726644474,203,-780.7852
Early Churners,,0.14376730630391452,0.15236458194263572,0.3771004819600537,211,76.48759999999993
High-Value Core,138.0,0.14336285673553228,0.18858798417857525,0.08165173094415318,2,-9.884999999999764
Bonus Opportunists,0.0,0.4204244854853726,0.4255646838809677,0.7061080975116579,113,1219.1088
High-Value Core,91.0,0.17296858201995713,0.11131386830179665,0.011383934877464301,0,21592.007599999997
Bonus Opportunists,5.0,0.3715813745790571,0.4590979222019465,0.8103748677197815,183,-3360.0061999999994
High-Value Core,241.0,0.44556610982399214,0.1480148516645695,0.07132359262829335,1,-8064.0076
Early Churners,,0.07043322387598337,0.29002169270248174,0.41930787296006705,204,-432.22219999999993
High-Value Core,125.0,0.4772525339487351,0.16955261398832366,0.05506214468584881,1,-2436.605
Minimal Engagers,,0.7318062647356012,0.4362889658581496,0.0,53,-228.875
Casual Regulars,,0.634849855342674,0.3260697272344749,0.0581086424752879,1,-262.43439999999987
High-Value Core,60.0,0.19567391127848688,0.11313549905117708,0.010059765828190216,0,21659.007199999996
High-Value Core,285.0,0.1748676967209798,0.1737059121217435,0.10259348462462638,0,-10468.611
Early Churners,,0.5423721784465904,0.3035992143612524,0.5262973795478258,201,-545.858
Casual Regulars,,0.19547664304159354,0.10924864407865112,0.004696248533113827,1,-715.3896
Casual Regulars,,0.5763063187817701,0.302635226139794,0.043775118522863594,5,-1957.297
High-Value Core,197.0,0.4079594900336347,0.13423922530431742,0.06650820615826028,1,3199.1846000000005
High-Value Core,131.0,0.4495924761822693,0.12274848069814642,0.00898854887102301,0,9349.033399999997
High-Value Core,104.0,0.20552122740436882,0.16957985171251885,0.09553148508221425,0,-1905.4833999999992
Casual Regulars,,0.27208717924312653,0.11517234516671168,0.021246351733107186,3,-1430.9362
Casual Regulars,,0.10927069833732211,0.3307726643050207,0.02747871257893677,10,-756.0054
Casual Regulars,,0.17772648662386997,0.16727062509000307,0.05126633403146563,2,-645.1674
Casual Regulars,,0.09726960611623062,0.2296478326936466,0.10246702699027803,8,-1282.2432
Bonus Opportunists,3.0,0.3299937510563806,0.48743099140408747,0.8512569069177837,118,-6623.125000000001
Early Churners,161.0,0.1690771265984923,0.20631732031555616,0.34075971694349366,200,-1547.54
Early Churners,74.0,0.1171030425999713,0.27981047461379593,0.4766433728302836,209,-1335.2856000000002
High-Value Core,165.0,0.19829470467576418,0.1362831492289544,0.07155779023339982,0,-347.50480000000016
Bonus Opportunists,,0.9746795435099127,0.6687364500304874,0.8860763452509687,234,153.33039999999983
Early Churners,,0.10500590943764768,0.33147054695791217,0.6332026029228106,204,94.15340000000015
High-Value Core,195.0,0.3905121314731602,0.1266710671576335,0.030250071037962126,0,-3902.6367999999998
High-Value Core,198.0,0.234677404062691,0.16524860036584746,0.12049074337116684,0,-3900.6964000000003
Casual Regulars,296.0,0.1388655192686386,0.19919707058203348,0.04701198852399316,0,-2955.177
High-Value Core,,0.18676909056601093,0.14323756483498373,0.09797588035439768,0,705.2334000000005
Early Churners,,0.09340573044901472,0.25588986709288747,0.5362038440682603,244,-76.62739999999997
High-Value Core,206.0,0.14186983843917403,0.16228714069718667,0.05445879267937812,0,2639.9604
Casual Regulars,,0.16592499290455048,0.13715093874192713,0.14419385860620365,6,-1376.2325999999998
Casual Regulars,344.0,0.11150830073319422,0.18207138149238167,0.07138964388638458,6,422.59320000000014
Early Churners,,0.11263394832958552,0.37827207238150556,0.5337817383857162,215,152.6472000000001
High-Value Core,319.0,0.09474330679496663,0.18431085027453864,0.09731429619282349,3,1242.4117999999999
Casual Regulars,,0.0947909490018423,0.2532822642254119,0.025025125488820715,2,-1478.621
Casual Regulars,,0.42267401205592064,0.14095802897175752,0.10349121496662757,2,75.52199999999993
Casual Regulars,,0.12972262361392523,0.33327702768483736,0.138203894059537,1,-388.5178000000001
Early Churners,150.0,0.17998776553892964,0.2627870152125438,0.5686972613514247,202,368.9653999999998
High-Value Core,,0.1324448207377812,0.1518575123498576,0.08281727773652993,2,34.19080000000031
Early Churners,,0.14775173216190216,0.30288621440194413,0.3837113386684169,202,-931.838
Early Churners,,0.10626446892058451,0.23750628274177907,0.4482421745177343,202,563.7431999999999
Bonus Opportunists,,0.13404903152913425,0.4742352218051539,0.8360295270874336,177,-72.97679999999991
Casual Regulars,,0.08605029677165676,0.3784047312961158,0.1497663842051191,8,-1970.0926
High-Value Core,84.0,0.20814308563223272,0.10954330684556375,0.019172113989995618,0,13181.0042
Bonus Opportunists,1.0,0.2419529715773541,0.5229717682939077,0.8700728293850924,307,435.5184000000004
Early Churners,,0.14213572009828415,0.36762031737305334,0.3159638108091333,206,-1791.1617999999999
High-Value Core,150.0,0.5071540503824911,0.18768517510789173,0.12411389751386602,0,3242.9412000000007
Bonus Opportunists,26.0,0.11949575024461176,0.780581118706236,0.2083299354664807,325,1828.6961999999994
Casual Regulars,,0.05077012779730428,0.3473708167338249,0.058832960435776446,12,-588.7508
Bonus Opportunists,0.0,0.9788652116690257,0.5649412172495313,0.7710189103184364,189,9460.4226
Casual Regulars,,0.11301526192573304,0.38800725460877594,0.06364374720002376,6,-1234.3701999999998
Minimal Engagers,,0.10336653652481992,0.4363907432509494,0.797235991421636,277,-2498.1624
Casual Regulars,,0.10454423822383799,0.19592039821658946,0.12293292814354075,8,99.42280000000005
High-Value Core,103.0,0.24026196506666928,0.12577830994348677,0.010527882729419806,1,12576.7682
Casual Regulars,,0.11863857609566132,0.1582463563872676,0.191596168558245,0,595.6376
Borderline Opportunists,,0.11583317277270826,0.2663486882951076,0.6374302438661454,204,-1230.1218
Bonus Opportunists,,0.3290048375735389,0.47333330475229146,0.7176464835902258,290,322.9238000000005
Bonus Opportunists,2.0,0.301388867959045,0.4826016806714384,0.6737789737207499,307,-1348.6772
High-Value Core,110.0,0.15776381615092133,0.15282334900831931,0.0,0,11401.7012
Bonus Opportunists,40.0,0.2998378041690268,0.4675485278395395,0.8132543435354591,146,-10728.0242
Bonus Opportunists,7.0,0.307005451801976,0.45319156276121664,0.6625461899309742,114,-7869.616
Minimal Engagers,,0.2326923592467629,0.430440922291247,0.07592881242986753,1,-186.6644
High-Value Core,163.0,0.13142570729545996,0.12887831524001087,0.007525463842918026,0,9838.3258
High-Value Core,177.0,0.1170638947361001,0.12223785920155487,0.012526589379420583,0,-2683.5879999999997
Casual Regulars,,0.5064217401503612,0.2632222044646863,0.11677072331427224,9,-305.64739999999983
High-Value Core,216.0,0.1271557375378612,0.14062510486099022,0.09704882822672772,0,-9519.154199999999
High-Value Core,64.0,0.17238515070586086,0.10956685030764803,0.01956834023592643,0,21075.804400000005
Casual Regulars,,0.08256494040333126,0.27210144733659414,0.052834789212833314,15,-586.9456
High-Value Core,77.0,0.24147947082248125,0.15053594988723315,0.11945063468561531,0,3408.3288000000002
High-Value Core,61.0,0.16690998161968745,0.13120862152382723,0.007414356486573005,0,21738.5432
High-Value Core,120.0,0.16889365996690928,0.11571393764136931,0.016443991652324096,0,6637.033200000002
High-Value Core,278.0,0.23920673527232367,0.1136326726716191,0.10992957427140101,0,-9889.562399999999
High-Value Core,142.0,0.16779737814064163,0.1576882778560189,0.0472435500198787,2,970.7957999999999
Early Churners,,0.12108411749325455,0.3544267181386074,0.3711064472436378,201,71.08339999999976
Early Churners,,0.6201663286910889,0.3423006189654165,0.5153431586927331,205,-341.61059999999975
High-Value Core,157.0,0.22768160671942853,0.14992603068682053,0.06125351300523353,1,-3218.4216
Early Churners,,0.02581435240663619,0.4421358272621642,0.7199074631901103,211,-187.06600000000014
Early Churners,,0.08753136746738183,0.3374584092072821,0.37736143584284493,212,450.6107999999999
High-Value Core,312.0,0.18349174354579004,0.18849589988664775,0.05731797246026815,0,1604.6741999999995
Minimal Engagers,,0.0,0.3909507263171777,0.3720911929999034,142,-1744.0922
High-Value Core,143.0,0.25456444021053903,0.11614420863186029,0.0107554425795702,0,3047.7572
High-Value Core,99.0,0.1953719671272022,0.10932274024973389,0.006594845927869563,1,12067.3492
Early Churners,,0.16065239852200597,0.20345606434367372,0.5321916940276141,205,-708.519
Borderline Opportunists,,0.13113559820111179,0.19552709314550826,0.009046752323615254,6,-240.0172
High-Value Core,220.0,0.14162285176709605,0.17979047366550066,0.05492334281229944,2,1542.9746000000005
Bonus Opportunists,3.0,0.5658792638536032,0.32731523738220586,0.9035890892753221,237,-9682.4238
High-Value Core,291.0,0.19658678232390334,0.13760127072628334,0.06350729166710091,0,-10362.0848
Casual Regulars,,0.07620733786756274,0.13290262591024363,0.015772012556459013,2,-31.651399999999967
Early Churners,144.0,0.42001281342035723,0.17454413508947192,0.44141053129882685,204,-4659.323
Casual Regulars,,0.36829166245664874,0.1962767352047696,0.1551653718785978,0,-318.9244
High-Value Core,122.0,0.38842958971126196,0.11232959804759629,0.0022769421554071603,0,10739.862000000001
High-Value Core,309.0,0.1509446856398058,0.15695252664005416,0.05313223228262359,6,1107.0472000000004
Bonus Opportunists,2.0,0.49465880194714595,0.35321992430236193,0.7358594770097207,191,-6483.8706
Casual Regulars,,0.4134810697837539,0.16671321611164072,0.07990020846648069,1,398.7536
Casual Regulars,,0.12732995008535497,0.2493288641394499,0.08329789171901601,6,-1183.3044
Bonus Opportunists,8.0,0.4086338173171163,0.4085641208009059,0.7901135147721343,306,-6948.8204000000005
High-Value Core,,0.08629106739270359,0.1675144658907876,0.08143668875486103,1,400.78600000000006
Minimal Engagers,,0.18970201594432187,0.35509429518464714,0.0,18,-2340.221
High-Value Core,104.0,0.32031224300078837,0.11772218543331267,0.1256418566295499,1,-1831.9908000000005
Casual Regulars,,0.2333063691844127,0.205021662409553,0.030867250541206512,0,171.14740000000018
Early Churners,,0.7227572124803319,0.4062780259203993,0.6485025422852428,220,-14.570600000000013
Early Churners,,0.06068615613168804,0.3202097916532655,0.6357685347888259,217,-977.5959999999998
High-Value Core,208.0,0.535388274445088,0.17675520691299604,0.08973067429395776,0,-7700.7552
High-Value Core,135.0,0.42926839457704663,0.12928241630420068,0.11418843032097875,5,888.4141999999997
Early Churners,,0.11056475600138906,0.3961314264009006,0.5062412239593314,207,88.80720000000008
Casual Regulars,,0.20798789137138185,0.1431225004318028,0.1120837860369959,0,-231.3302
Casual Regulars,,0.10783161801844948,0.2046098330713632,0.05026617556369411,2,-823.6152
High-Value Core,73.0,0.17610239115531437,0.11560798810949356,0.008798231475054373,0,17840.9288
Early Churners,91.0,0.08506645407454877,0.21113549869056009,0.691936138861306,201,515.5284000000001
High-Value Core,167.0,0.38621221669450856,0.11457841823998367,0.02412568193654801,0,-2123.8397999999997
High-Value Core,144.0,0.3273704035360492,0.11628340838721322,0.01455093009878389,0,3681.0581999999995
High-Value Core,98.0,0.16099985851560678,0.10865603308132385,0.006817923587366542,0,11784.261
Casual Regulars,,0.17319285206076576,0.189950586699067,0.1385522809658796,3,-1400.2730000000001
High-Value Core,145.0,0.16366219284853334,0.15824403615090638,0.10576633592145122,1,874.8787999999995
Early Churners,,0.049190056655703904,0.40960518637230375,0.4435331727668662,204,-1504.0467999999998
High-Value Core,,0.17018303791642858,0.13278937187465506,0.062182709457741264,4,164.98540000000003
Early Churners,101.0,0.13615511734848576,0.2688863961545737,0.5590454676565175,204,-2974.0310000000004
High-Value Core,,0.1488129135244607,0.20848825048229996,0.05874639911402595,7,550.9492
Casual Regulars,,0.16426565988366051,0.13575042063716083,0.0,1,-2003.1948
Early Churners,,0.5523232134620598,0.26688257281109357,0.482979918003475,206,-33.00459999999998
Casual Regulars,,0.2464392878008384,0.1918992581565036,0.057399644921411926,11,-276.8824
Bonus Opportunists,,0.3946058013830321,0.4027517451795557,0.7918452756659003,166,324.96460000000025
High-Value Core,232.0,0.13657267784622354,0.11987164807722078,0.06769016556803836,8,-3427.4551999999994
High-Value Core,80.0,0.37519230823223615,0.11357381834427846,0.04019774190491881,0,11323.6908
Early Churners,,0.11764640657311874,0.4582494266435643,0.4480695344595306,220,-267.1096
High-Value Core,203.0,0.13594792153714824,0.20999229615611054,0.004620499498680871,0,-3824.6281999999974
High-Value Core,68.0,0.4020583130575733,0.11977773260923939,0.01363457019808589,0,24174.657000000003
Casual Regulars,,0.15111988193030373,0.17821062423297443,0.08807120991292966,11,-1569.7282
Early Churners,140.0,0.2653242777532239,0.2135816552225072,0.6077842476060988,204,105.06639999999993
Casual Regulars,,0.1133656591945387,0.20035594766261564,0.009157100587132656,30,-212.69400000000002
High-Value Core,192.0,0.2242445881591896,0.11790992447347186,0.011938064509814708,5,7445.248600000001
Early Churners,,0.5528288594270404,0.19758249379759404,0.5380000784583008,203,-566.2235999999998
Bonus Opportunists,0.0,0.16709570508847424,0.6619568646354282,0.9051863519241818,112,3371.4128
Casual Regulars,,0.11323678818039364,0.1713914125434139,0.05147137606499099,4,-1763.7487999999998
Casual Regulars,,0.08933933087145522,0.22469072324872827,0.10121973502852515,1,-390.73119999999994
High-Value Core,163.0,0.25541633092834926,0.1229270682450877,0.019792281870466836,1,-3841.9825999999994
Casual Regulars,,0.13466542811886123,0.22997701906672216,0.0990868306184759,3,-1224.2336
High-Value Core,114.0,0.2025721834834599,0.16390840426566378,0.04348045559444133,0,3430.3727999999996
Early Churners,86.0,0.04303186388257281,0.43483327479828054,0.4528692325189406,207,-1299.801
Borderline Opportunists,,0.0331947241621433,0.4175688818414274,0.18583369422172144,51,-504.8644
High-Value Core,111.0,0.4391555146968104,0.16832991715575302,0.0784402571531181,0,2909.3338000000003
High-Value Core,165.0,0.17612986819454296,0.17377123663204078,0.12023303919585868,0,-99.74900000000025
Bonus Opportunists,27.0,0.18298472452372422,0.5972195877589599,0.7163007384245196,159,-9945.049200000001
Bonus Opportunists,4.0,0.9645608112100026,0.5895346879765718,0.581000534227521,309,-5249.6074
Bonus Opportunists,45.0,0.35225320663072374,0.39974149688864286,0.6069029309894575,217,-9591.315999999999
Borderline Opportunists,,0.05806819370582044,0.26191713504868025,0.09067316252527213,3,-131.599
High-Value Core,144.0,0.14729310527776635,0.1676993834196524,0.06061572814352742,0,-2371.8091999999997
Bonus Opportunists,0.0,0.2629939594090925,0.5437471761916742,0.9083200140301404,307,6496.8802
Casual Regulars,,0.4261469093627968,0.18141956424599087,0.06822390426142781,2,-697.7757999999999
High-Value Core,189.0,0.15252011596263151,0.1944707489393484,0.10387615126048949,0,-2085.6038
Casual Regulars,,0.41338158688249865,0.1762863784783744,0.1794217989028962,10,-1129.7626
High-Value Core,94.0,0.18242347763815542,0.13149776682985045,0.01633980200727452,0,19478.983799999998
Bonus Opportunists,2.0,0.11466093159878302,0.7477635782591748,0.9693682719968936,234,-2100.9307999999996
High-Value Core,110.0,0.19813951583158348,0.11861854198301139,0.12409372103759354,1,878.7334000000005
Casual Regulars,,0.087261266783692,0.22758366713598915,0.0529477689338002,0,-1541.5944
High-Value Core,99.0,0.19371719344644842,0.1410623786166612,0.0656730009484304,1,-1602.0420000000004
High-Value Core,125.0,0.4966331991769419,0.15696526913136413,0.053746096786627666,1,1040.6725999999999
High-Value Core,130.0,0.12267124699824128,0.23761913020221426,0.10787372231115558,2,1924.1622000000002
Casual Regulars,,0.032558497053969765,0.4091488667799674,0.026306418518262875,0,-245.01279999999997
High-Value Core,197.0,0.20575158700487398,0.1292565776875729,0.016139434101197222,0,7560.366999999998
High-Value Core,,0.4440874152137045,0.14212962568585216,0.09936892014132082,1,323.16719999999987
High-Value Core,,0.22823659105201913,0.15043681983556006,0.06245621660815112,0,317.7926000000002
Early Churners,,0.5438425865301014,0.28978746427063967,0.5230996646033225,201,-904.6940000000002
Casual Regulars,,0.12796233552069713,0.2572754187239884,0.026768722940473964,1,-1620.3982
Casual Regulars,,0.10620234463308506,0.3018306054802476,0.08143800458086187,10,-1379.3683999999998
High-Value Core,207.0,0.1363506693638217,0.16261158620606225,0.09475173692390654,0,-9112.9608
High-Value Core,257.0,0.46146674225001366,0.14679667919023537,0.04561469974309344,0,-8241.897
Early Churners,,0.12121664988130598,0.3133778391571596,0.4402248456011425,201,-1441.0535999999997
Casual Regulars,,0.11106176453779004,0.1971599952871892,0.15287241116169137,6,-1405.6186
Bonus Opportunists,3.0,0.2912738757942361,0.5164829327682561,0.9082650727063359,121,-2094.1679999999997
Bonus Opportunists,4.0,0.4034720016546362,0.4026051017967693,0.7445877082518026,172,-6591.845800000001
High-Value Core,55.0,0.19104295226842444,0.10828987708346419,0.00899701709952836,0,16024.654600000002
High-Value Core,98.0,0.2030750628169509,0.09028012516092843,0.004083747333011351,0,6176.861400000002
Bonus Opportunists,15.0,0.9500296838275688,0.4525140214306105,0.768500361091705,158,-7834.580999999999
High-Value Core,104.0,0.09949123118011617,0.16188861169290172,0.0950746903192283,2,290.14739999999983
High-Value Core,98.0,0.46136274726655496,0.15190799449370307,0.0797717874219124,4,-2440.3124000000003
High-Value Core,113.0,0.19778395542360483,0.11363838189686776,0.0,0,13896.856399999999
High-Value Core,217.0,0.1945866244499608,0.12610621197587976,0.06022291684405722,6,1495.4970000000003
Bonus Opportunists,16.0,0.33559284911306747,0.4637832226081174,0.5951184828634594,174,-5893.7788
Casual Regulars,,0.1508316578658595,0.11625802208003591,0.0862785197705162,0,-230.98880000000008
High-Value Core,173.0,0.4663061414582027,0.15235777743073592,0.07320474904061032,2,2745.1589999999997
High-Value Core,67.0,0.36146880180887664,0.12705768989889119,0.0063415602215622785,0,12788.162
Casual Regulars,,0.12227981922275098,0.20559169137311104,0.08982620209302643,1,-481.60360000000003
Early Churners,,0.47314947334369173,0.2345619176425115,0.49885245781112925,207,-1220.6896000000002
Casual Regulars,,0.08343043442785099,0.2634769704120959,0.10648345720204444,2,-1918.5796
Casual Regulars,,0.34632966689587685,0.135715942177079,0.029204389350276982,9,-1152.2685999999999
Early Churners,,0.10810731985994794,0.25725926858721154,0.5471413376928461,203,-302.7402000000002
Early Churners,,0.4865916628480031,0.24070426529144273,0.5503514048292487,205,-1060.858
High-Value Core,223.0,0.40146951419412397,0.1451947024886147,0.017014656932530438,1,-5078.785400000001
High-Value Core,102.0,0.20932099612681884,0.1319384842284202,0.020228472030790055,0,11539.046999999997
High-Value Core,54.0,0.16370550351728197,0.127165882806007,0.011308747963585122,0,15830.375799999998
High-Value Core,310.0,0.22323573283727774,0.17050728050566516,0.15902072146030138,2,1317.4548
High-Value Core,117.0,0.1345542312183119,0.19151451499516464,0.12417635431114872,0,-516.4479999999999
Casual Regulars,,0.03149853742046802,0.15895145375916492,0.08566874258600238,28,-262.6112
High-Value Core,124.0,0.4138244894706496,0.1886811934738145,0.09517597704208701,1,-196.09720000000016
High-Value Core,82.0,0.1310531695259192,0.23129842592820865,0.07380281197111559,1,-1209.2811999999994
Early Churners,,0.02260319404051227,0.33063738377871904,0.833051665484807,216,-1007.9298
Casual Regulars,,0.39946723614094787,0.1384465748187943,0.09922225577061232,12,-2081.3462
Casual Regulars,,0.22964132079636373,0.18323254688987523,0.06585161141667803,2,-310.95619999999997
High-Value Core,87.0,0.1296317880852496,0.11151246166846773,0.007850804606952515,0,10667.341199999999
Casual Regulars,,0.24534384376392113,0.23771600424799766,0.07814090269146996,10,-140.1497999999999
Early Churners,,0.6331733338475355,0.29391338252984506,0.43671361515280066,206,-347.91200000000003
Bonus Opportunists,3.0,0.2555922200801786,0.5249530550489627,0.8932100579419733,106,-2829.0757999999996
Bonus Opportunists,1.0,0.25040740013098595,0.5823522093805202,0.9190320165605573,222,-4110.017199999999
Early Churners,,0.6174527865065262,0.21410046621622306,0.5142558447117671,204,226.5042000000002
High-Value Core,74.0,0.1929019508983683,0.12781610876578425,0.00674893465813837,0,20004.451000000005
Casual Regulars,,0.5183619128134873,0.2977038668552456,0.04417044812149547,30,-628.7528
Casual Regulars,,0.14880946860918853,0.24584847383047254,0.03363426348106268,13,-1423.6072
High-Value Core,,0.0981183092366438,0.16197480499591974,0.06425881673972339,4,353.96039999999994
High-Value Core,,0.10536502698652672,0.19165798045342483,0.18260227786208044,6,555.1382000000003
Minimal Engagers,,0.14392222725778217,0.39231456380311724,0.0,221,-1077.4934
Early Churners,,0.111296811507032,0.32801320126750594,0.5654311580830091,208,-90.48859999999979
Casual Regulars,,0.12318806151682593,0.18543973999401953,0.0941895232620198,7,-89.70080000000019
High-Value Core,78.0,0.32834333301266067,0.1001774995311684,0.005466484817313604,0,17118.9298
Bonus Opportunists,0.0,0.20262125630093977,0.6332830856405913,0.7002157997931523,179,3130.0332
Early Churners,,0.10028110887880881,0.17922795153313392,0.4119548855514066,213,292.49800000000005
Casual Regulars,299.0,0.13378879448707257,0.1658168944957298,0.09716304165398998,2,-4381.6244
Minimal Engagers,,0.15756318876182898,0.16858735308417244,0.0,4,-515.0304
High-Value Core,,0.12170045986118344,0.15994412266739122,0.08829497296273482,1,180.27379999999994
High-Value Core,133.0,0.17294753934126805,0.1728505519425445,0.06154240221824853,1,-1686.8606
High-Value Core,108.0,0.20974711206724514,0.1127332100763032,0.009022342593281638,0,13460.3354
Early Churners,,0.5344302551187546,0.2799610107001661,0.43535418405883136,208,303.08579999999995
Bonus Opportunists,17.0,0.2733763452492466,0.5059163593845027,0.7537952899719109,307,-9467.809799999999
Bonus Opportunists,22.0,0.462431876553798,0.4121241033495024,0.8811785788301189,130,-10641.8638
Casual Regulars,,0.31488732861241664,0.2647679157537264,0.17163058109748186,5,-2074.4806
High-Value Core,239.0,0.15880861811229233,0.1677415523530542,0.07204115647956458,1,-9869.0562
High-Value Core,185.0,0.1785226097586016,0.14929664259743405,0.07179106777454618,0,-81.03260000000046
Bonus Opportunists,,0.1698958812466398,0.6291104800863305,0.802558478504375,307,387.1659999999997
High-Value Core,260.0,0.37078449259882373,0.12625636745737742,0.08106608277965334,1,-9800.898
Early Churners,,0.30947769825993765,0.2567924238741489,0.40250649590660953,203,-1093.3242
High-Value Core,146.0,0.13598762388260516,0.11768291820146466,0.010213298136048515,0,9288.5826
Bonus Opportunists,56.0,0.40490363847107264,0.4092897744695004,0.8532557248330156,264,-9171.7312
High-Value Core,124.0,0.4288185449777222,0.16067712185107053,0.08201419303516261,1,-302.3145999999997
Casual Regulars,,0.46045609604366255,0.15684709312298822,0.04157138248836556,8,64.33540000000016
Minimal Engagers,,0.136532526872376,0.43815307513021384,0.737038882387248,236,-492.8728
High-Value Core,99.0,0.18714887204841038,0.1743508780751708,0.13201572119870958,0,-3088.6342
Minimal Engagers,,0.0,0.39590491267587546,0.5392474687725659,253,-1060.9478
Casual Regulars,,0.5143201904544458,0.1702379058510166,0.18760091795267667,1,-960.8282
High-Value Core,181.0,0.1600855285296188,0.11665380375375856,0.08639531299119338,10,-309.0815999999995
Casual Regulars,,0.5922090540344598,0.2966702021180512,0.04659869551908451,14,-454.47119999999995
Casual Regulars,187.0,0.15229516055566694,0.1808758980798224,0.07570603725427964,5,1307.2984
High-Value Core,176.0,0.10701297758605492,0.16863921880080757,0.08543663899704984,8,-3885.548
High-Value Core,312.0,0.1054139127655315,0.17040441417245114,0.10812012979477059,0,1768.6813999999995
Bonus Opportunists,71.0,0.2523001812263186,0.5418744573537893,0.5860877438807832,164,-10461.3598
High-Value Core,130.0,0.1361719299831022,0.1547342812870553,0.03874706559387204,0,8113.703200000002
Casual Regulars,,0.1883633957886039,0.208899767910495,0.1354959584121075,8,-2024.4094
High-Value Core,191.0,0.17451016864406474,0.13523805774406994,0.08337665210938745,1,-435.6097999999997
Bonus Opportunists,6.0,0.9877071166588319,0.6173840679259697,0.9198245138384773,208,-7225.4241999999995
Minimal Engagers,,0.13632772885939523,0.28667684298179785,0.5801326490584593,225,-989.3622
High-Value Core,120.0,0.3617349656094378,0.14541278093006796,0.0,0,8531.658000000001
Early Churners,,0.12694734974745484,0.34169486402810045,0.6470674423597739,202,-134.9448
Casual Regulars,,0.19920335026439828,0.18782899654616228,0.07791017638746442,12,-361.9089999999999
Early Churners,,0.09340879447207738,0.3663831434147679,0.5318395259046177,212,-629.7375999999999
Casual Regulars,,0.16142647801966956,0.23841736614636233,0.02621334257778941,3,-552.1161999999999
High-Value Core,76.0,0.1794096998100125,0.13925104616539236,0.07953409291182127,1,3288.1910000000007
High-Value Core,93.0,0.16864649321495792,0.15605304962833796,0.09940539575928689,0,-1650.6540000000005
High-Value Core,328.0,0.3837221153662863,0.11818936019331933,0.03954695863468389,1,1188.8826000000004
High-Value Core,69.0,0.1947503850413912,0.11849445659797589,0.014825129051169703,0,24082.111200000007
Bonus Opportunists,,0.0,0.746853501583852,0.7792728420559232,209,-2031.6558
Bonus Opportunists,3.0,0.388554571615841,0.3932917794338717,0.8615232290804453,202,4215.7433999999985
High-Value Core,,0.08251158017262224,0.15850573720583755,0.07946956997534721,1,-130.9090000000001
Early Churners,,0.06526755898243423,0.2289374507781068,0.639090475090993,221,-1367.5742
Casual Regulars,,0.521590434992644,0.21035894144625567,0.07968952427482927,0,82.9248
Casual Regulars,304.0,0.1378312896049629,0.20953727178625284,0.12569715801445824,1,1360.2215999999999
Casual Regulars,,0.3704273283311448,0.14228807915412262,0.13143973393607652,7,-2268.8916
Bonus Opportunists,12.0,0.4131739035702573,0.27255620758091803,0.8084317628518569,254,-9530.3318
Casual Regulars,,0.06143787266417649,0.26148694126065536,0.039392788680280705,0,-1455.7977999999998
Bonus Opportunists,0.0,0.09531525496184773,0.8068962286073207,0.7831114289248453,128,576.2962000000016
Bonus Opportunists,,0.9731319323460946,0.511393416729095,0.7781872248553245,218,-1084.2974
High-Value Core,146.0,0.19360641740137022,0.11393794536642127,0.0,0,8179.260200000002
Early Churners,,0.1829869561003112,0.36430790135456625,0.48406101162178966,209,-18.789599999999837
Casual Regulars,,0.48747100943030364,0.24105855033209156,0.041849097103752765,2,-1511.7166
High-Value Core,86.0,0.33634676002149844,0.10898225603580744,0.014522867675578977,0,14748.094399999998
High-Value Core,110.0,0.2594807725893932,0.1342517910149419,0.018029500214589208,0,12526.9418
Casual Regulars,,0.19010197665123627,0.1559913895410567,0.0987364250097119,2,-234.5666
Bonus Opportunists,0.0,0.5260269332238033,0.4189817899302447,0.8121469156040195,312,4542.6602
Casual Regulars,,0.39821508334256767,0.16920994784343757,0.08120659657764837,13,-1899.7096000000001
High-Value Core,88.0,0.21573761952462792,0.13386087152332832,0.178231121612418,0,2049.3783999999996
Casual Regulars,,0.1516250645045711,0.31536242998591246,0.12770169931518116,13,-756.233
High-Value Core,218.0,0.194176077660902,0.14156921838381184,0.07780254752237276,0,1919.143
Bonus Opportunists,0.0,0.9716485179177716,0.6059381647874649,0.8176221939780518,159,836.1806000000006
High-Value Core,205.0,0.3869916884335426,0.14218479472521126,0.024977650859158297,1,-1955.1556
High-Value Core,,0.18345806696939587,0.10784536491718452,0.15380986768319618,5,410.8702000000003
Bonus Opportunists,6.0,0.9628018147076405,0.746658658390199,0.6084398879139036,124,-4622.1606
Casual Regulars,,0.1524708566328127,0.19586834390651803,0.2209750320087448,11,-1687.3276
High-Value Core,129.0,0.3990574610785687,0.14326975998316716,0.09163998644445853,0,-2237.9631999999992
Casual Regulars,,0.06143610678083625,0.24997212805588678,0.10810806413774275,1,-1185.3354
Casual Regulars,,0.15654889697613267,0.24079869894256858,0.05001474733979156,5,-1588.9702
Early Churners,,0.14911070484045516,0.21897399117023444,0.4661545948784283,201,149.30399999999986
High-Value Core,136.0,0.19382887038483027,0.11930897128994886,0.08126519120390695,1,4313.0984
Casual Regulars,,0.562200318629332,0.20206282311944979,0.059161950928669306,6,460.66819999999984
Bonus Opportunists,55.0,0.9717420839909056,0.7934146457207392,0.670696782327086,308,-1374.3451999999995
Minimal Engagers,,0.12733775439122572,0.6444197705373702,0.8473471546845217,259,-1962.5606
High-Value Core,297.0,0.1269110535974853,0.15550214494558504,0.07148422183046532,0,-10217.4848
High-Value Core,124.0,0.42227501264382666,0.1644862932002434,0.09313714774381814,2,-1516.3401999999996
High-Value Core,113.0,0.3766347329277071,0.11821646109200906,0.05002953368979544,0,4168.7912
Early Churners,,0.05856568371835974,0.38696605265081657,0.45509376729326784,201,673.0053999999998
Casual Regulars,,0.2885915409908848,0.2612637059074726,0.04640378807849014,17,783.8783999999996
High-Value Core,87.0,0.17159726570320724,0.13780940694911656,0.005046439894261384,0,9078.8162
High-Value Core,103.0,0.4286009034960572,0.14890218041612352,0.07308947832014,0,-2007.5743999999995
High-Value Core,254.0,0.2017155558708426,0.15912731278214562,0.09230699503816943,0,-8247.681999999999
High-Value Core,243.0,0.16654686602693347,0.1469170812417617,0.03576286641367394,0,-9400.916000000001
High-Value Core,132.0,0.4074583839118806,0.15468930586981833,0.017237124172260122,1,4623.749400000002
High-Value Core,59.0,0.3767375650765446,0.1256829954676512,0.13536281500315223,0,3463.9692000000005
High-Value Core,74.0,0.25342088804288926,0.1165846949982155,0.011017067191269906,0,17337.438
High-Value Core,,0.20142209849722092,0.1123307280203203,0.10218512084585549,3,776.9245999999998
Casual Regulars,,0.06862411647120142,0.2461758149688967,0.028302436093993563,9,-1603.8808
Casual Regulars,,0.11347257340721296,0.3100676300787169,0.020550862758275026,27,-2137.5182
High-Value Core,141.0,0.5195792666687298,0.19407041874710557,0.07529479401291135,0,-2616.330200000001
Casual Regulars,,0.08535063345944208,0.17582584502868237,0.0,6,-1595.3618
High-Value Core,,0.1337528132839055,0.12707703520924657,0.0473570458474626,13,-352.3598000000002
High-Value Core,104.0,0.26068595811303624,0.12185279460122538,0.02190194245205027,0,7363.6734
High-Value Core,162.0,0.21922426722666474,0.12535835057574307,0.07296066280331182,0,2404.4866
Casual Regulars,,0.12813124880080817,0.1458062294962836,0.022769734363116446,7,-767.417
Early Churners,,0.583391795621407,0.23165009666421812,0.531498666245263,219,-1617.8854
Early Churners,,0.12727348355014942,0.36293062084050526,0.47633991410676807,211,-775.8447999999999
Casual Regulars,,0.14258363056171022,0.26693861918815626,0.12019863520692323,0,-292.9326
High-Value Core,105.0,0.3296388401945717,0.11168114700769546,0.0007199610837793401,0,14170.5476
Casual Regulars,,0.1113959475638236,0.1549405137364367,0.058077312707814154,8,-663.4922
High-Value Core,159.0,0.47971485247765255,0.18470496769509595,0.03816882336241144,0,103.97400000000107
Bonus Opportunists,1.0,0.1774900426552829,0.5997175667534005,0.6706136133164454,137,4740.8218
Casual Regulars,,0.09451152550000876,0.3046188208053724,0.07013529846915058,8,-6.290399999999977
High-Value Core,89.0,0.15771821628747038,0.12573615301073482,0.054593214627673164,1,-828.2716
High-Value Core,,0.1300942790263611,0.19381644383803082,0.0704202135115829,0,732.9152000000004
Bonus Opportunists,0.0,0.38664081830238817,0.42247496616014796,0.8197542584894847,143,-5767.2554
High-Value Core,,0.1606913040175888,0.1603327422743241,0.13656590224722626,2,-248.5945999999999
Early Churners,,0.1583423962448465,0.362846519590586,0.4360120123443968,203,-173.6558
High-Value Core,49.0,0.20849049807229425,0.11049754142274737,0.01804887445495319,0,19034.2514
Casual Regulars,,0.1395344199352279,0.24192154500669322,0.10221884477743061,8,-1818.9098
High-Value Core,100.0,0.1469337404100172,0.13007992362688325,0.12039337591092521,3,-2099.836399999999
Bonus Opportunists,0.0,0.5491140473659222,0.38374795170907133,0.9213335194147191,291,1108.630000000001
High-Value Core,116.0,0.4696194484594149,0.17980287327943606,0.07579763478907821,0,-2612.8696
Casual Regulars,,0.10505578587122669,0.15932040027332764,0.08432984193760243,1,-908.0358000000001
Early Churners,,0.2033025269081028,0.24937481026054897,0.5474060766746218,231,-508.84939999999995
Casual Regulars,,0.17711088115768747,0.23468129091484416,0.05482706336294332,3,-398.7951999999999
Casual Regulars,,0.4420941582100566,0.21012992711943568,0.07741425332148161,1,-1590.6936
Casual Regulars,,0.1416068303348697,0.17871264474916768,0.0727047794514399,3,678.7660000000001
Casual Regulars,,0.10504410300377948,0.3133470208750633,0.019682985985089524,0,-141.7206
Borderline Opportunists,,0.04234954206132892,0.2831698668905266,0.05193055367762351,10,-947.0622000000001
High-Value Core,116.0,0.22190773945816641,0.12044342603148106,0.059321003831182204,3,3279.9512
High-Value Core,167.0,0.15259615908665014,0.16651939359502776,0.046365618676527644,0,-2885.3896
High-Value Core,197.0,0.1477927965945549,0.13060086530513518,0.0792159202891918,2,2406.205000000001
Minimal Engagers,,0.0,0.3551621851853054,0.6696231026498585,275,-344.52
Early Churners,,0.5658040565320939,0.20665425775732493,0.43681456848086636,201,-453.78300000000013
Bonus Opportunists,7.0,0.9617181489330111,0.41146342596103014,0.7500012902160338,308,-2069.6672000000003
Early Churners,,0.11422201329952049,0.36636117332774604,0.5071354815366561,207,56.08019999999999
Early Churners,,0.11181740805600604,0.2058871153413934,0.5107812574329159,213,-15.606199999999944
Early Churners,,0.15229418757165436,0.2663380477358364,0.6212526093226995,232,-283.41679999999997
Casual Regulars,,0.10893595714296661,0.2309720311270196,0.07727026550616822,6,-286.8472
Early Churners,,0.5861923124858954,0.2975182842790735,0.5200982589508991,202,-980.8498
High-Value Core,215.0,0.21472440006619425,0.17373305858711421,0.10513267878218045,0,-3587.3977999999993
High-Value Core,139.0,0.1875864637719587,0.10626762822295721,0.003610424871225576,0,17370.502800000002
High-Value Core,168.0,0.13936810835613903,0.13425816345819386,0.0722798593895289,5,2229.1404
Casual Regulars,,0.5265856540254824,0.20879413336336766,0.07571258136367834,14,54.547199999999975
Casual Regulars,,0.16228417916590382,0.15604574109953936,0.05323857970939935,0,-1142.5487999999998
Early Churners,,0.6400701415284106,0.35647129738206373,0.5353040527938102,201,-1103.0092
Casual Regulars,,0.1633286468034641,0.1828525576865522,0.05659320087090441,7,-148.20580000000007
High-Value Core,149.0,0.19540852500367537,0.1278437137205612,0.007818619347160402,0,4417.296200000001
Minimal Engagers,,0.02394420380713553,0.3061821063077595,0.07135133680357662,6,-947.3376
High-Value Core,116.0,0.09582888143088987,0.20089726546540845,0.04394307506446573,2,-704.2871999999998
High-Value Core,109.0,0.18781914164791963,0.14472090891185083,0.09917006831842656,0,2740.3402
Minimal Engagers,,0.03141537902389046,0.26949353347614285,0.10182120876780353,4,-392.94019999999995
High-Value Core,129.0,0.11494202395912627,0.15615230962121382,0.07780431657206863,0,2529.8855999999996
Minimal Engagers,,0.026412446213084965,0.2750154343757762,0.1059927562494983,53,-935.5548
Casual Regulars,,0.5504634864918977,0.1855547439308795,0.052509518274858356,6,-979.2955999999999
High-Value Core,259.0,0.13824562676240232,0.15476914878780632,0.0943499304431154,0,-2438.6036
Early Churners,44.0,0.12153945755463069,0.23085004253603095,0.4425675099058017,202,-789.1844000000001
Early Churners,,0.2824416391376482,0.2721653836312615,0.5091541673995995,203,-1483.4812
Casual Regulars,,0.42639776295969845,0.13423003064815317,0.08711618140214346,0,-831.0197999999998
Early Churners,,0.5937846080103522,0.2328993100709693,0.4414298403954829,201,-833.0838000000001
High-Value Core,109.0,0.21945980203460635,0.11228311427425745,0.00998721920614264,0,15527.475200000004
Bonus Opportunists,0.0,0.4946199276870688,0.34517348472173204,0.8514246736301556,111,-1365.6225999999997
Early Churners,131.0,0.5450375142607154,0.2440375272567015,0.4705618573220499,203,-3119.7096
Casual Regulars,,0.37894938503390935,0.16948804468290896,0.0317874248055481,13,-2339.01
Bonus Opportunists,0.0,0.19646571935226756,0.6345939203823991,0.6592380289698542,308,1351.5899999999997
High-Value Core,116.0,0.17829802907726328,0.1559580606942545,0.05642291104155075,2,-1943.4190000000008
High-Value Core,132.0,0.4649542933591916,0.15807550215396177,0.08113662278596209,2,-2081.7873999999997
Minimal Engagers,,1.0,0.6482328838531409,0.15097754092728563,44,-999.8712
Bonus Opportunists,0.0,0.37676774556394454,0.37413879597077243,0.7592545594620805,203,-1369.2994000000008
Bonus Opportunists,9.0,0.4248037361013678,0.3244846679402077,0.7963061265892699,157,-7134.5386
High-Value Core,171.0,0.1266448985057638,0.15205346710181902,0.11282579147649285,5,-3959.725
Bonus Opportunists,28.0,0.3882996218523694,0.4299285594280217,0.8257485352907872,307,-9953.7194
Minimal Engagers,,0.1232128329571215,0.26513917719845626,0.02429823384709812,5,-992.7586
Casual Regulars,,0.04021360673118367,0.21369979351148838,0.026164521992717644,7,173.04680000000008
Early Churners,,0.0633462049505203,0.212110702042829,0.548448819031484,201,-135.2432
Casual Regulars,,0.07524193989226029,0.41881283712595724,0.08479645557069417,5,563.4708
High-Value Core,149.0,0.1946176684175382,0.2074408644962666,0.07204051550158051,0,-1061.8382000000001
Early Churners,,0.14395953500400874,0.2279842552129654,0.5814921579281828,221,-1396.5006
Casual Regulars,,0.22442428959806876,0.24056455555936285,0.048608300337292853,2,-913.53
Bonus Opportunists,0.0,0.17461955260263687,0.6732115592592364,0.8015548888058925,239,-1063.6269999999995
Casual Regulars,,0.1609688991486445,0.13571041248870203,0.06257821163121073,31,-205.9878
Early Churners,,0.15348493773010946,0.2555553123662224,0.5710888310977279,201,-759.6255999999998
High-Value Core,100.0,0.2795501031148739,0.11427800529096853,0.010105034571784514,0,9693.5852
Casual Regulars,,0.11741903412095697,0.1938031566497132,0.14014644421007458,2,-1405.8136
Early Churners,,0.14212028849849875,0.5450069872855616,0.5283051439052578,227,33.7364
Casual Regulars,,0.05126060159089711,0.2821432098041591,0.02151679572951237,12,-1915.255
Minimal Engagers,,0.2601929558693672,0.24141589208050304,0.0,30,-1629.2252
Casual Regulars,144.0,0.1537930211369483,0.13500729765841696,0.05689897524010392,4,-490.80740000000014
High-Value Core,356.0,0.1839567892565795,0.16375749389185115,0.0786344012265978,3,853.3888000000002
High-Value Core,106.0,0.4801832895772207,0.1686809884768681,0.05391394725903962,7,174.3692000000001
High-Value Core,178.0,0.17556032381827333,0.11260522701494122,0.0026062375222424506,0,-918.0543999999991
Borderline Opportunists,,0.2759185400619263,0.5375423699825627,0.7537284340552104,334,-295.56039999999973
High-Value Core,112.0,0.22308912000245337,0.10447019415420876,0.016232946469447736,0,22234.5056
High-Value Core,67.0,0.44339820796635254,0.16706983076197315,0.09113471699848749,1,2400.867799999999
Bonus Opportunists,1.0,0.426987316355497,0.3046765929737255,0.7865900299907929,251,730.5025999999998
High-Value Core,104.0,0.17858829797777145,0.14249671900764244,0.014828819475770328,1,9752.638
Casual Regulars,,0.09168455094924875,0.3261654729249974,0.04305393034208797,2,-438.9033999999999
Minimal Engagers,,0.0,0.2925476223802645,0.10517028594172034,12,-2350.7604
Early Churners,,0.7490908476357431,0.4181292591295348,0.5029506161648598,207,-209.47140000000007
Bonus Opportunists,2.0,0.9953416738470735,0.700636823585348,0.8000713521935013,283,524.4339999999997
Bonus Opportunists,7.0,0.45986091425475645,0.31181347124389436,0.8513238494361602,151,-8564.154999999999
High-Value Core,176.0,0.13614066528568086,0.21381862722140152,0.05229621246556748,0,3202.3202
Casual Regulars,,0.2798059829009237,0.18554108734866837,0.12853262853410838,13,-2194.5512
Casual Regulars,306.0,0.42237878156624786,0.18448962623950377,0.08003454390562866,2,1284.0258
High-Value Core,144.0,0.14767742182519047,0.15312861657365193,0.06974612381296322,2,-1549.6312000000003
Bonus Opportunists,13.0,0.3725683742499081,0.4860446982812924,0.7162611953176993,193,-3796.3612000000003
Casual Regulars,,0.23728893272202864,0.24766101507470328,0.0,25,-170.49239999999998
High-Value Core,,0.19345436615884343,0.13544402286994736,0.07717187177275658,0,125.81700000000001
Bonus Opportunists,24.0,0.16337118777974774,0.697874897778827,0.8358296600380637,149,-9765.3764
High-Value Core,84.0,0.187166856966545,0.09918510471126533,0.0017664258376572813,0,20585.0914
Bonus Opportunists,0.0,0.9320581297241238,0.4489372774673487,0.9570293882599925,183,-7558.027999999999
High-Value Core,109.0,0.12340332035611795,0.18186093543053958,0.03434136757113208,1,2992.6856000000002
High-Value Core,102.0,0.11493777938097599,0.13366406059831146,0.0732069319951351,0,3072.5708000000004
Bonus Opportunists,1.0,0.900647842912511,0.5228394580432565,0.7474623259282975,160,4280.0078
Minimal Engagers,,0.0,0.28767251018914697,0.13676212815431232,23,-1642.7708
Early Churners,,0.045575497317489506,0.17699274947413904,0.44207534457730246,208,-1629.7505999999998
Bonus Opportunists,16.0,0.5228422906884218,0.3799287556090316,0.9157988912221066,116,-1055.5128
Casual Regulars,,0.15546214916656612,0.16942607684582994,0.09704557442379723,2,318.05639999999994
Bonus Opportunists,0.0,0.3696753097399501,0.4021130644629491,0.6403101584097164,307,3558.1208000000006
Casual Regulars,,0.2561095528506532,0.20648410911566895,0.13455160534308755,6,700.8808000000001
Minimal Engagers,,0.06840450405795795,0.6916231484432465,0.0,88,-2120.1076
High-Value Core,108.0,0.41790184321784807,0.13880924990807902,0.11629675759095508,3,2571.3502000000003
Bonus Opportunists,45.0,0.3482620255296801,0.47135361667522546,0.6603659408304001,114,-9006.247800000001
Casual Regulars,,0.15835836313950513,0.2539464814801092,0.2022243301656904,1,-513.2854000000001
Casual Regulars,,0.5301852821126833,0.214377972508122,0.007788228475668245,4,12.254400000000032
Casual Regulars,,0.6194675402272882,0.3143771647001793,0.013881944465087795,5,172.80200000000013
High-Value Core,184.0,0.16967684835062807,0.16543810034350037,0.11698131116334916,0,-1392.9732
High-Value Core,95.0,0.21649342881715722,0.10377246343732621,0.010837570221719191,0,13991.547200000005
Bonus Opportunists,7.0,0.3905808469828599,0.4315828375779853,0.5942328473458964,130,-3578.237400000002
Bonus Opportunists,,0.1324554294317608,0.6842440579026534,0.555606182909016,113,109.11959999999954
Casual Regulars,,0.5096393413434691,0.20187267824096788,0.07261736061178929,3,-901.5851999999995
Minimal Engagers,,0.0,0.2521301313591616,0.0,4,-1667.4902
Bonus Opportunists,0.0,0.4933094066465074,0.3324584433584049,0.7869920699857954,161,-1970.5245999999997
High-Value Core,138.0,0.24109387700474982,0.09978219673039651,0.0004763736278761739,0,10266.195999999993
Casual Regulars,,0.09238493694488148,0.20949762745630665,0.049820721773584015,7,-1515.9794000000002
High-Value Core,121.0,0.45876295070797357,0.14295489035267503,0.07760590304690639,0,619.6363999999994
Casual Regulars,,0.29285080169324545,0.17132978368385648,0.1140347743241634,11,-330.532
Borderline Opportunists,,0.15321975616533784,0.37427336719770304,0.019242321732399394,17,-830.7826
Early Churners,122.0,0.22236074224743466,0.1996045924970568,0.4850902888674962,209,-4559.9098
Bonus Opportunists,1.0,0.25770669862397316,0.49572771846598357,0.8471767466185111,159,2672.5015999999996
Bonus Opportunists,5.0,0.9776001330513798,0.8312240095250004,0.8996510156217389,151,-7921.0764
Early Churners,78.0,0.46011551919320415,0.20823641976127588,0.454919792258329,204,872.8973999999998
High-Value Core,221.0,0.1303262382968868,0.17110095175260118,0.17912684273039853,3,-9049.7892
Early Churners,,0.14119600124689186,0.3811437269630549,0.4393039387704084,201,355.24660000000006
Minimal Engagers,,0.05028762651468028,0.24878468104474816,0.0,28,-1909.6581999999999
Bonus Opportunists,49.0,0.41736475604069195,0.3071763097027515,0.8233373999553949,205,-9274.7264
Bonus Opportunists,26.0,0.17026591887351306,0.6053341888420988,0.7256810799623854,220,-9737.193599999999
Bonus Opportunists,18.0,0.11956997096767549,0.7439607810843364,0.8391523001926068,239,-4112.327
High-Value Core,203.0,0.1501042159325603,0.17329796252267643,0.06682970459080889,3,-3070.5208000000002
High-Value Core,82.0,0.13251062257910473,0.11991340478671596,0.026478073744730095,0,13229.110000000004
High-Value Core,118.0,0.13111118878772424,0.14307739900201,0.0742844121189718,0,-2100.512199999999
Casual Regulars,,0.11974006708337835,0.13904572202373874,0.0847256027610285,4,-276.2489999999999
Casual Regulars,,0.1612252289935197,0.15950665412468648,0.05683426688732488,23,-72.12480000000005
High-Value Core,134.0,0.16265746854054966,0.15875179876855214,0.05800044900473283,0,1178.5729999999994
High-Value Core,90.0,0.17615671284043868,0.10687375551501266,0.010569461721859887,0,11616.7388
High-Value Core,66.0,0.1664341351826658,0.13495294935245988,0.006849129715237306,0,17379.849600000005
Casual Regulars,,0.07054026461709975,0.20687927871475065,0.04588042904166766,4,-1020.7003999999997
Casual Regulars,,0.1070308844555885,0.2547069312420224,0.09811740502094557,8,-25.919799999999896
Bonus Opportunists,0.0,0.17246651730056653,0.657473289558301,0.9039664825992008,123,3898.2246000000014
High-Value Core,146.0,0.13483354133733347,0.1655632233666836,0.06780466923407907,0,-2762.2455999999997
Early Churners,162.0,0.09485703046137951,0.3072337212923975,0.5370846146148499,202,-1575.1294
Casual Regulars,,0.13104314413905477,0.2511415034512989,0.0739525287564636,2,-728.7842
Minimal Engagers,,0.5202306312118219,0.5008185568784576,0.35142279700824547,305,-2520.6352
Bonus Opportunists,3.0,0.5646098401200981,0.40869070248737327,0.8418151750092294,136,-994.8269999999993
Minimal Engagers,,0.026509888659308412,0.21168128596499605,0.6020363764774133,202,-309.7012
Early Churners,,0.06256185726004619,0.35436914175719636,0.63415073591179,201,198.75620000000004
Borderline Opportunists,,0.5224477402141909,0.36136250955693483,0.3989041395004486,13,-1741.3794
Casual Regulars,,0.0254874513878932,0.36825186517053393,0.028475867257722873,29,-2058.7768
High-Value Core,127.0,0.1916106373486422,0.14655221002250174,0.09357165802014672,0,-1520.701
High-Value Core,66.0,0.4181228985026617,0.12115882343039813,0.030055728655894474,0,17120.7646
Casual Regulars,,0.15513482460491054,0.23104651493221687,0.10382309318128022,12,240.75900000000013
Early Churners,,0.22765451484565502,0.15529679802078278,0.48487296281019804,206,-742.9069999999997
High-Value Core,132.0,0.16394805458601214,0.14575964069538688,0.07196274905594931,2,-693.0064000000002
Bonus Opportunists,58.0,0.5006737798020617,0.3203274942200065,0.8038042714289978,306,-10868.068599999999
High-Value Core,92.0,0.17136001742702425,0.11582860680537735,0.008699147406296815,1,21704.6686
Bonus Opportunists,6.0,0.9782365474702026,0.4369346399117097,0.5895304364322084,257,-3087.7824
Casual Regulars,,0.10689889994562032,0.20435822315745641,0.07167463815805768,2,-150.3427999999999
Casual Regulars,244.0,0.14125917681775021,0.2058767242920086,0.05911283103763985,3,1650.4879999999998
Early Churners,,0.061392266921580216,0.3554740648736266,0.3672654917765864,211,-414.59119999999996
High-Value Core,117.0,0.1416889502668487,0.181294048184482,0.0866895279255118,0,475.8058000000001
Minimal Engagers,,0.20017820948051426,0.2651862764594804,0.13089000550352808,22,-1887.1098
Borderline Opportunists,,0.2774834560088803,0.16734293373096254,0.03771276113393941,10,-1616.9426
Casual Regulars,,0.06162376339351724,0.25651373513772735,0.03590452200905146,3,-1592.6725999999999
High-Value Core,158.0,0.11990057471873829,0.18645382561375726,0.06368508768825984,2,609.6547999999998
High-Value Core,82.0,0.1840910873065095,0.1333758769547593,0.0729806390323681,0,-869.3780000000006
Casual Regulars,,0.5218102925288535,0.24719145942213627,0.11828418853504853,39,-1311.0978
Early Churners,,0.6061091583780349,0.32557885936215747,0.3878159005566992,202,642.6458000000002
Early Churners,,0.5060019351709866,0.25676169447840197,0.3975114444399951,212,-435.82979999999975
High-Value Core,173.0,0.11899329999219183,0.13954076902616663,0.10659567957602388,0,3345.8746
High-Value Core,123.0,0.42474636372658897,0.16378690665756998,0.09000831071248976,1,-1273.6990000000005
Early Churners,,0.13575174552567396,0.3378113867772451,0.6284356594196014,211,-1372.7134
High-Value Core,88.0,0.1939895343138922,0.11273378587323286,0.0064841900510555234,1,3679.7536
High-Value Core,,0.16510664537549305,0.17069986259952508,0.08375723621066623,0,534.4444000000003
High-Value Core,,0.15294268327790364,0.18476668947019484,0.17790672972269989,1,-65.61919999999964
Early Churners,27.0,0.4581834944230316,0.21414438462774685,0.5241282006166382,203,-622.2055999999995
Minimal Engagers,,0.6351750566256386,0.24185858832640997,0.011990149772619528,11,-317.75039999999996
High-Value Core,257.0,0.1762879019402159,0.17388582183210177,0.07732852488652901,0,-9878.309
Bonus Opportunists,12.0,0.2422275830840603,0.5916759608931192,0.7935956358705968,163,-9850.2848
High-Value Core,70.0,0.17316228702480085,0.12838900364852948,0.008948299507978966,1,20347.5278
Bonus Opportunists,,0.9496832142516494,0.45478278708281966,0.49854090909374277,309,-995.9189999999999
Early Churners,,0.11398942068600303,0.2531139996796123,0.6142532067425707,200,-1494.9378000000002
Casual Regulars,,0.1571055192829126,0.2736747587098783,0.026798286483064426,5,-2223.7446
High-Value Core,272.0,0.09645639851861555,0.20448273112554244,0.07553626861944507,2,-9712.0858
Early Churners,85.0,0.1280544095733882,0.3039861646379799,0.47831333944136895,203,-1351.3491999999999
Bonus Opportunists,0.0,0.4321592055031904,0.45722957766675015,0.5991554652555013,168,3997.2991999999995
Early Churners,,0.13775370118423033,0.35838023261671254,0.5737724051476677,215,503.5522000000001
Casual Regulars,,0.12406328604550047,0.13182730364286002,0.07385339359863854,11,584.2767999999999
Bonus Opportunists,8.0,0.3631026462956352,0.4244185658617089,0.6871261457702802,115,-7915.297800000001
High-Value Core,168.0,0.09266868287301087,0.15047847395641367,0.05878955545976574,0,-314.05200000000013
Casual Regulars,,0.14406738170762315,0.13517201426995984,0.06283648683674604,3,-655.4960000000003
High-Value Core,110.0,0.39948904178577743,0.1481401958729789,0.0363611427065466,1,-1998.7954
High-Value Core,126.0,0.6293306489195446,0.2763589724247275,0.04363553582776146,6,743.6131999999998
Casual Regulars,,0.17482701101028286,0.1763441392192579,0.09883485765319602,13,-858.5527999999998
Bonus Opportunists,,0.9557409798920384,0.4195333595774933,0.8078558464368701,309,335.22539999999935
Casual Regulars,,0.23235489966598852,0.23998824551601083,0.014304392001766201,2,-426.0111999999999
Early Churners,,0.41201390170881863,0.16416285686386617,0.7083130788578301,202,770.479
Casual Regulars,,0.07887342354223612,0.19551638115179582,0.07344198238615542,4,-943.1740000000001
High-Value Core,72.0,0.2483958055559206,0.09908108872831184,0.014304854829138281,1,7925.887000000001
High-Value Core,120.0,0.2021890976728891,0.0939089783793955,0.0,0,16688.804999999997
Casual Regulars,,0.09314124465733375,0.21884543528809694,0.012632023605287071,1,-566.5148
High-Value Core,336.0,0.23393432208982046,0.12270222902589187,0.04659036878688047,0,1362.8362000000002
High-Value Core,104.0,0.20239525167975297,0.1687932857874973,0.12642436984630492,1,2.789799999999559
Bonus Opportunists,34.0,0.2937087116680081,0.5630400946203155,0.8855576433939885,309,-4534.2126
Early Churners,,0.04037481074807071,0.4444312511947313,0.5157032337898827,200,-1349.0219999999997
Casual Regulars,,0.07869622871312923,0.201470061725755,0.0,6,-1807.7042
High-Value Core,165.0,0.17502451984930323,0.1659428545324066,0.09086723090338404,4,-3350.6758
Casual Regulars,269.0,0.3993301938498707,0.12621942455155383,0.05949463129827071,0,1375.5855999999999
Casual Regulars,,0.09529991990449785,0.35002486997159615,0.22745274655766215,8,-342.4043999999999
High-Value Core,157.0,0.4566900593242949,0.1691276241445861,0.10343076448022584,0,-3242.3512
Casual Regulars,,0.06884934580155531,0.2481702879274388,0.1979506601207631,1,-881.4408000000002
High-Value Core,104.0,0.16455389494155023,0.15587486338110815,0.12298488941353808,0,-1966.3985999999995
Bonus Opportunists,41.0,0.1964147751210225,0.5023303024216275,0.6590784832697485,188,-10154.711200000002
High-Value Core,278.0,0.2235334035155197,0.1557397171428308,0.03954030964172071,10,-949.4764
Casual Regulars,141.0,0.203727892999908,0.14363971083491822,0.07481727542509138,1,-356.71960000000036
Casual Regulars,,0.5533741906947874,0.2564558911070255,0.04433727527389418,3,-1.2179999999998472
High-Value Core,128.0,0.19951656215363348,0.13027794932798747,0.043520742005831926,0,-2812.5117999999998
Bonus Opportunists,4.0,0.9331762225228409,0.6359748342135082,0.8083627079576887,263,1113.4736000000003
High-Value Core,200.0,0.1542149579576703,0.2259865565152107,0.031197961486902574,5,-3354.0769999999993
High-Value Core,321.0,0.4264772531890846,0.13932580283485593,0.09891752504824537,0,1356.9875999999995
High-Value Core,108.0,0.48972937003708356,0.1826422490527967,0.054748542918258446,1,432.52480000000014
Borderline Opportunists,,0.13669534135957812,0.3291603337683594,0.028902943891662532,15,-60.425400000000025
High-Value Core,215.0,0.4734409012678147,0.1527930431035515,0.08349534247925842,0,-4049.607
Bonus Opportunists,0.0,0.3570305294904735,0.4222786558789071,0.7991952780023153,198,541.7567999999992
Bonus Opportunists,3.0,0.9549149822341425,0.7380784608136975,0.8473898692486359,231,333.1260000000002
Minimal Engagers,,0.19001045244139167,0.2507242633395202,0.09130869317333407,51,-264.2656
Bonus Opportunists,,0.5587637857786981,0.49869602259789714,0.82140646806382,315,-98.8596
Casual Regulars,,0.16528761921846505,0.4841224464904054,0.00523283784114352,19,-1211.3328000000001
Casual Regulars,,0.12609442491932413,0.26854657147452676,0.04133360165400528,8,-1765.1779999999999
Minimal Engagers,,0.09537359282048427,0.4696661161886335,0.0,9,-592.249
Minimal Engagers,,0.11405780847127735,0.6376479031715434,0.3161592919785203,19,-726.5876000000001
Bonus Opportunists,0.0,0.9896349193552275,0.841749670725789,0.8127072058171758,136,-25.40259999999853
High-Value Core,175.0,0.1538772938658888,0.1316902922048788,0.010214472724664362,0,-3435.2999999999993
High-Value Core,263.0,0.1569374916271986,0.16158004514686425,0.08500906237360194,1,2362.4968
High-Value Core,226.0,0.14517581794554688,0.16983784888695225,0.04121869176268605,2,1113.0574000000001
High-Value Core,234.0,0.46621246623769336,0.1621614234360736,0.07172128620233055,1,-9562.1356
High-Value Core,,0.16037213072685957,0.23944112643157375,0.05965238741070083,0,450.4764
High-Value Core,214.0,0.16440002859298863,0.16011621288737157,0.045482523976892716,0,-3324.4944
High-Value Core,161.0,0.19394654207495046,0.13374393366263185,0.0008185535648402086,0,13604.437399999997
Casual Regulars,181.0,0.07629012837486888,0.16681636368325417,0.0795772920691295,6,-485.0106000000003
High-Value Core,89.0,0.32445136325539436,0.09939080143483194,0.0023312492837847146,0,15270.354199999998
Early Churners,,0.19113631243525414,0.2700955333591695,0.5804856161730038,231,248.70320000000004
High-Value Core,136.0,0.14404364444092302,0.18092260644077723,0.052403861894866656,1,3454.6684000000005
High-Value Core,53.0,0.1924170134413532,0.1096256619687525,0.03501935406406214,0,12604.476200000005
Bonus Opportunists,,0.07313746455104118,0.8593905775565599,0.5262617351244536,316,-601.9982
High-Value Core,123.0,0.46664717256761334,0.19767692225080333,0.09809335821451536,1,-2600.2781999999993
Casual Regulars,,0.02177194313318612,0.25357386513810093,0.12437522779845692,24,-215.33979999999997
High-Value Core,82.0,0.1917498083877143,0.1814692317082865,0.08940784765824362,0,3023.7823999999996
High-Value Core,306.0,0.12569009289655925,0.18401444777000864,0.11731018987199232,0,1396.5809999999997
High-Value Core,146.0,0.17902470513896468,0.17535715431082852,0.11558609745348479,3,-2321.1182
Bonus Opportunists,5.0,0.26585017629135016,0.46889046647563254,0.9380948972248271,117,1069.1827999999996
Casual Regulars,,0.1405084237443307,0.18728051430206916,0.15866801187006072,17,108.18560000000002
Casual Regulars,291.0,0.3007680621245989,0.12176640049339425,0.05361534030189775,6,813.9857999999999
High-Value Core,,0.08520272283536669,0.1406590532301354,0.10018039674583597,1,612.4748
Bonus Opportunists,8.0,0.49131882121379494,0.4234827001525538,0.8209958333739278,314,-2997.6007999999997
High-Value Core,86.0,0.4139401910820344,0.10259931723698593,0.008685734977556212,0,6676.294800000003
High-Value Core,103.0,0.16554729417078198,0.10871167122546664,0.010904547696424828,0,9543.2848
High-Value Core,148.0,0.4371151430427583,0.15045316699169733,0.00846143530891332,0,926.2044000000005
High-Value Core,,0.29623010722284226,0.13185329599184684,0.11029652461659338,0,114.35760000000028
Borderline Opportunists,,0.15412258166019546,0.3403668192834761,0.05015670441857616,4,-985.1537999999999
Minimal Engagers,,0.17109644406540842,0.4352537765749069,0.0905397555217719,33,-2438.186
Bonus Opportunists,0.0,0.22323083051484927,0.5797364169524533,0.6835370084881357,284,4317.575400000001
High-Value Core,271.0,0.5144261763362289,0.18476903490200017,0.0764246278038418,0,2028.7781999999997
Bonus Opportunists,0.0,0.13090215795255317,0.6861541349106142,0.8788297511513347,176,-1921.0666
Early Churners,,0.1678223712573924,0.1778381190778638,0.4832473180435878,210,-944.7903999999999
Bonus Opportunists,0.0,0.5824026264585503,0.3057576907079432,0.6700782148351405,307,7387.2754
Borderline Opportunists,,0.7387473645367844,0.3996829856782418,0.0,32,-2076.9665999999997
High-Value Core,364.0,0.09563122793727197,0.1839356430284811,0.07642403083603967,0,902.3433999999997
Minimal Engagers,,0.5102915867306812,0.33344844361522274,0.0,11,-2139.2222
High-Value Core,71.0,0.21817008544904476,0.11033668888084545,0.018607837671344215,1,19393.511799999997
High-Value Core,85.0,0.1891569379662827,0.13212039021656702,0.03224734582509082,1,21786.580400000003
Borderline Opportunists,2.0,0.1848218691421635,0.6515309857096343,0.9530821355923268,144,-2679.525199999998
High-Value Core,204.0,0.20151132788989115,0.1841396883721913,0.04315288328486396,3,2129.1412
High-Value Core,137.0,0.16054669412342149,0.1428778730502404,0.038583602718805676,0,6.90520000000015
Early Churners,,0.7004398725832957,0.3851376551064986,0.5710842604525342,212,-479.5476
Early Churners,,0.07909752184946067,0.16352366307934868,0.26918505048488106,202,317.4826000000003
Casual Regulars,,0.32095889668126026,0.17280078794134165,0.008859824912983863,14,-2264.3726
High-Value Core,235.0,0.1437105373820395,0.1778527208301632,0.06321629301981171,1,-9724.562000000002
High-Value Core,144.0,0.1459780236350882,0.10398195125114583,0.00844856730518402,1,16833.2594
Early Churners,,0.6373147883370932,0.37441567324088304,0.41619139156313883,201,-495.7184
Bonus Opportunists,1.0,0.39795034814875024,0.3677458988433173,0.6505213743874639,233,1499.6686
Bonus Opportunists,,0.6569386642332375,0.3284378438825353,0.6314611991826539,226,-309.8825999999997
Casual Regulars,,0.10710366916288123,0.2595171550501643,0.0867766846579622,4,-142.24880000000007
High-Value Core,221.0,0.3384980285297099,0.13796873080338332,0.09043272972789494,1,1618.5234
High-Value Core,97.0,0.17648603215956535,0.13424162568951997,0.01563054349314554,0,12628.414799999991
Casual Regulars,,0.15747182457806708,0.25101038701957257,0.12019426474520399,11,-1798.1664
High-Value Core,64.0,0.18551228191975921,0.11633854561916637,0.0031609139725902805,1,16608.637800000004
Early Churners,,0.6034271935177195,0.2940438351371871,0.5051268378658609,201,-937.1358000000002
Casual Regulars,,0.26620585246929807,0.2091321089661339,0.08367048088181094,14,-676.1994
Casual Regulars,,0.09428296531814874,0.2871633744825021,0.09662123566458276,3,236.24759999999992
High-Value Core,142.0,0.3486298726131291,0.1273388197702502,0.08367254472079638,4,-1231.9919999999993
High-Value Core,146.0,0.18135367008454384,0.16286774578894023,0.10094047679768735,2,-2953.3063999999995
Casual Regulars,,0.1419355698678616,0.18031503644717195,0.013693223986849476,17,-179.87979999999993
High-Value Core,282.0,0.20839714545640137,0.15312469740111592,0.08042585655750323,0,-10249.8624
High-Value Core,239.0,0.4822840174099626,0.19134530808494812,0.05603914673015458,0,1751.4812000000006
High-Value Core,212.0,0.3918528208179871,0.13595496253366732,0.09057639200894513,3,-2336.4190000000003
Bonus Opportunists,4.0,0.47068374707995697,0.43633959739915396,0.7733139926450708,206,-7406.1849999999995
High-Value Core,269.0,0.1431740146925123,0.19066258481485168,0.0552979233807735,0,-8296.5556
Casual Regulars,,0.12799076433669201,0.23531357991878252,0.07078647147113624,14,-26.46219999999994
Casual Regulars,,0.3679276740435951,0.17400897719267922,0.16665855190964804,2,331.0434
High-Value Core,245.0,0.13186040191407544,0.1516928338719584,0.11692806351536597,2,2112.0818
Bonus Opportunists,3.0,0.9174432297020569,0.6454632500553092,0.7685151894295056,106,-6375.0828
High-Value Core,312.0,0.19097131970098347,0.18316515034625197,0.0569799640563773,2,1387.1732000000006
High-Value Core,121.0,0.21370290211978601,0.16242665504442916,0.03680925979437324,0,-2588.4467999999997
Casual Regulars,,0.4211284088101495,0.15913775246172748,0.15720284878683044,0,369.33940000000007
High-Value Core,97.0,0.2000386896244342,0.12312172396244805,0.15355267880345874,2,-2734.4714
High-Value Core,106.0,0.5076783843194544,0.18489539152818452,0.07065709096920392,0,-1928.0465999999997
Early Churners,137.0,0.10267334852630013,0.36331108253650746,0.48749077313926453,200,-1413.9103999999998
Casual Regulars,,0.6229586242608858,0.40554051133155045,0.04409891622238644,6,-1253.8732
Early Churners,,0.47211350193296225,0.2232704623674683,0.5540314712672546,201,-1516.7482
Early Churners,,0.147359272980637,0.22180646828486852,0.4397669449796701,201,-1585.5785999999998
High-Value Core,124.0,0.17999927199888216,0.11885426736851397,0.002168692099228333,0,12558.221399999999
Casual Regulars,291.0,0.10807937502491456,0.12831864222832784,0.09099405832105918,1,856.6860000000001
Early Churners,,0.1956251133716514,0.17220588224258596,0.5402937692373522,207,-1223.1243999999997
High-Value Core,93.0,0.5080925462512292,0.17388481642961107,0.1079430749444621,1,-503.4277999999995
High-Value Core,102.0,0.18131604306228039,0.11261940778219723,0.012066696537195736,0,19218.7104
High-Value Core,106.0,0.16369196794718996,0.23053681601677067,0.09780249134717185,1,-985.2309999999998
High-Value Core,170.0,0.4134456342504258,0.13727017930542718,0.09620660900478545,2,-1527.3982
Casual Regulars,,0.6218855805978174,0.40312550701751043,0.1337772643387535,3,-1649.464
High-Value Core,81.0,0.2287442328048992,0.09240029959930601,0.008081009900578204,0,14860.796000000002
Casual Regulars,,0.0492816853650676,0.19870398623765093,0.056732421631007265,2,-694.846
Early Churners,,0.15723855987668184,0.2551623609634688,0.4640801251386389,207,-89.28099999999984
Bonus Opportunists,2.0,0.47649562367368714,0.35072109768565696,0.600246280957398,177,-2088.791599999997
High-Value Core,99.0,0.16700485249208985,0.13576644245270775,0.00204697363573389,0,15715.718200000003
High-Value Core,163.0,0.1550216218789568,0.15773800311902192,0.035116990940255825,1,-2436.6736000000005
Early Churners,,0.07171268769276165,0.26080865948095633,0.40329361749826514,201,-1714.6856
High-Value Core,222.0,0.3577764232528466,0.10599398828047261,0.021163691413931995,1,-950.4208000000003
High-Value Core,286.0,0.21511870134676525,0.14170922828206609,0.07705858504106154,1,-10100.5818
High-Value Core,169.0,0.12338513140685921,0.17213704222515452,0.09243172141207079,4,-1726.7785999999996
High-Value Core,349.0,0.1846244103321787,0.12459418207388778,0.07333190562171273,0,744.8650000000002
High-Value Core,205.0,0.28746889128263603,0.12846566856764352,0.059103854772734374,0,-2887.5564
Early Churners,,0.09379275313840116,0.5263881917701343,0.4667378739636744,202,-1521.9796000000001
Bonus Opportunists,3.0,0.189413369823494,0.6456155591864358,0.4927458615775539,121,4032.9756000000016
Bonus Opportunists,1.0,0.9629031170470419,0.40064979058799294,0.8386066258622289,118,-900.5981999999995
High-Value Core,344.0,0.5029161966559891,0.18605862495477088,0.066330761759649,1,679.9081999999999
High-Value Core,137.0,0.4996457122139128,0.1770166187211298,0.013462742528955251,3,2075.4758
High-Value Core,,0.46620724059537233,0.16457072940006426,0.09018749969352755,2,785.2962000000007
Casual Regulars,,0.07364414433550506,0.23527352678066737,0.014681988185555305,0,125.01080000000002
High-Value Core,201.0,0.3695922397371713,0.11534100822519763,0.0,0,-3298.403400000001
High-Value Core,185.0,0.24723833567662476,0.13835984010165517,0.07050319756118131,0,-3422.8522000000003
Early Churners,,0.1347306660762538,0.22050845369520194,0.548887893685434,202,-1606.3449999999998
Bonus Opportunists,0.0,0.9837165357997895,0.5203980696496492,0.8591239042760721,124,-771.9904000000006
Casual Regulars,,0.28573741997473745,0.22460921428133748,0.11843019134089776,23,-1355.3904
Bonus Opportunists,27.0,0.18345870380040163,0.650539474721386,0.821858203491946,122,-9998.039
Bonus Opportunists,1.0,0.44960577347583197,0.31991550729537654,0.8306598675186538,181,-5018.366
Bonus Opportunists,12.0,0.18614571602330235,0.6281371346387299,0.7008028893250381,159,-8001.033200000001
Early Churners,,0.10882956424886814,0.3905499737509593,0.5782562835945064,210,-1695.3506000000002
Casual Regulars,,0.171113820569037,0.2911300673729836,0.15818374514706282,25,-2311.4634
Casual Regulars,277.0,0.12373727385141334,0.16142701148298524,0.060095606741221656,0,-2668.5044
High-Value Core,121.0,0.44069887648251266,0.12140075616686176,0.01444127534289373,0,18728.5394
High-Value Core,50.0,0.1430676069619591,0.1685751871042268,0.12443991933704299,2,2367.0668000000005
Bonus Opportunists,1.0,0.512158821800698,0.4603066386517425,0.7594771255611995,171,-4356.408799999999
Casual Regulars,,0.1217839541419142,0.15189630955724134,0.05082902636643603,0,500.1941999999999
High-Value Core,173.0,0.13720266044796448,0.12349375873217638,0.002520545353967576,0,-2504.4429999999975
Minimal Engagers,,0.1258087955434068,0.17759179831264355,0.0,5,-1020.8138
Bonus Opportunists,27.0,0.1800276556924305,0.6440189204492373,0.95957908093039,308,-10945.6348
Early Churners,,0.11726139655153806,0.31009222431404315,0.4795027093597459,203,708.3031999999998
High-Value Core,263.0,0.1744353835711373,0.18769480335750965,0.042901092704679865,4,1116.0973999999997
Early Churners,,0.5024260358538566,0.2815947198416537,0.6328356332540667,202,-256.855
High-Value Core,144.0,0.4146545846352524,0.11353213348882488,0.01528958835802017,2,-1242.9735999999975
Early Churners,,0.09255999024831957,0.2732514986104335,0.4613450353498415,201,778.2240000000002
Borderline Opportunists,,0.5511865593790352,0.505240127722127,0.0,180,-472.5846
High-Value Core,169.0,0.11474030327084093,0.22712515260285362,0.09753675748065291,2,-3853.2396
Casual Regulars,,0.4997432327804759,0.16460122441887523,0.09477772123383722,2,362.2596000000001
Casual Regulars,,0.2791608752373907,0.2103798990587642,0.019384407226936608,20,-1782.8606
Casual Regulars,,0.200562811902171,0.2534094898774293,0.014013191498811878,2,-1295.6752000000001
High-Value Core,97.0,0.14497878257774818,0.14061218003818088,0.08678771192906572,2,844.7984000000001
Casual Regulars,337.0,0.10342384681451645,0.16844894586377596,0.0719058664089286,3,1039.0264
Casual Regulars,,0.10982231054534611,0.23410946103879485,0.06742624035486636,7,-256.6144
Early Churners,,0.6327341952237501,0.3865494711396176,0.5456681221958921,203,-166.5479999999999
High-Value Core,79.0,0.35731734387937447,0.1052103770642191,0.014908689205487163,0,15188.953999999998
High-Value Core,100.0,0.20703970805021693,0.1451378087048057,0.001897754985580131,0,13901.680799999998
Casual Regulars,,0.0701442853085041,0.4735927648128509,0.00782871663258298,0,-1461.3238
Early Churners,,0.08794968229680582,0.2981519483689292,0.6146089446279638,201,658.7220000000002
High-Value Core,,0.498187520420163,0.15752601177934508,0.06804048690359653,0,676.4461999999999
High-Value Core,134.0,0.08413789680568856,0.30331684230212247,0.09906504208039933,1,1830.3182000000006
Early Churners,,0.3976358502787825,0.17502973608384245,0.686621644098562,217,267.95899999999995
Bonus Opportunists,1.0,0.29507305172736065,0.5038786936665531,0.7456558573609106,255,-2919.2836
High-Value Core,,0.08753288199615118,0.18092979400136633,0.09380736212216789,2,291.1718000000001
Casual Regulars,,0.1642514240108069,0.2372425799881896,0.022653034893288196,13,-632.6587999999999
High-Value Core,291.0,0.17005233186528293,0.12979920109769824,0.0763371477771547,1,-10032.7636
Casual Regulars,274.0,0.4926225012078479,0.2253038611008096,0.19012652434040606,0,-1398.868
Minimal Engagers,,0.4740670441740538,0.16467159698346195,0.043313520253750716,1,-346.9012
Minimal Engagers,,0.0,0.27851983078258413,0.1565654639967371,21,-326.9018
High-Value Core,142.0,0.19528127841297724,0.10628286444032911,0.004173126452551863,0,1564.5834000000032
Minimal Engagers,,0.05381444667233953,0.3513237336665662,0.44857916387013097,239,-361.90779999999995
High-Value Core,198.0,0.1671566843997573,0.12723941163186306,0.11242596508591836,2,-292.5541999999996
Borderline Opportunists,,0.044134744741944745,0.2339931331341545,0.16430935042347966,254,-2494.8946
Bonus Opportunists,1.0,0.49024319519304704,0.39824803518231283,0.931812083473456,308,-1062.2421999999997
Early Churners,,0.14676210336470724,0.2700947120089506,0.467730438847466,212,-1936.4118
Casual Regulars,,0.12203553771100811,0.19568452189531166,0.08364464164544948,1,-2002.8428
High-Value Core,67.0,0.16654376673059834,0.12469319721722308,0.00756589901101269,0,20896.568
High-Value Core,194.0,0.20552732665377524,0.1986794232515314,0.05243106994460367,4,-3499.8280000000004
High-Value Core,239.0,0.17635669755184613,0.13442478191790577,0.08641689279742584,1,2512.4652000000006
Casual Regulars,,0.10689407277903092,0.2342980922619762,0.1324213438896409,1,272.72940000000006
Early Churners,,0.09132496886386259,0.41859358648608275,0.4310361011174436,201,-962.0494000000001
High-Value Core,79.0,0.18225729210503586,0.1556130282512392,0.10447720573392373,1,1358.0492000000004
Borderline Opportunists,,0.15281705508743132,0.23969757014166854,0.010853047656874086,2,-2197.6614
High-Value Core,123.0,0.16073512768413498,0.11023473938235906,0.07878071584465865,0,3648.2960000000003
Casual Regulars,226.0,0.1509064552281926,0.15827350977898555,0.1676688768286369,6,-2656.4622
High-Value Core,108.0,0.24137434078610812,0.11290949628581119,0.008470298616325218,0,10795.873400000004
High-Value Core,326.0,0.17716985470873076,0.14446721283129918,0.05259175663292107,3,1468.5996000000005
Early Churners,82.0,0.10263205871369618,0.23278338498803003,0.40460667882526524,210,-1319.6008
Casual Regulars,,0.5430195785584273,0.26179948660646357,0.14742647843970902,0,-628.7322
Minimal Engagers,,0.0,0.4105556859043074,0.10167900927251229,15,-519.655
Casual Regulars,,0.5455416200799409,0.21324332949555364,0.03708182291078485,1,-291.47940000000006
High-Value Core,139.0,0.17803648023281224,0.13188547350394106,0.008941804079311841,0,20208.466999999997
High-Value Core,104.0,0.20407111288021132,0.10837100004776501,0.007606096769356633,0,14593.0052
High-Value Core,74.0,0.3242624312392968,0.1035173662762218,0.0007338398843593865,0,7222.273999999999
High-Value Core,278.0,0.45248828858901285,0.13882333517424303,0.027637848563684536,3,-10112.5762
Casual Regulars,,0.10099318080642394,0.2651128710050929,0.07001462712822316,41,-766.6468
Casual Regulars,,0.1114239152776969,0.32239407096339234,0.03705361391703385,10,-944.7257999999998
Casual Regulars,,0.1751206819116894,0.19386313687629514,0.13473307076969462,7,9.438400000000058
Bonus Opportunists,12.0,0.29016277138329055,0.47740006836432375,0.7545806176443973,127,-1211.4074
Minimal Engagers,,0.1608820679437192,0.16797622228725853,0.06266543614291654,12,-283.0734
Casual Regulars,,0.5169212952736182,0.20551740043087452,0.0598757140426588,35,-2387.2326
High-Value Core,121.0,0.16541268395579198,0.19916335963966764,0.06893815662542867,6,2203.6896000000006
High-Value Core,354.0,0.18257010387517916,0.1810723493204218,0.06512298508952162,3,685.098
Bonus Opportunists,0.0,0.42674558743377183,0.3678174322051923,0.746913454178191,255,-2694.1716
High-Value Core,130.0,0.2618002606838784,0.14084518115674624,0.07235650791345086,1,2410.6518000000005
Bonus Opportunists,14.0,0.21343598946423917,0.6361889313021035,0.4238177998670956,230,-4461.792399999999
Bonus Opportunists,0.0,0.9832574604763009,0.4466715618352288,0.8460352733804013,148,1795.3136000000004
Casual Regulars,,0.1341486935636478,0.14119518962137997,0.07152830005579949,12,-870.2479999999999
Early Churners,,0.5698046136908745,0.2822897659317042,0.4466411451039592,203,-1652.9838
Casual Regulars,,0.5003118629189214,0.2726338714101788,0.16416406299630962,4,-422.9552
High-Value Core,,0.43192236066597195,0.17028935302636464,0.05026979778843425,0,-242.12300000000005
Bonus Opportunists,12.0,0.564223782936628,0.37129841388158813,0.7935793661980068,126,-6683.6538
High-Value Core,114.0,0.1669380560774355,0.17501932249050034,0.08086568055173558,0,-1971.1236
Casual Regulars,,0.07833374878871713,0.2196427662051732,0.09304107727615668,0,-838.0033999999999
Casual Regulars,,0.10541572488088542,0.26981239446093136,0.05186517482551356,8,60.62440000000004
Early Churners,,0.45619276364669836,0.19830415144972316,0.6023703724943349,215,348.6103999999999
Minimal Engagers,,0.5805939250151133,0.26840386444680286,0.09827413473858707,4,-779.1792
High-Value Core,100.0,0.18941308004898336,0.15451265175869935,0.08013688584619734,1,4289.6174
Casual Regulars,,0.09611268638464786,0.30504015199790074,0.05467580437982375,19,-6.893399999999929
Early Churners,,0.15266094078626435,0.39018099896065067,0.515049496210039,216,-502.2092000000001
Casual Regulars,,0.09578330372461921,0.2286596777034556,0.11513144597410135,9,58.02699999999993
High-Value Core,116.0,0.12877269845941114,0.16648503918058424,0.10284257870187886,2,904.7939999999999
Casual Regulars,,0.1687495818915004,0.160369269401285,0.049850848109283356,0,-283.63139999999976
Bonus Opportunists,10.0,0.9899129425812778,0.49148444489574533,0.7158254128382997,189,-5612.679000000002
High-Value Core,116.0,0.15360821264311533,0.1616851828845557,0.07922808613864558,0,-1582.5944
High-Value Core,195.0,0.4663802682502922,0.14645815799094725,0.09598132446837351,1,-7428.933
High-Value Core,97.0,0.15865067205996605,0.1569984580370345,0.07554731977698999,2,-771.4367999999995
Casual Regulars,,0.5494345456659467,0.26557981244147094,0.047994039270917936,1,327.7934
Early Churners,,0.17680199946161607,0.3568834096877898,0.4035303541296893,213,313.8460000000001
Early Churners,38.0,0.11965322555425187,0.2791294215811452,0.48815297826774345,206,-1118.6064
Early Churners,,0.1254886788985502,0.28431838130371007,0.6117461868054281,224,-2186.436
Casual Regulars,,0.10784774029206191,0.26158855421517574,0.05115034776651144,1,-559.9916000000001
Bonus Opportunists,,0.7684059528214304,0.3505357975852229,0.7239055784454839,255,-16.767799999999625
Casual Regulars,,0.09385434044231343,0.28390387592403776,0.055769283422685945,4,-1367.2692000000002
High-Value Core,,0.13091108598475437,0.16487847923803603,0.16045347245707553,7,-102.57819999999992
Bonus Opportunists,2.0,0.2257254543238768,0.5659374973022937,0.772695281281774,118,-2651.8924000000006
High-Value Core,86.0,0.37416895102802994,0.11333206177258029,0.0037624777702005884,0,16301.615400000002
High-Value Core,147.0,0.17055450453040485,0.13385214416718144,0.026285228704421577,0,2088.979400000002
High-Value Core,180.0,0.19284821069267266,0.14687960184830484,0.13455489275872962,2,2167.646
High-Value Core,154.0,0.155724876923928,0.11695387440390587,0.07489488188396527,0,249.16760000000022
High-Value Core,109.0,0.18310887522049699,0.1433763463050612,0.07873326392529666,3,3164.9124
Casual Regulars,,0.647481690652899,0.3804763477670702,0.12068931717875217,3,-1702.2071999999998
High-Value Core,98.0,0.1970153879237725,0.11441431896902582,0.012864805156970449,0,21998.3988
Bonus Opportunists,0.0,0.31251409565472354,0.5089815254675066,0.856960550540842,202,2725.6229999999996
High-Value Core,82.0,0.15206113913338365,0.15620878571178218,0.05337388209754312,0,-1617.5340000000006
Casual Regulars,,0.11680308473336629,0.34022896832940897,0.058512057134252574,3,-728.1039999999999
High-Value Core,297.0,0.16333624602996524,0.13911509255721238,0.14152709554553422,0,-10314.395199999999
High-Value Core,97.0,0.39591512188854894,0.11494918302773263,0.024124433671174797,0,13683.649000000005
High-Value Core,145.0,0.11621624487224673,0.1906566803285419,0.14583494546593523,1,-2685.7853999999993
High-Value Core,210.0,0.12966479422274466,0.18325850608222952,0.05401875536732718,6,-3880.6426
Casual Regulars,,0.14938131300950266,0.15405925614686913,0.12373546862187063,23,18.274999999999977
High-Value Core,70.0,0.1660183476638708,0.1396171320787778,0.012432507544655297,0,22878.4132
Casual Regulars,,0.17257941253371298,0.27534374000234657,0.0533739024952762,15,-362.6666000000001
High-Value Core,83.0,0.17719472289352944,0.10451457675729729,0.00572741517748015,0,22671.496199999998
High-Value Core,73.0,0.5781934250972053,0.2270945921175607,0.08882575762125292,1,2495.5171999999993
High-Value Core,105.0,0.38434560097668347,0.114729187229851,0.013570338232955987,0,10135.6916
High-Value Core,62.0,0.22958568703765325,0.1510339688402271,0.1315295325452468,1,1499.8651999999997
High-Value Core,126.0,0.4774846423590009,0.13651377205118487,0.0009800731935652068,1,5386.397000000001
High-Value Core,78.0,0.18229989543004788,0.13971626701859644,0.007116932710254757,0,13398.555399999997
Bonus Opportunists,,0.26499355067445096,0.4364924263665919,0.6753721471116976,207,54.1891999999998
Casual Regulars,,0.46429731516320283,0.19167047710411955,0.101249595108224,6,-160.99380000000002
High-Value Core,289.0,0.5567840240503312,0.19518986448485795,0.13497873205846675,4,1142.3628000000003
Casual Regulars,126.0,0.15041929816811214,0.189776378452399,0.11642845760751751,3,1528.2464
Minimal Engagers,,0.38008456974874044,0.2124794715928186,0.07174049655436854,17,-349.7808
High-Value Core,,0.1433015221067891,0.16661493652726678,0.1075648236493708,1,144.32960000000003
High-Value Core,105.0,0.21244012055849879,0.15739004412043522,0.03733457327344589,0,3015.4386
Minimal Engagers,,0.029169337375487225,0.37737199776947516,0.0,5,-969.1
Casual Regulars,,0.17186828701794177,0.3846849733973099,0.15956477566737678,21,52.18780000000004
Early Churners,,0.07107754642044055,0.2935536270143753,0.6155446347775249,201,359.1024
Borderline Opportunists,,0.7518076272620762,0.29552417389922914,0.0,16,-447.5626
Casual Regulars,,0.0946850464922754,0.24568588441373118,0.08883968305655052,28,-823.6099999999999
Bonus Opportunists,0.0,0.16217813212198087,0.6683296606668568,0.8325430985341795,193,1317.2650000000003
Casual Regulars,,0.15507552056478507,0.20922249196158269,0.141992683493198,51,-660.8356
High-Value Core,149.0,0.452541538343294,0.14980735716453414,0.03746974430598497,0,2730.778
High-Value Core,122.0,0.1069894984089902,0.14485377805619298,0.07552819559288414,0,-1277.0887999999995
Bonus Opportunists,0.0,0.04632840305589679,0.8778028022812292,0.9063008216049562,274,263.90940000000046
Casual Regulars,,0.11063497327432388,0.17524577363368007,0.010043266456906324,3,-83.15620000000001
High-Value Core,125.0,0.20785762808176228,0.14649554962082292,0.05614626002416222,1,3292.4701999999997
Early Churners,,0.14467663126097752,0.4189894710702963,0.44995620284956783,202,51.87540000000013
High-Value Core,180.0,0.15922110858530364,0.15523209337480168,0.11911430624524848,7,-1613.8481999999995
Bonus Opportunists,,0.961814213983423,0.8229168870009351,0.8799192285338631,308,567.9372000000001
High-Value Core,107.0,0.4878123259722638,0.1740415756815854,0.10047087212732794,1,-2942.2577999999994
Casual Regulars,,0.261682335104548,0.24456594032706913,0.16186409478172897,9,-155.039
Bonus Opportunists,1.0,0.6273236191173718,0.29330795135354937,0.9120833119338572,167,-2971.7277999999997
High-Value Core,147.0,0.21492066352257974,0.1672546504588366,0.08875271997969669,0,-841.7918
High-Value Core,124.0,0.15568058175969365,0.13329985929365407,0.09468247889291458,0,-0.21759999999903812
Bonus Opportunists,0.0,0.37082281737142503,0.4479738788454213,0.893829670873641,252,3298.7348
High-Value Core,173.0,0.21252278818861334,0.14537332974233294,0.005288102818743174,0,10170.4556
Casual Regulars,,0.08377078606021607,0.2229250590570473,0.0786584508051301,10,528.3232
High-Value Core,107.0,0.18122326215716375,0.1571112818250803,0.1011740558194601,3,-901.7772000000004
High-Value Core,113.0,0.4565947510787306,0.14032528752424478,0.025230221231881674,0,8118.049400000002
Bonus Opportunists,21.0,0.1563419548546311,0.7246214274069323,0.9288187281091752,106,-5751.175799999999
High-Value Core,180.0,0.12030228219270071,0.1399800851044491,0.012891528544340655,2,6972.038799999998
Early Churners,74.0,0.236631065872356,0.27893857965867297,0.6114728267936048,214,525.8626000000002
High-Value Core,82.0,0.35759779884666987,0.10292450004110124,0.032920013279461265,0,3240.1420000000016
High-Value Core,237.0,0.4715255045092001,0.16926302081759886,0.06692309481699754,0,-8989.8076
High-Value Core,229.0,0.12092744036405746,0.15234561144364417,0.09981467531333248,2,2050.0544
High-Value Core,283.0,0.16576815310216786,0.14144113616483242,0.06550561441614215,4,1497.5884000000005
Bonus Opportunists,0.0,0.9196840012880132,0.4558969812243353,0.7655898227668779,205,3470.1255999999994
Bonus Opportunists,7.0,0.28150459601703454,0.51540440466212,0.5936794480619387,165,-3992.6312
Casual Regulars,,0.6145177118884139,0.3168152453633301,0.0783937387867424,2,-1325.5616
Early Churners,,0.09215651240773665,0.27287608689757753,0.6339306046364724,210,142.1418
Bonus Opportunists,0.0,0.9692518348173461,0.4660005674330858,0.8200244289416408,130,1891.0133999999998
High-Value Core,248.0,0.1550180272335533,0.11111203844488976,0.05806853990615602,0,2484.4125999999987
Borderline Opportunists,,0.14210593182261858,0.7561763280731122,0.9270196487944544,184,-1670.9132
Early Churners,,0.24701377247686984,0.2764460534575832,0.22584998765243816,205,-1486.5778
Early Churners,95.0,0.4047104487217171,0.15236076871249804,0.6530704393778601,203,534.2623999999998
High-Value Core,329.0,0.43666236511440865,0.17536062619154602,0.08682398486156415,1,912.3542000000007
Minimal Engagers,,0.24353167911346663,0.4091264230523003,0.07960395085521561,22,-992.45
Bonus Opportunists,2.0,0.30350105812215245,0.5033843155616023,0.7632343621198792,150,603.3415999999997
Minimal Engagers,,0.8657215411729828,0.6999770511085078,0.6139452568893117,131,-1954.4312
Early Churners,,0.1623393861695371,0.3149029403629847,0.39607639888325974,206,-1520.4508
High-Value Core,,0.4803049362137689,0.1978681498355125,0.09061152208444252,0,715.8410000000003
Early Churners,112.0,0.2126443136878749,0.19323866871909434,0.38833540343072054,205,-4135.8412
Bonus Opportunists,1.0,0.32676518853576375,0.45010254373729525,0.776486016789647,107,-197.6204000000007
Casual Regulars,,0.11329711813205728,0.35633878656583706,0.1388961804599284,25,-356.37119999999993
High-Value Core,345.0,0.3794668818508284,0.11835725668787328,0.02306737670822075,0,1107.0882000000001
High-Value Core,127.0,0.5016102767361964,0.15528077772574833,0.07760299722170938,0,1726.482399999999
Early Churners,,0.07798240439002789,0.48496923713093487,0.38687718617384,218,-1365.0506
Casual Regulars,,0.463217694627302,0.21018471516605522,0.05479855744227439,2,28.00660000000005
Bonus Opportunists,2.0,0.9871707960381618,0.4388368771228643,0.823100486976004,308,464.7046000000005
High-Value Core,82.0,0.1632762776766736,0.16096208839840273,0.05688829233697982,2,2348.9028
High-Value Core,,0.1505689605698287,0.1663211156697126,0.12003502129174232,2,206.0643999999993
High-Value Core,269.0,0.20934876081049794,0.15888443004446945,0.056883002188082725,2,-8163.026
High-Value Core,326.0,0.42634893250513106,0.11796064491479855,0.05339733443006271,4,1090.5338000000002
Bonus Opportunists,55.0,0.9891809007215854,0.7150658101433843,0.3208673120364131,309,-1410.3714
Minimal Engagers,,0.1131873725078616,0.6985910249966425,1.0,346,-449.3106
High-Value Core,217.0,0.4338165163118781,0.17558646004412268,0.07951836278391447,0,2158.3486000000007
Early Churners,,0.1273453632659114,0.20395937447126772,0.4707882080787878,201,-1472.4348
High-Value Core,187.0,0.15678525500007817,0.1195210134669781,0.0619278172886552,1,-40.279399999999896
Bonus Opportunists,0.0,0.45163823273987974,0.38196190528384505,0.47994542246616473,133,648.8254000000006
Early Churners,,0.09769728070346595,0.2103823240495006,0.5003186929685925,203,-1338.9832000000001
High-Value Core,178.0,0.46640910040815997,0.1475651092292154,0.06030865915440454,0,-7460.818800000001
Casual Regulars,,0.38183317903999364,0.1341711505327396,0.16250027693402722,0,-238.2561999999998
Casual Regulars,,0.1876285489354862,0.22640546265580622,0.10605820117586734,2,-226.18300000000022
High-Value Core,199.0,0.5106336726875225,0.21326723512304724,0.06146694395096141,4,2036.8123999999993
Early Churners,,0.05627477132238677,0.21209124819011005,0.4820041870000546,201,19.17840000000001
Casual Regulars,,0.05769035673442285,0.21974879671262512,0.16082619341867413,11,-353.0304
High-Value Core,,0.09668724243257627,0.16550613232153333,0.05132818782331542,1,-287.394
Minimal Engagers,,0.08269026476702637,0.30203988700458867,0.11101408465022186,38,-903.261
Casual Regulars,300.0,0.15151494810357768,0.165856632915592,0.012758169076150978,2,1504.8147999999997
Bonus Opportunists,7.0,0.17218701455357976,0.6617959594114002,0.936033692320864,307,-9700.790799999999
Borderline Opportunists,,0.42496358898653536,0.153054112193094,0.04195298910004996,9,-634.7864
Borderline Opportunists,,0.20489539622828176,0.3688452766582568,0.0,4,-341.2426
High-Value Core,147.0,0.17072781034193918,0.14712289782711047,0.07783050612917702,0,-2978.1290000000004
Bonus Opportunists,0.0,0.03238098394292034,0.9184633420628604,0.9548055372073145,247,-2880.2834000000003
Casual Regulars,,0.06917411407789169,0.2778925848991878,0.11972866839167162,20,-260.7546
Minimal Engagers,,0.0,1.0,0.28570435205868805,226,-1030.9706
High-Value Core,308.0,0.15292176210533417,0.18093918806540402,0.05560096574423571,5,-10654.050799999999
Early Churners,81.0,0.08811073175281399,0.2798841875949736,0.6157694922166528,206,-1279.8693999999998
Bonus Opportunists,,0.2398047147866616,0.5868333596181395,0.759360309179697,118,-707.7416000000001
High-Value Core,102.0,0.5148541794212345,0.20687160232978594,0.06487745485799426,0,3910.439799999999
High-Value Core,180.0,0.22937500602006755,0.10763804500921834,0.04008931892291867,1,-1895.626199999997
High-Value Core,193.0,0.1973390882801506,0.13262307467736717,0.06667378081314691,10,1917.462000000001
Early Churners,45.0,0.20927013910930306,0.27924254495825035,0.7777947021480505,201,534.6684
High-Value Core,195.0,0.1439082031808487,0.15650217596220264,0.1251651784896529,0,-9101.1218
High-Value Core,190.0,0.32982887211274375,0.11546472274679187,0.0,1,-1972.6596000000009
High-Value Core,147.0,0.18813973087702485,0.14023876406795555,0.0313410013030766,4,-797.3071999999997
High-Value Core,296.0,0.40002798625476216,0.14800405137707467,0.1118370607880006,1,-8759.9362
Bonus Opportunists,0.0,0.29970862379196633,0.5271981621991209,0.8071097332477195,109,-529.2555999999995
Casual Regulars,,0.13679882424732062,0.14787977246569012,0.12115546922673634,4,81.755
Bonus Opportunists,10.0,0.5507981492058969,0.33225826846422185,0.7776240546399151,221,-6810.091
High-Value Core,,0.1345323398596964,0.226553410967591,0.0701633142874657,0,114.56959999999981
Casual Regulars,,0.28914991983345506,0.16538430180662572,0.04625578164479925,2,-2218.7936
Bonus Opportunists,0.0,0.2564861683073667,0.5455501573691086,0.699024742920668,139,3308.8274
Casual Regulars,299.0,0.442595283278389,0.18262773534258814,0.034950279020705195,2,-2711.1796
Casual Regulars,226.0,0.11232179165468198,0.18007609175621742,0.05871467819842696,3,-2583.54
Early Churners,69.0,0.14100591040629268,0.20605196014033167,0.4597535791686382,202,-4382.8322
Bonus Opportunists,17.0,0.9397646118927816,0.5185126967611143,0.7857027312360646,306,-7053.541
Early Churners,105.0,0.17514064939907142,0.2538475770648128,0.3819372578166242,202,800.2544
Bonus Opportunists,,0.5534924762546837,0.3151971837687886,0.8695884756676435,315,-9.785000000000082
Early Churners,,0.5386742764238658,0.19685791822695742,0.6015600566780136,207,-391.43600000000004
High-Value Core,95.0,0.2024348982937758,0.13417467179552472,0.004112506642297636,0,16134.0478
High-Value Core,318.0,0.19406654485592179,0.18762935895226354,0.06215775849497889,2,1047.2583999999997
High-Value Core,91.0,0.14231775026999804,0.21361807488083426,0.0746070493123938,0,-1418.4840000000004
Casual Regulars,,0.20799608248544535,0.14706096720898082,0.08381522389683876,1,235.1600000000002
Casual Regulars,,0.0685587809809891,0.34557512459652345,0.026528679221223515,0,-667.5878
Casual Regulars,279.0,0.13410279538252357,0.1512799615666401,0.07848561313109996,1,-4282.245199999999
High-Value Core,145.0,0.13066059325307913,0.21659966079742676,0.049348567522816154,6,1837.3566000000005
Casual Regulars,,0.4171656452950919,0.164902328723165,0.14840509860822956,8,-345.82180000000005
High-Value Core,61.0,0.1476134494099061,0.15753140399668164,0.07538749470196947,2,2083.7788
High-Value Core,,0.16367947862015156,0.16930924462514846,0.08235177027605216,2,498.8843999999999
High-Value Core,111.0,0.17391481061700872,0.13315304401179487,0.004408744574878523,0,15761.133999999998
High-Value Core,334.0,0.18420399854780936,0.12273117515828073,0.051138104842502446,2,1174.1602000000003
Bonus Opportunists,0.0,0.36654708896033544,0.4274614892858814,0.7864273915857126,206,3093.2388
Bonus Opportunists,5.0,0.3122022153917895,0.48455439820166124,0.7791667882951893,193,1143.8276000000005
Bonus Opportunists,,0.9948651740446434,0.7556007840436252,0.8858281615380892,159,472.8207999999995
Casual Regulars,,0.2297647746365695,0.16586968975282051,0.016442425096271248,1,-880.0992
High-Value Core,164.0,0.1810902000649277,0.1488854988668559,0.08587216630592553,0,-385.79359999999997
Casual Regulars,,0.6838635815382669,0.360612224971771,0.0,12,-94.26199999999994
Casual Regulars,308.0,0.39520423095791307,0.16748821898542587,0.08422046927787288,4,1219.7922
Minimal Engagers,,0.6058589845483986,0.4188543793859355,0.5019107691712175,243,-879.6578
Casual Regulars,,0.4897425038116212,0.25805831276868324,0.03830349916238447,25,-174.98399999999992
Minimal Engagers,,0.2361688777824018,0.6151346507574907,0.6562205963207414,127,-1792.9506
Borderline Opportunists,,0.1632925930586518,0.24859730217482454,0.10454150041096598,1,-1649.5564
High-Value Core,191.0,0.1893891360759419,0.14087091745408134,0.14933941941848675,0,2595.9512000000004
Bonus Opportunists,56.0,0.4020251463799439,0.38592802877852234,0.7384089433520062,308,-11184.218
High-Value Core,348.0,0.39584440261448484,0.13309527051853817,0.04746068504782506,0,926.5203999999999
High-Value Core,104.0,0.16283508236839064,0.14407011137292874,0.11004490846417832,0,2582.6019999999994
High-Value Core,,0.12736908792098425,0.15746304802069563,0.11524623504354181,0,853.692
Early Churners,,0.020337085968590782,0.2497972624065366,0.4502990417375856,209,-1389.9347999999998
Casual Regulars,,0.16935119077465036,0.2367168382910631,0.11939600955955319,3,145.89260000000013
Bonus Opportunists,3.0,0.9604847923746922,0.4236376271053636,0.8793467037834171,148,3780.2087999999994
High-Value Core,69.0,0.17614130389910912,0.14841429661148717,0.15999059893550263,0,-1209.9268000000002
Casual Regulars,,0.10757226316433742,0.22117380291273503,0.056663694857687186,22,-2046.1286
High-Value Core,163.0,0.1587841993381621,0.1332802445903663,0.05958376660216628,0,-3147.2527999999998
High-Value Core,100.0,0.14887742749526398,0.16187602526338526,0.10746350888098209,0,-2236.6658000000007
High-Value Core,200.0,0.16906516956865453,0.1383823627137042,0.10577142771206478,0,-7384.7736
High-Value Core,132.0,0.1755083275262081,0.1458732592268475,0.00868740551399123,0,17866.7276
Casual Regulars,284.0,0.2920126920344357,0.12280081728734045,0.07308494913382585,0,485.0884000000001
High-Value Core,118.0,0.13535768068651677,0.13773578772559225,0.0004958580575662438,0,12980.842799999999
High-Value Core,123.0,0.22921092691413372,0.22120937724647244,0.10043854768445418,0,-2900.1992000000005
Casual Regulars,,0.1460823669674792,0.26798964585593604,0.05478702740356063,4,-152.10199999999998
Minimal Engagers,,0.5833188263990188,0.2665015469595539,0.0,28,-600.0478
High-Value Core,158.0,0.10499169487365363,0.13096661749638477,0.06606770818468774,0,2903.86
Casual Regulars,,0.134051351446546,0.15883257944506352,0.11508144810261199,0,-1495.8952
Early Churners,,0.20323969082085797,0.2054788486746313,0.57586160346154,222,-731.1006
Bonus Opportunists,2.0,0.9463090348217271,0.6465331291752291,0.667531783906465,242,559.6753999999992
Casual Regulars,,0.39242400756089835,0.18703272742803154,0.04353110713211922,3,-116.83640000000014
Casual Regulars,,0.17071470193453375,0.1878433858617008,0.13970360148547142,6,-2186.0708
Minimal Engagers,,0.0,0.24715295190474268,0.38270314898667385,239,-1006.9796
Casual Regulars,347.0,0.1789400636030345,0.2480866435974274,0.06077300515341104,1,422.53460000000007
Casual Regulars,301.0,0.19864897387638958,0.13392269379312055,0.049236052443933226,4,642.6458000000002
High-Value Core,83.0,0.16741650710118158,0.1850642786044357,0.08274303069177738,1,-1385.1533999999992
Casual Regulars,,0.08724454824185161,0.2985355958568446,0.12000143440316623,5,-1274.1794
High-Value Core,233.0,0.5197417579328723,0.187861682977355,0.09154378599906852,0,-2451.1944000000008
High-Value Core,105.0,0.2499108818972381,0.14567099398452765,0.06798040564751247,0,-266.4247999999998
Early Churners,,0.07576931229850663,0.33284956960165946,0.3845703117668871,212,412.3782
High-Value Core,156.0,0.22537595058753523,0.16001172157413066,0.02387559105580874,1,-2434.3986
Early Churners,,0.10074146345632654,0.24722193894604177,0.5166025125701651,201,116.8098
Casual Regulars,,0.190480368674216,0.14085290651568216,0.02896303174039845,2,-436.3989999999999
Casual Regulars,,0.2520826046065278,0.13469324728339632,0.09522397071853891,5,-1006.3783999999999
Minimal Engagers,,0.2206846488445336,0.318402002199331,0.13446622197072322,35,-430.01959999999997
High-Value Core,95.0,0.19474510591604552,0.11995824526697055,0.0023004108895762305,1,20696.367000000002
Early Churners,,0.011688737070696148,0.297164010442506,0.5038721097466534,202,-1312.8464000000001
Early Churners,,0.5034971290265594,0.24818179654635017,0.44053067462997497,219,58.17859999999996
High-Value Core,74.0,0.14309695279257584,0.10468403327623887,0.030691431421011706,0,21297.261000000002
High-Value Core,303.0,0.20036236680469682,0.13633537781728616,0.06954702294688371,2,-10286.691
Casual Regulars,,0.1410977990176566,0.2293361600277562,0.05554675128702533,8,526.9785999999999
High-Value Core,330.0,0.23219956174298617,0.1262773809776616,0.12527247334142333,1,1157.0648
High-Value Core,67.0,0.18717908545980605,0.15221192503800782,0.051834594217469165,9,4243.708400000001
Bonus Opportunists,,0.4526193935487354,0.37935093749169785,0.7804726507496335,149,881.3020000000001
High-Value Core,115.0,0.17060487205670688,0.2025111457864513,0.10882085858778469,4,-2350.331
High-Value Core,,0.22873602992751932,0.1337474160695943,0.07451702907022058,2,366.2000000000003
Bonus Opportunists,0.0,0.25514797063903694,0.5495004168365295,0.8641081626767301,236,-5528.8978
Bonus Opportunists,0.0,0.5663117106998343,0.3011506007899627,0.6816928087237485,144,854.5151999999989
Casual Regulars,,0.11420456061789847,0.22312153689185607,0.03086317502123497,3,-1765.3396
High-Value Core,136.0,0.5855306156897522,0.2363413320031417,0.07583714570983797,0,-1295.4557999999997
Bonus Opportunists,,0.44116538904095104,0.4254359575496318,0.6589298883486846,182,-534.0324
Early Churners,,0.08828864184378549,0.29984267045924523,0.5942260050851369,206,-1232.1706
High-Value Core,82.0,0.45055490160470896,0.15821914656348418,0.09623154483761273,0,3710.8346
High-Value Core,326.0,0.13746686491364163,0.1850749797009567,0.09463783409469267,0,1392.5956
High-Value Core,99.0,0.35377626482361696,0.11740870219897748,0.006144545525615264,0,13514.418999999994
Borderline Opportunists,,0.04659138681958061,0.49852885157502047,0.0,2,-224.264
Borderline Opportunists,,0.34553799478795266,0.36137281649896985,0.6434328635575897,239,-553.7226
Minimal Engagers,,0.0,0.3644831940672522,0.0,74,-1062.0998
High-Value Core,206.0,0.1963337740937201,0.23002138435930863,0.0405799068883469,1,1166.0626000000002
Early Churners,,0.13822336989305004,0.41612244230936285,0.4062507268782922,202,-168.19039999999995
High-Value Core,114.0,0.15895133272520517,0.12468435723505047,0.0711179094409727,5,4093.7264000000005
Casual Regulars,,0.4684010250374447,0.15745052272009258,0.033181015693634276,1,-1322.8417999999997
High-Value Core,171.0,0.13705034196050003,0.12376317736421966,0.09661656784881828,3,3218.9614000000006
Minimal Engagers,,0.3145388666752015,0.5336991241728303,0.9318581989347354,316,-764.121
Early Churners,,0.11231462994919744,0.2182742486225086,0.7079790598202743,212,-769.2292
Casual Regulars,,0.1487448350446993,0.1592295563618918,0.08645813240345883,1,-225.6986
Casual Regulars,,0.21641858666977987,0.20790584880292015,0.05363936352219909,1,-395.9125999999999
Casual Regulars,265.0,0.1054307142340121,0.1996885512916155,0.10176357824492094,2,-4486.892
Casual Regulars,,0.09251438702891913,0.16005318746320174,0.08852907180118934,0,767.6207999999999
High-Value Core,82.0,0.1331472738593368,0.12826186586080426,0.019888703131311875,0,19838.064
High-Value Core,174.0,0.13340441350418805,0.17119966575849696,0.05060779436031733,1,93.74559999999929
High-Value Core,131.0,0.3168098992914842,0.09717454250930672,0.00825936176030916,0,7365.0144
Early Churners,,0.2086422266740837,0.2780189485817984,0.4728196584024441,221,-479.80319999999983
Minimal Engagers,,1.0,1.0,0.4120679148660208,1,-664.2258
Casual Regulars,,0.09875854469864094,0.2319069709834561,0.19586409193358842,3,436.7832000000001
Casual Regulars,,0.16313728175767503,0.23825952840254047,0.22114100576548198,1,177.54959999999994
Early Churners,,0.4981865745582879,0.29787145863601155,0.4779972437602723,202,-220.79640000000006
Casual Regulars,,0.23680264315216967,0.146580211171646,0.06560356454536265,6,-211.60619999999994
High-Value Core,84.0,0.2002600446960584,0.1755912598727278,0.06901424721911444,0,1066.31
High-Value Core,73.0,0.13334949018132564,0.11206826713167697,0.010701387287395088,0,8741.1786
High-Value Core,146.0,0.4235702972902002,0.15979557496894015,0.08571624110525115,4,-3458.8601999999996
Casual Regulars,,0.11049705500448803,0.2731975273817727,0.09981565676948102,0,-361.59479999999996
Bonus Opportunists,6.0,0.27295350028856047,0.4974574470169078,0.6926780101286534,250,-7060.768599999999
Early Churners,,0.14955643559197282,0.17173694209756368,0.3748637608095755,229,-1063.0607999999997
Casual Regulars,324.0,0.12643587174780507,0.2581620197154315,0.12276648157922133,1,663.5627999999999
Bonus Opportunists,0.0,0.2752157064728127,0.5432919028410061,0.5515418878587802,125,3055.6795999999995
High-Value Core,267.0,0.18440250929562507,0.16636374770484977,0.0690333729583874,1,1573.7914
Minimal Engagers,,0.0,0.4837929325486829,0.0,17,-1747.1758
High-Value Core,57.0,0.18815805550903886,0.12274094331589695,0.010001223262196804,0,25334.199800000002
Early Churners,,0.42729644325259153,0.29022232953900506,0.43555318351568384,213,-1914.2329999999997
Casual Regulars,351.0,0.36868746694047516,0.14005055019372692,0.0462330956244784,1,890.8714000000002
High-Value Core,129.0,0.20246187165651552,0.10354083266224293,0.007826542942456584,0,11721.9408
High-Value Core,103.0,0.17760340087936113,0.16681384098946667,0.15806571159697624,2,-1202.7609999999995
Casual Regulars,,0.10102426355747922,0.31079355747468,0.16904494153627694,0,-575.2194000000001
Early Churners,,0.07774026564078149,0.28545140255292584,0.6234215686956595,227,61.178600000000074
High-Value Core,124.0,0.45415237062625113,0.14527485174037852,0.07210900947914746,2,-2292.3912000000005
High-Value Core,71.0,0.3828344671224824,0.12027357580054793,0.013728131910082009,0,17209.426
High-Value Core,208.0,0.44578530015904516,0.17492827258648286,0.1012151622373974,1,-1833.1102
Early Churners,,0.1717302735836706,0.1967518194250477,0.7115125556165648,213,-776.4740000000002
Casual Regulars,,0.3148240216580521,0.14032994091811143,0.06904254350733602,1,-600.2046
Casual Regulars,,0.42355988962329133,0.15090698691138058,0.12577857243052779,6,-1435.7808
High-Value Core,85.0,0.4364692948925486,0.1467704761514298,0.11364376247113915,3,3276.1348000000016
Casual Regulars,,0.5120544585751741,0.2583232473303498,0.0,7,-264.65520000000004
Early Churners,,0.15193882387891083,0.25532259071300756,0.6182213404080749,203,533.7234000000001
Casual Regulars,,0.1149739330263827,0.38320536439584246,0.06418534594993223,8,105.73220000000003
High-Value Core,305.0,0.12771405102305136,0.15419497971140217,0.09064142753011867,0,-10366.5958
Early Churners,65.0,0.19529048013107145,0.24034658134641268,0.6032228671152869,208,348.9562000000003
High-Value Core,240.0,0.17607707212149568,0.13115111247302477,0.08220629736727965,1,-9815.4736
High-Value Core,97.0,0.4821807503814087,0.18851251493370516,0.05274496334012164,1,1105.7129999999997
High-Value Core,63.0,0.1751994994433776,0.11376428037262087,0.007161658326158025,0,24775.9104
High-Value Core,332.0,0.11123188577200391,0.16850636127346966,0.08621249266015571,2,-10733.305199999999
High-Value Core,99.0,0.16632891031551325,0.11586736767476863,0.00831619729802378,0,19471.6454
Casual Regulars,,0.18647694211132418,0.16661738481223254,0.07711924566911033,13,387.4620000000001
High-Value Core,141.0,0.16793340004032106,0.10737120111681957,0.0024510766235517757,0,7790.499800000001
High-Value Core,224.0,0.15823633739715007,0.15577389935597385,0.09126652930570858,0,-7715.4818000000005
Early Churners,,0.16838458762924993,0.26819871483551355,0.48429326222121716,208,-152.93979999999988
Early Churners,,0.21642252767988676,0.1906238707649339,0.5745031832573023,201,-240.25980000000004
High-Value Core,80.0,0.20385351652731698,0.11423519040010097,0.023072745177797064,0,14239.9984
Bonus Opportunists,,0.3079177493342699,0.4935726313317015,0.4879493941315887,307,651.9063999999994
Bonus Opportunists,24.0,0.32651370405519253,0.48062808512073385,0.6984390025425916,185,-9123.604800000001
High-Value Core,104.0,0.2083574826399559,0.1806211159988244,0.0932968990158367,1,-1556.3193999999994
High-Value Core,91.0,0.18234050418465034,0.09611236963081675,0.012055360107157617,0,17658.460800000004
Early Churners,,0.07154773605702273,0.31388186755521913,0.4737843768400834,205,-1711.793
High-Value Core,,0.1437992123119803,0.12617355730550864,0.08635299116480621,1,286.3204000000005
Casual Regulars,,0.12777767616336494,0.19079275766083953,0.08260177884343582,2,-675.5135999999998
High-Value Core,240.0,0.16134645365601474,0.19523784846220724,0.10489440218024797,0,-10044.2892
Minimal Engagers,,0.20662494217644684,0.36658303432641387,0.3017977580303449,57,-605.3154
High-Value Core,152.0,0.15556999703568825,0.14358979887291187,0.05862717728291284,0,1217.2141999999994
Bonus Opportunists,,0.5961405841212866,0.326951365919933,0.729565524589276,309,338.2614000000003
High-Value Core,144.0,0.37876910983234996,0.11594035484966088,0.07140426677579947,1,1725.3657999999996
Casual Regulars,,0.22527941759190842,0.1677502179443268,0.14109303435072584,18,-1344.7316
Casual Regulars,,0.2591520619653189,0.17313230755164763,0.06913545863086196,4,-27.70540000000028
High-Value Core,254.0,0.5377117245416068,0.21007272650195788,0.11899614568347948,1,-8111.823399999999
Casual Regulars,208.0,0.40101169542583304,0.1468474079809046,0.05338936860192383,6,-4082.7619999999997
High-Value Core,86.0,0.10321130475151322,0.13991014738410149,0.1567910896278001,0,-1467.4841999999999
Bonus Opportunists,1.0,0.9773838801767925,0.5542792251079182,0.6131789278294221,164,2541.2538000000004
Casual Regulars,,0.49837991589238373,0.20345975648651285,0.10065505987840656,6,461.7350000000001
Early Churners,,0.6150486145319003,0.2661191099236931,0.5703287723170131,202,-949.9584
High-Value Core,170.0,0.13588233414222362,0.15413323039562354,0.07106832836215171,3,2335.7358000000004
High-Value Core,124.0,0.2500748432024767,0.1252400473544074,0.06086376330390321,4,3097.7306
Minimal Engagers,,0.014587774201622918,0.5174437664157987,0.4737379059971077,202,-1473.2058
Early Churners,,0.22096450451002309,0.3037596149476026,0.7681053727261445,315,374.46780000000035
Early Churners,,0.1481525976640628,0.19472704755116468,0.43864765422743374,205,-1994.0248
Early Churners,,0.13607713279189285,0.3411045986221128,0.3729559034251678,205,-998.8092000000001
Bonus Opportunists,0.0,0.5015878676720331,0.4218731814662171,0.8742041907912531,306,3078.4736000000003
Casual Regulars,,0.49769292755497596,0.2192483084526151,0.13256148407180815,10,252.77220000000023
Early Churners,,0.6283275185498384,0.3242803207072402,0.5419159603965381,225,-496.1942
High-Value Core,122.0,0.15822227255586124,0.11375564130694299,0.028507726962180978,0,12164.602399999998
Bonus Opportunists,0.0,0.41872090723846084,0.35018752357777927,0.8024192503756955,118,-834.6189999999997
High-Value Core,118.0,0.17620290608888892,0.15744341060601214,0.06354472986491251,4,3082.9018
Minimal Engagers,,0.15276797591093202,0.4633419443264849,0.0,131,-2153.2402
Bonus Opportunists,8.0,0.6362582478188812,0.3130498689604019,0.8588266330065449,311,-7692.4292
Early Churners,,0.013884761011273384,0.3159845223782108,0.5086854058117537,206,290.69420000000014
Casual Regulars,,0.18051999537292054,0.13611731335642674,0.07371806976676241,9,241.99979999999994
Casual Regulars,,0.12665040852203913,0.19869926296110554,0.041558831175950856,0,-1605.3442
High-Value Core,115.0,0.502191158643365,0.17346960238138812,0.03978405159821948,7,879.9926
Casual Regulars,294.0,0.13659096957369815,0.19718595545953604,0.05519638810463197,0,-4239.2152
Minimal Engagers,,0.0,0.7891588717463955,0.0,8,-1674.266
High-Value Core,163.0,0.20668825897104717,0.13555304783724775,0.0924194623281016,0,3024.5986000000007
Bonus Opportunists,15.0,0.3627968452406427,0.40202077824480786,0.5446235815979745,238,-6392.9822
Casual Regulars,,0.39806926761161376,0.15975810243229607,0.06715763633175521,9,-1009.5641999999999
High-Value Core,115.0,0.4229268595852507,0.1571839547567023,0.08087138857679324,0,4391.1694
Casual Regulars,,0.11667071807088338,0.27329548714377633,0.05179259814378494,9,143.32899999999995
Bonus Opportunists,36.0,0.22148314099326238,0.6025104995722714,0.606820082129781,315,-3857.3056
High-Value Core,138.0,0.13651300142606615,0.15648540323894955,0.10048360023927098,2,1385.8548
High-Value Core,128.0,0.3765150632913563,0.13419684111140134,0.0,0,7016.704400000006
Bonus Opportunists,4.0,0.9327933731899812,0.6508015250124015,0.789080538835509,154,-7323.689999999999
High-Value Core,137.0,0.39779759598998654,0.12056293814823109,0.0020543677248830204,0,7677.511199999997
High-Value Core,355.0,0.2916863845400095,0.12547995516290106,0.0473233284210837,0,1037.7562000000007
Casual Regulars,276.0,0.45425180341990645,0.19517708084402857,0.13695896413112413,7,-1489.5864000000001
High-Value Core,75.0,0.15353373762310518,0.1857286088744387,0.11346544005830878,1,859.7684000000004
High-Value Core,243.0,0.17767384824346052,0.19688463719837637,0.0718250119756357,0,1042.8871999999997
High-Value Core,107.0,0.16431758922023168,0.12759539210174664,0.01822472382444786,0,9127.325400000002
High-Value Core,235.0,0.48716609759976287,0.1992066658714114,0.07295484819527094,0,-836.8917999999999
Casual Regulars,,0.07566381226748517,0.22260685354536416,0.1518215491519307,15,-155.78739999999993
Casual Regulars,,0.1684085051255571,0.17316197487298446,0.07657726238367607,3,-383.2414000000001
High-Value Core,233.0,0.45479798273227723,0.1531311584856137,0.04661837200964412,3,-3724.7476
Casual Regulars,252.0,0.134607370120725,0.15013353087604756,0.04929705435896066,0,-4583.2178
Early Churners,81.0,0.051194902516045575,0.37335196971762136,0.44745411026152004,201,524.9608000000003
Bonus Opportunists,11.0,0.9698458967092028,0.6176869291622586,0.777117829447967,157,-8363.7542
High-Value Core,99.0,0.1551775716266141,0.1354231200841272,0.0031875328789105007,1,20261.4678
Minimal Engagers,,0.6862293544006912,0.36895958936010925,0.8720632020738178,271,-497.47499999999997
High-Value Core,354.0,0.1485459158886357,0.12390773693873276,0.07596467702186191,0,816.1554000000001
Bonus Opportunists,0.0,0.3194706840550256,0.4559349546068532,0.6646664307321224,306,5551.847
High-Value Core,106.0,0.12273967344432525,0.14596356941200025,0.08299200271110956,3,-552.6534000000006
Casual Regulars,,0.09470681530796417,0.11782961749255177,0.1319857987398273,24,-1903.9135999999999
Early Churners,76.0,0.1548953579575386,0.2935948997668811,0.41202030120816624,203,-2731.6974
Casual Regulars,,0.0874363450071326,0.31771129722996666,0.05213964582997279,1,-156.12279999999993
High-Value Core,148.0,0.3889618414458888,0.11251072464558523,0.010111882750537276,0,8308.615000000002
Bonus Opportunists,0.0,0.4841286360435699,0.38022207525864726,0.8709489008806783,127,1917.6817999999994
Casual Regulars,,0.20749207292445257,0.14883654016888315,0.04987664059530627,19,-1209.1554
Casual Regulars,,0.2420026485632144,0.14992015062217154,0.033551837055764415,3,-498.54920000000016
Bonus Opportunists,0.0,0.1710031757610087,0.679518406133159,0.9792046543751266,249,-2742.8834
High-Value Core,141.0,0.1981619025622629,0.14675149857193842,0.0,0,9893.9324
High-Value Core,304.0,0.17291493062945176,0.18601620612169048,0.07183531017564365,0,1436.2518
Bonus Opportunists,16.0,0.42592459198144567,0.39268719616076053,0.9026661606324553,232,-8287.721
Casual Regulars,,0.48321142798585476,0.1672502973173257,0.09046121822804022,3,-0.5437999999996919
Bonus Opportunists,21.0,0.9571913846199058,0.5276231415874529,0.7524669843748425,180,-8206.8074
Early Churners,,0.07274795342997753,0.29800999421117336,0.5063716263492987,206,730.0057999999999
Minimal Engagers,,0.47446600541605904,0.5013039697588254,0.0,13,-2162.5558
Minimal Engagers,,0.0,1.0,0.0,130,-1179.905
High-Value Core,258.0,0.5109795069242801,0.19377999043803243,0.021658526403595623,4,-1057.4812000000002
High-Value Core,322.0,0.2125842108817085,0.14520767799236456,0.1169803436215538,0,-10610.343400000002
Bonus Opportunists,10.0,0.41813605740856047,0.34677021129076274,0.636887327539524,307,-3035.9562
Bonus Opportunists,27.0,0.9411847472613458,0.6079416984971824,0.7448146988752903,244,-9326.4972
Early Churners,,0.10675324333439566,0.23718635804329735,0.36054951383699674,203,-1673.1297999999997
Casual Regulars,,0.0579251124043737,0.25276248195256357,0.05675200424468898,18,-294.4108000000001
Early Churners,,0.36750001798772525,0.19622092471196223,0.6233194468094972,201,-699.6588
High-Value Core,251.0,0.16387175252697905,0.21003135159707423,0.12569765696143956,0,-804.7684000000004
High-Value Core,164.0,0.16949943749684102,0.1047128378685397,0.007268364564695125,0,-817.3195999999971
Early Churners,,0.18974758002281866,0.20821936162805563,0.527793409581912,203,-762.4038000000003
High-Value Core,165.0,0.13229474237794203,0.13058149627258686,0.05594874469194665,1,2618.8354000000004
Minimal Engagers,,0.2685458771948936,0.3136270603456508,0.034111039789229865,19,-2480.6662
Bonus Opportunists,6.0,0.1834367388013384,0.6294061922534093,0.6728910991747084,175,-5683.2246
Bonus Opportunists,3.0,0.3319407408348139,0.49125046818667784,0.70247287727225,252,-2383.4305999999997
High-Value Core,76.0,0.19313375999256857,0.1465067227318452,0.06338786529470287,3,1823.2628000000004
Early Churners,78.0,0.6917626954541802,0.418994404834951,0.4430573742074258,200,-3832.2946
High-Value Core,162.0,0.14287781374034364,0.1399809138424211,0.01271728180621531,0,1755.6491999999998
Early Churners,,0.04112029351545437,0.24033108211829246,0.6095995306324606,204,-602.309
High-Value Core,325.0,0.41581259107726554,0.14737158195859995,0.10952324593765332,1,-9081.0174
High-Value Core,272.0,0.15095966097452537,0.13959657927132124,0.1063415106041236,0,-10462.0862
Borderline Opportunists,156.0,0.9847373511203121,0.8748520210295992,0.30503106982843886,208,-7304.176
High-Value Core,131.0,0.19692593978638853,0.10255424788539029,0.025387766276922727,0,5292.695599999999
Bonus Opportunists,0.0,0.2980228697656722,0.5218206775569286,0.8731456413647167,172,2012.9743999999992
Casual Regulars,,0.1034337713825828,0.16298500636491872,0.09545260587990645,18,-303.77759999999995
High-Value Core,,0.16728710545535377,0.1442380018714362,0.1069109602422437,2,705.5637999999999
Casual Regulars,,0.10241260313409291,0.24967622649462376,0.13080865018948906,4,190.86360000000002
Early Churners,,0.1254503121491677,0.3347984464920782,0.6319599708998325,204,350.7156000000002
Casual Regulars,,0.20187432722810514,0.18638868058740227,0.03674086783558733,4,-31.941600000000108
High-Value Core,355.0,0.18753293204752386,0.14411627272220637,0.12115528182004259,4,1053.3562000000006
Casual Regulars,318.0,0.18084313959032008,0.11869642417311355,0.13912699539939538,5,-1368.0234000000003
Casual Regulars,220.0,0.1766345334541352,0.19766087175168304,0.08263284727916469,6,-4331.1548
High-Value Core,170.0,0.1475502990993237,0.12622776327484145,0.02518565320457151,1,-2253.566200000001
High-Value Core,183.0,0.15374177432360356,0.14799663380621758,0.028449539012450197,0,-3252.2097999999987
High-Value Core,85.0,0.3586761102373099,0.11343073642276005,0.07478064059059496,1,-1883.8642
High-Value Core,62.0,0.35750135661099625,0.11114361119206531,0.023279405763503108,0,15375.086800000008
Bonus Opportunists,,0.9111592647974026,0.45945918028632804,1.0,340,436.36159999999995
High-Value Core,254.0,0.1494156927592517,0.185102204837549,0.060867343722919375,0,1987.5757999999996
High-Value Core,244.0,0.22974358434617143,0.16479302475125987,0.07417438124394568,3,1846.3266000000003
Casual Regulars,,0.12955158706792697,0.37289182432486706,0.05639720018804986,34,-72.02840000000003
High-Value Core,112.0,0.12086742044419457,0.1316110348131379,0.002682084695746159,0,5418.052200000002
Bonus Opportunists,33.0,0.9662089951961509,0.39959279200622283,0.6047709756905657,114,-7856.3706
Casual Regulars,290.0,0.40881073977990473,0.16026035676520411,0.03718323222712792,2,-1063.4348
High-Value Core,80.0,0.16119232626372873,0.10119609127657897,0.016436114277029314,1,13627.996199999998
Casual Regulars,195.0,0.14649642022093257,0.19687867286146832,0.13087182417921348,0,-4436.204
Bonus Opportunists,1.0,0.5363983118225928,0.38511202682950846,0.8734365278239901,141,7323.738399999998
High-Value Core,110.0,0.19873647761119576,0.1469503738132642,0.04886705242992099,0,-1709.8540000000003
Early Churners,,0.05528531986951831,0.31688672796988576,0.5401285289284198,219,-1179.9027999999998
Casual Regulars,,0.652788478424368,0.27925857598613185,0.13950046531301113,23,-1720.5378
High-Value Core,92.0,0.16331334175877574,0.18997112236363617,0.08525757426170556,0,2502.5690000000004
High-Value Core,150.0,0.2227224532360485,0.11921526160208784,0.001967080250266183,0,13048.606200000002
Casual Regulars,,0.16890292250861497,0.17893377279521722,0.09859732175403126,1,-496.9151999999999
Bonus Opportunists,15.0,0.44755998339813874,0.36491350411518136,0.6657737984504817,134,-3845.5652
Early Churners,,0.5457436985984914,0.23896280127071398,0.27309935736812463,205,-1258.0412000000001
Early Churners,,0.10643815885588635,0.2583965580157685,0.43461362677310744,225,212.83240000000012
Bonus Opportunists,3.0,0.9127480808109985,0.5296186384806535,0.8196468242869523,157,-6316.746399999999
Bonus Opportunists,5.0,0.9409098192318714,0.5533987942372681,0.7269270356911436,215,-6402.5082
Casual Regulars,,0.4941355295631557,0.21368186296822328,0.03345827198236518,8,301.29800000000023
High-Value Core,184.0,0.16544996673064352,0.13853837701634164,0.07223859236681596,0,32.103400000000875
Early Churners,,0.04339994064236095,0.2057439519595851,0.7584266979530888,200,-337.4319999999999
High-Value Core,128.0,0.18810163259614618,0.17553318412616725,0.06879168233919904,0,-2397.7002
Casual Regulars,,0.12308032704849896,0.2279229737087326,0.05816897505779593,1,-16.401999999999987
Bonus Opportunists,,0.45474828919307947,0.33835098634981403,0.8554285115334814,312,-595.2893999999999
High-Value Core,250.0,0.1275937771272987,0.12512471504471162,0.09903529982397279,1,-837.2969999999996
High-Value Core,91.0,0.13821838445346715,0.14944468139763412,0.005261431554000114,0,17913.7554
Borderline Opportunists,,0.07967393010597637,0.30016108137410213,1.0,345,-545.2142
Early Churners,,0.3757220115277354,0.15539064577835487,0.2658559441634768,220,121.70060000000001
High-Value Core,116.0,0.1336879061793886,0.13987633570614996,0.0036773356752776926,0,11909.237799999999
Bonus Opportunists,10.0,0.9916688774794936,0.7504940813553682,0.5600281537478067,219,2699.0369999999994
High-Value Core,124.0,0.152215982850491,0.14733935873207799,0.02429894745477174,1,5713.899600000001
High-Value Core,141.0,0.13872942133089822,0.16844055932327603,0.06841123177456411,2,698.0412000000001
High-Value Core,101.0,0.3286046420943131,0.09630871582948047,0.0016791429149666127,0,19951.811400000002
High-Value Core,85.0,0.22274675967999708,0.12885854759156318,0.10805534472262283,0,-1290.7681999999995
High-Value Core,101.0,0.19339585110089935,0.09776897838743003,0.016077220827634058,0,16254.3482
Bonus Opportunists,1.0,0.28907136311294723,0.4988185113573588,0.8181550781680392,307,1718.0418000000018
Casual Regulars,,0.2682756043181847,0.23886053167629664,0.09918219359415667,33,151.79240000000004
High-Value Core,90.0,0.13792750359294417,0.1561437942912747,0.11847575973341079,0,-1690.0495999999994
High-Value Core,95.0,0.35054032251287787,0.09842553500917912,0.004619939553344595,1,13580.359999999999
Early Churners,,0.14530811692781267,0.34274579585591414,0.5087661443746601,223,108.97759999999994
Early Churners,,0.4969614892731679,0.18391293395012312,0.40720698065537075,200,-24.191599999999994
High-Value Core,346.0,0.1410209253856598,0.1358868206978003,0.12637513992521673,0,1038.1934
High-Value Core,284.0,0.333354959435288,0.12342096873503176,0.13164439096591618,2,1477.6545999999998
High-Value Core,77.0,0.2093549787680462,0.09871994917972059,0.008963684374697764,0,16012.097600000005
Bonus Opportunists,,0.9059020903145589,0.40427585506399233,0.81213502587222,211,170.10539999999992
Minimal Engagers,,0.21166104652252515,0.27599218548123045,0.31310138240210467,5,-582.6246
High-Value Core,164.0,0.1523208141655264,0.12192560594686012,0.005030562776839456,1,313.96259999999893
Casual Regulars,,0.4723656799156358,0.18843059926946423,0.0,37,-774.9331999999999
Casual Regulars,,0.06443866254831,0.4077670348165695,0.023884333415495597,1,224.18740000000003
Borderline Opportunists,,0.27723191480549125,0.36589730869726245,0.0,35,-613.0836
Casual Regulars,308.0,0.0419999965280651,0.24980190346525782,0.1115935814725209,1,536.8857999999998
Casual Regulars,,0.223473063533638,0.3385434137813143,0.07909402386374206,8,299.9415999999999
Early Churners,,0.14912225835258122,0.24849601040999542,0.4636427691345418,231,-434.603
High-Value Core,82.0,0.2748723940291621,0.12596033309215435,0.020687175920825696,1,13198.285800000003
Casual Regulars,,0.11975806991870158,0.23385410018758268,0.034129023421856926,2,-1662.6216
High-Value Core,52.0,0.1558602466770156,0.13947357311837588,0.15764235875295105,1,1457.8880000000004
High-Value Core,127.0,0.112664166517643,0.1647269635272135,0.006581056634220578,0,10087.913799999998
High-Value Core,98.0,0.19310323462338608,0.11868703981658975,0.002737885840787667,0,16159.803199999998
Bonus Opportunists,,0.2182204385677874,0.598615967600019,0.8412098385515288,306,238.0906
Early Churners,52.0,0.06965966460405108,0.1738042432224797,0.4705685289763811,205,-1192.5662
Casual Regulars,,0.7084572557686994,0.43113776444099344,0.015558071374518024,4,66.00800000000004
High-Value Core,154.0,0.11298380903161756,0.15518449170539692,0.07643451589480178,1,-6615.4182
Casual Regulars,,0.18081570850359613,0.22121668553650975,0.051400846380075124,7,224.21600000000012
High-Value Core,118.0,0.21225578204733755,0.12203671592665122,0.09170255937199041,2,-575.5517999999993
Casual Regulars,,0.5207186110152594,0.22961391656311256,0.07964005348516216,11,67.69920000000013
Early Churners,74.0,0.10302360184584158,0.3358595994408252,0.5778622216284034,202,-4389.0406
High-Value Core,236.0,0.19141932644386656,0.11867789347185416,0.08125532306424199,0,-8262.329
Bonus Opportunists,0.0,0.37647312273368067,0.41728603251293095,0.8613267525595721,185,389.53919999999925
High-Value Core,121.0,0.15658878766073803,0.18284595879482762,0.09277473773437998,6,-1709.565599999999
High-Value Core,120.0,0.19186839743872247,0.18228803752703865,0.05756444937197319,2,-1838.8325999999997
Casual Regulars,,0.20459802508210762,0.14712672980216404,0.13629823933865903,24,-923.229
High-Value Core,101.0,0.17064662462846855,0.12425750386932669,0.010004147473426633,0,16620.2596
Early Churners,120.0,0.22692495039681052,0.2720203604038762,0.49315054309152345,208,-4867.2228
High-Value Core,163.0,0.15805341415984123,0.14289726471055547,0.1536093232523663,4,-1449.6143999999995
Minimal Engagers,,0.09570518526496517,0.6143601469227293,0.7402103798219521,205,-221.18040000000002
High-Value Core,43.0,0.1890483141242448,0.12164687481718366,0.01909463686685615,0,25076.1306
Early Churners,,0.09910577105667477,0.28450074139107806,0.5139587325426831,200,226.832
Casual Regulars,,0.21344998071840315,0.1724064405008758,0.05105230014871064,0,-128.59479999999985
High-Value Core,61.0,0.13481076189540786,0.13625357870019186,0.0,0,16174.933400000005
High-Value Core,159.0,0.17781411972344374,0.1521964905526624,0.09920103271024691,0,-3715.8182
Early Churners,,0.5426343652973069,0.2123693448551088,0.5782246237079581,209,378.4931999999999
Borderline Opportunists,,0.10807358389126431,0.22036805428708706,0.048999399366604766,10,-319.0687999999999
High-Value Core,85.0,0.4079968761909053,0.14280052290160056,0.08077353787560419,1,3274.5371999999998
Casual Regulars,,0.15137996196841286,0.36969028659186703,0.03227194588029473,2,-60.86919999999998
Early Churners,,0.15960665802604684,0.34580666209297267,0.47977710148416153,203,-1067.1821999999997
High-Value Core,248.0,0.46188850203000975,0.16219393606615756,0.06867954093930756,1,-8047.554999999999
Bonus Opportunists,18.0,0.9367844403732458,0.839344088618162,0.8822355766641332,203,-2316.3154
Minimal Engagers,,0.04504965188255193,0.6592804774745683,0.0,41,-1864.4236
Early Churners,108.0,0.09770160397355185,0.26288123476648334,0.3708119829080938,201,-4632.1936000000005
Casual Regulars,,0.08220525186012827,0.22288343655211032,0.11752752030177553,9,-1820.6982
High-Value Core,211.0,0.1364235962139101,0.14007497727320362,0.017020961961660527,0,6512.9162
Casual Regulars,,0.22372394054946923,0.22488545324980677,0.06701709176361274,8,-455.9821999999998
Casual Regulars,,0.19594328072683276,0.1737772634500074,0.049355799943745976,0,-138.9631999999997
Bonus Opportunists,,0.9802590447286208,0.8155822536460379,0.8373885971201682,223,-561.4875999999997
High-Value Core,111.0,0.1750763093374487,0.12056080138388445,0.010600580477162695,0,22692.6776
Casual Regulars,229.0,0.0928442362559292,0.18781348321159302,0.11483647920735209,5,1004.4602
Early Churners,,0.10167982754084715,0.2249105066566503,0.4096819793535923,200,9.338000000000022
High-Value Core,,0.4357783612242372,0.13806407925439174,0.10003045379194482,6,33.547799999999825
High-Value Core,178.0,0.16685850564456461,0.1248205211797988,0.06948009487934634,1,-3408.0752
Minimal Engagers,,0.6953516719877822,0.30493372233835975,0.0,4,-587.1164
High-Value Core,163.0,0.13648714299798026,0.17020365972113916,0.18390288424196935,3,2336.9366000000005
Bonus Opportunists,32.0,0.3415557207672146,0.5137139940363908,0.5185260093455667,107,-9004.5098
Bonus Opportunists,0.0,0.51760266718109,0.4048091986184443,0.7620559260546845,271,5642.7092
High-Value Core,149.0,0.16241412123299667,0.16332008885814156,0.09620202419715466,0,899.9366
High-Value Core,98.0,0.18786703358102388,0.10961174697822167,0.019258969626137965,0,15676.993400000003
High-Value Core,332.0,0.2101976080196839,0.13277061454657457,0.03285868041956172,1,1258.4263999999998
High-Value Core,97.0,0.19296542121109847,0.13144979522672035,0.007835474868795936,0,23773.255400000005
Casual Regulars,,0.0682329872585093,0.2589255447455728,0.0499945315490559,2,-1687.972
Casual Regulars,,0.07796302126438637,0.22766464109411944,0.04898637403680314,15,-1912.0045999999998
Bonus Opportunists,15.0,0.21740876144270366,0.4446613578165995,0.8210753908711262,216,-9386.7216
High-Value Core,145.0,0.48067088692383664,0.16661817983929073,0.04682447010478511,1,-1955.6711999999989
High-Value Core,144.0,0.12228456624553054,0.10591562260906401,0.009091538861386344,0,-541.3441999999995
High-Value Core,61.0,0.22782250657760475,0.12761979611556037,0.006668169702451529,0,23462.5666
Casual Regulars,,0.14601210234491824,0.22069246563385042,0.01571863067739079,22,-178.29659999999996
High-Value Core,215.0,0.1313146145216941,0.26503957629534125,0.08830871056595412,2,-723.7957999999994
Minimal Engagers,,0.0,0.5474972828432263,0.2130850882945906,279,-667.0648
Casual Regulars,353.0,0.1743790151315022,0.29935318390948373,0.07434783332851935,0,448.6302000000002
Casual Regulars,,0.2546017956701882,0.19707606961800472,0.13054739802202378,25,-1345.8186
Bonus Opportunists,18.0,0.272404626539565,0.5231762208448398,0.7143351596710836,207,-7519.3752
Casual Regulars,,0.08728479999137313,0.20428752980400516,0.07271590094194653,0,241.86800000000005
High-Value Core,126.0,0.18874832994154897,0.11379363692424363,0.009344382528693285,0,8945.0042
High-Value Core,176.0,0.17262839672849334,0.14726279673513754,0.014313928254064447,0,676.728799999999
High-Value Core,89.0,0.1864583286118107,0.1274768571695296,0.019831655130438216,0,18862.092
High-Value Core,96.0,0.20063807941091225,0.1253740122286579,0.025548919323277974,0,11251.690999999995
Casual Regulars,,0.5757699951889685,0.17587141398182657,0.10652326087690339,0,-613.4313999999999
Bonus Opportunists,3.0,0.9191039168722661,0.4992516594035301,0.8218150248841269,265,-5498.834599999999
Bonus Opportunists,5.0,0.25490255367784115,0.42337982112238853,0.7805578473076573,112,-7125.8544
High-Value Core,92.0,0.32945415597601374,0.11719121244431367,0.015541404275340735,0,20092.309599999997
Bonus Opportunists,37.0,0.3808553244389728,0.388720124790096,0.8790246567946459,119,-10919.3756
High-Value Core,162.0,0.11036671902503882,0.1933942695849185,0.06605633343981616,2,2152.0268
Minimal Engagers,,0.14900243672451943,0.3747445673961271,0.764847681377263,219,-2385.7780000000002
High-Value Core,173.0,0.1273123326356552,0.15648561289069887,0.07168490341047136,1,1909.601599999999
Early Churners,,0.11227933582289386,0.31937226335870617,0.5658590041324789,202,-753.2654
Minimal Engagers,,0.14353847460400643,0.4154563646550127,0.013432814179749073,76,-306.8908
Bonus Opportunists,1.0,0.5693360596607384,0.39487957613943814,0.8360571172212584,193,2156.2839999999997
High-Value Core,210.0,0.4051540597162372,0.1341703731293486,0.0472899132230433,6,-3634.138
Bonus Opportunists,41.0,0.28628493749686074,0.5414555279211183,0.7613021961327656,306,-10630.1034
High-Value Core,60.0,0.1879089406944633,0.09875605418318795,0.010449353193915968,0,14305.326599999997
High-Value Core,140.0,0.11506388568172184,0.1533839653779163,0.05110514209952561,0,262.0430000000001
Casual Regulars,,0.21456867584381076,0.20616973944539652,0.11965959209122344,7,-1898.7941999999998
Bonus Opportunists,,0.40233645593196454,0.3439377634830733,0.9426947926848559,307,-1465.8378
High-Value Core,,0.42469959404579427,0.17301529550758699,0.055832169789608026,1,332.20679999999993
High-Value Core,140.0,0.16351940889671412,0.18030937928158283,0.07265467739578886,0,-2806.6438
Early Churners,,0.19346604177624,0.17316292067192082,0.5213485247106727,209,-801.0134
High-Value Core,127.0,0.16128608488525262,0.16528388143385128,0.06163912127084831,0,863.3771999999994
Casual Regulars,,0.12222978172049098,0.23046695906564182,0.04216249282014912,10,-969.5510000000002
Casual Regulars,,0.06306956357646334,0.2687625379709175,0.020417587465828516,7,-1448.5693999999999
Bonus Opportunists,3.0,0.3112962520740151,0.4995919375815035,0.8088238411578107,243,1632.3228
High-Value Core,107.0,0.4209632123276505,0.11957269405937962,0.003241070392049466,1,7497.376200000001
High-Value Core,186.0,0.16538662343915503,0.1644248065768916,0.07453995118977452,1,-3924.1654
High-Value Core,124.0,0.1626561858556028,0.1589087378886191,0.11964166956768059,0,352.451
Casual Regulars,,0.06992148750836641,0.22612097982067633,0.07966782224975894,5,-307.8457999999998
Bonus Opportunists,0.0,0.4277080208638386,0.37215893920756454,0.6816579685238012,114,4061.7072
High-Value Core,116.0,0.24681099889598648,0.09051443055503605,0.0007560559653245241,0,8439.35
Casual Regulars,,0.19743116529405114,0.23473867419696787,0.08367782669900672,0,-1285.4686000000002
Early Churners,,0.18600822240074763,0.2986684910633204,0.5629375056108907,210,-62.307999999999765
Early Churners,,0.6235464744818422,0.3952543263256196,0.31337371259168395,255,-2286.968
High-Value Core,148.0,0.17094084022433262,0.11471149002330844,0.005341325943644361,0,11944.4654
Early Churners,,0.06173143897468531,0.19565960783953298,0.6845454070227156,202,-14.108199999999897
Casual Regulars,177.0,0.14621253257387035,0.15807954197619797,0.06616790631164038,2,-409.75099999999975
High-Value Core,96.0,0.16917098765053545,0.1265582176454919,0.009654539556974442,0,8964.948999999999
High-Value Core,339.0,0.2278071993190187,0.19830599419818273,0.04470487181086042,3,1110.0463999999997
High-Value Core,48.0,0.19650852934578053,0.1167877350950268,0.03639632323104659,0,16052.571800000002
Bonus Opportunists,2.0,0.2461943213897603,0.6111099451619717,0.6265091293064436,197,-2851.67
Bonus Opportunists,0.0,0.9873982863252814,0.7912125197645219,0.8167761172974995,136,3803.7188000000006
Casual Regulars,329.0,0.18232041678001773,0.14846155979181003,0.037604392932024146,1,521.8052
High-Value Core,94.0,0.1558623751769475,0.11873504529162716,0.009774091723398059,0,21383.4198
High-Value Core,,0.1796925370728563,0.13090002230606004,0.0349879460656519,2,539.6863999999996
High-Value Core,162.0,0.21752769895590718,0.11699222428927883,0.005093772652698929,0,3163.6117999999988
High-Value Core,78.0,0.2531455048424512,0.10626749458842483,0.011514349014526372,0,14607.9084
Bonus Opportunists,4.0,0.4398173699513816,0.45271311868142927,0.8494985775349467,249,-8611.0402
High-Value Core,114.0,0.18066740900568695,0.19928285937466586,0.08183412707888459,0,1954.3386
High-Value Core,129.0,0.18140134567183738,0.20636121682606137,0.07818537928742983,1,-1234.0382
Casual Regulars,,0.14192704444132986,0.22992819482684854,0.1766781624248774,0,-1677.7204
Early Churners,,0.17790645314470038,0.2983202727083595,0.3819746688280853,218,-711.432
High-Value Core,85.0,0.09216037359526431,0.20053739890162192,0.06935665793681772,2,1367.1153999999997
Early Churners,,0.1160538908761378,0.2599922124719256,0.6502446196112471,214,-76.9430000000001
High-Value Core,97.0,0.2355613976956956,0.11746430698569502,0.013626754290893653,1,4974.443800000001
Casual Regulars,,0.1840673404776216,0.2277811871746784,0.058069447158494665,1,-1792.4737999999998
High-Value Core,247.0,0.17362076653189823,0.14450535228854283,0.06876075034440461,0,-9906.0678
High-Value Core,198.0,0.5197814261754611,0.1906215763828262,0.0995359489978864,1,1130.0566000000003
High-Value Core,208.0,0.23951065849567113,0.16908861736991243,0.05934345473600102,3,-2160.5093999999995
High-Value Core,81.0,0.15849628393365692,0.1693537339154599,0.08113943602326816,1,2066.9260000000004
High-Value Core,58.0,0.14632677266167204,0.11821251673148156,0.004976483767133222,0,22586.628599999996
Early Churners,98.0,0.1712450024804221,0.21515517773933715,0.5605654503043352,201,-4470.8418
High-Value Core,115.0,0.4311310021324031,0.12529009674370206,0.011373415468072903,0,12679.1758
Casual Regulars,,0.07662914837253795,0.21308399646564344,0.10152449369210265,6,-1417.2351999999998
High-Value Core,87.0,0.21526142623673847,0.17718353579590101,0.07832512255086618,0,3711.022000000001
Early Churners,,0.0656374955630513,0.32173046450565307,0.5065612572272518,202,-204.94679999999994
Minimal Engagers,,0.14844522715299932,0.24029311803346756,0.08428672163095396,32,-1459.0756000000001
High-Value Core,135.0,0.23882113223931406,0.1546001927821859,0.07613675961678325,8,-481.91300000000047
Bonus Opportunists,21.0,0.333318676104473,0.4043411365808412,0.7493057113118334,311,-3807.5514
Casual Regulars,,0.0959535930846157,0.20460683050792372,0.044133217228186895,2,304.3284
High-Value Core,120.0,0.3259845648284405,0.10987136011818145,0.014275096656013495,0,5067.4792
High-Value Core,179.0,0.10233604457972065,0.24119295706612023,0.049011605688467755,2,-1648.3439999999996
Early Churners,,0.0865334123804789,0.3346381502763833,0.4505583079679002,202,-955.6094
High-Value Core,119.0,0.18647403446159502,0.1233632835789081,0.00536548159905645,0,9365.862200000003
Early Churners,66.0,0.16388483408206805,0.18809326309795,0.2947594797292024,202,-1044.3888
Early Churners,,0.20411129878105225,0.2037325457522,0.516573539467254,211,103.77520000000004
Early Churners,,0.10126826368268213,0.26537330534179415,0.4480727102626975,202,-1138.6162
High-Value Core,174.0,0.2247586876737367,0.15784039045531115,0.04689092111518084,0,-2251.1146
High-Value Core,148.0,0.1943813728427931,0.14314066205267958,0.08016168811837951,0,3190.5518
High-Value Core,132.0,0.09644693478076796,0.21129550136563738,0.09519331286398243,0,3148.4985999999994
High-Value Core,123.0,0.12875030416654262,0.11665269840739734,0.0,0,8539.73
High-Value Core,94.0,0.46108794160555233,0.13810854833351915,0.1179443491079586,3,2584.1406
Casual Regulars,267.0,0.1129332802425313,0.22429729897280387,0.06788924997096414,10,-1358.3082
Casual Regulars,,0.11160794092826525,0.20206785856444634,0.11381643427781445,10,-1895.1756
Early Churners,136.0,0.0887731464691238,0.23060819867683774,0.5071924090373675,206,-4945.4134
High-Value Core,177.0,0.15877298006916515,0.16112336027286744,0.0935380917694433,0,-7326.1884
Early Churners,,0.1970473221454254,0.3162447674592555,0.5094038261215725,211,-160.1461999999999
High-Value Core,215.0,0.17838892113021224,0.21093191156977895,0.05996849287387693,0,-7640.0522
High-Value Core,303.0,0.17210180801842376,0.17607861008018935,0.042739190883499485,3,2053.9832000000006
High-Value Core,181.0,0.359043802943066,0.12276987079513368,0.14303411609778666,1,-3925.0798000000004
Early Churners,,0.10364922802314981,0.2636335659202358,0.43789006378907447,202,-616.0923999999998
High-Value Core,154.0,0.20270324705944062,0.11121309866877353,0.011313582708150754,0,4251.906200000001
High-Value Core,90.0,0.4589395648469704,0.17024126290115654,0.018530208847937112,1,9572.656600000002
Early Churners,,0.4967592662432681,0.24466497242183552,0.5533936625986212,207,460.624
High-Value Core,146.0,0.263523680806936,0.13835969001632722,0.08155027594653035,1,-2675.1335999999997
Casual Regulars,,0.6819853292675988,0.3193518764457326,0.014723139677430856,0,-1752.7894000000001
High-Value Core,,0.1838708119140303,0.16756979964478896,0.0468542306562056,1,780.9559999999997
Bonus Opportunists,1.0,0.14604365295864866,0.6365794539689541,0.6823805183334974,313,-1958.638
Casual Regulars,,0.2354947556993274,0.19757711164397607,0.03727511891003175,10,-95.40839999999997
High-Value Core,74.0,0.3968208915544813,0.12795461022293356,0.008915602499972013,0,18988.4724
Casual Regulars,,0.16962299001011966,0.23136707077929006,0.11572895607686719,26,-573.1067999999999
Casual Regulars,,0.10760206375246247,0.2429003521337691,0.016736937334263943,3,-418.8717999999999
Casual Regulars,,0.10628193739279053,0.15929222359053388,0.06927546981968644,11,-1990.0958
High-Value Core,94.0,0.4592051046600312,0.1421912011632746,0.008975994903525287,0,16144.709599999998
Casual Regulars,297.0,0.21955151375543516,0.16041789251653527,0.09382920943925332,1,1258.7312000000002
Casual Regulars,,0.01318194784700906,0.26692848349207043,0.12410596984042699,20,-538.4137999999999
High-Value Core,201.0,0.1969349885066407,0.1165671407711476,0.08602134714040431,1,-318.77099999999973
High-Value Core,111.0,0.40622880948812784,0.122887802171991,0.10335732201330738,0,-1764.038199999999
High-Value Core,92.0,0.267319980576034,0.0971872787657929,0.00903018054416017,0,6348.2098000000005
Casual Regulars,,0.5704678223479411,0.2385162684640449,0.02825057113055424,1,261.88699999999994
Minimal Engagers,,0.0,0.2711310447155526,0.18892997225501987,20,-1581.1496
High-Value Core,67.0,0.18848189138220225,0.10341436948535068,0.026494728036197103,0,19334.648399999995
Borderline Opportunists,,0.5448980335829329,0.21362811767058953,0.0,3,-2188.541
High-Value Core,,0.3904207207370958,0.10850093976311005,0.13273353730452597,0,-245.2883999999999
High-Value Core,96.0,0.18170474722404684,0.141086247765952,0.0105017746849662,1,13558.3214
High-Value Core,174.0,0.11357771640240326,0.16769105713218557,0.06350239090112521,2,-113.13039999999955
High-Value Core,,0.17695699166406695,0.12997710453140612,0.09887130331234625,7,518.9070000000002
High-Value Core,112.0,0.13557738528235527,0.13173870033313292,0.07120402183051831,1,-29.403599999999642
High-Value Core,92.0,0.3839103805956728,0.12140378284212582,0.009946532038379778,0,14737.5082
Casual Regulars,,0.12587014743937572,0.17992514421229944,0.05719443325180635,3,-1543.2538
Casual Regulars,,0.12843760236875335,0.24161328985113154,0.06548923385502305,10,-445.37520000000006
Bonus Opportunists,,0.22027046982483253,0.539229580637956,0.8819861339569539,311,-543.6082000000004
Borderline Opportunists,,0.6861209015183445,0.4692892204611461,0.5583448883893575,211,-107.09839999999997
High-Value Core,284.0,0.1351609191898172,0.13298026483884198,0.05802666279628215,0,-10578.6544
High-Value Core,133.0,0.15472782091300366,0.13444403627903176,0.10598514687502764,0,-957.3726000000006
High-Value Core,297.0,0.15166224898817884,0.13092811040603733,0.04621398606329346,1,-10382.0822
Early Churners,149.0,0.5621982242151028,0.2875283826523092,0.46952893520969896,201,472.6178
High-Value Core,,0.5571562056790268,0.1629464651724185,0.06093697715165454,0,108.86740000000009
High-Value Core,57.0,0.5314548826278566,0.20224652582723904,0.09648094559900078,0,3566.5356
Bonus Opportunists,1.0,0.4500233128764356,0.4355470260948333,0.6536873502102308,182,-2343.762
Casual Regulars,,0.2671697856097849,0.18946304711536613,0.0,32,-1265.7592
Bonus Opportunists,1.0,0.1923691792269536,0.5392682741838187,0.8469533167763967,219,-2700.3188
Early Churners,,0.20291170137028688,0.19929034080817432,0.4955998522180235,210,-1436.7622
High-Value Core,99.0,0.1740736983587229,0.10567354213105233,0.00994562136849514,1,14619.7994
High-Value Core,119.0,0.14453318907748697,0.16403800200871213,0.09124003381042667,3,1122.6902
Casual Regulars,,0.05304239157912806,0.3158759195580903,0.11297223850792512,2,394.7862000000001
Casual Regulars,,0.572021262865965,0.24230941421043425,0.07084710862091217,1,-1387.7884
Early Churners,,0.1087172116499319,0.2186363027272758,0.4304112031883519,201,-2232.3617999999997
Bonus Opportunists,3.0,0.4484831482631052,0.3693416924311273,0.8247187288180076,308,3108.5376000000006
Casual Regulars,,0.14470158510426873,0.221666504076429,0.0200766167995011,6,-924.4739999999999
High-Value Core,156.0,0.12145535884526884,0.1523975337126557,0.07636035139659827,0,533.1493999999993
High-Value Core,255.0,0.4022013273894517,0.1535250798104261,0.0408377743626719,0,-996.4567999999999
Bonus Opportunists,37.0,0.30283750994751446,0.5346558483910401,0.8420985872481412,309,-4784.0684
High-Value Core,196.0,0.26092262521029974,0.14262062829004568,0.0,0,-5515.942999999999
High-Value Core,293.0,0.12556623167323339,0.159442633856873,0.07896845894876882,6,1890.1674000000003
Minimal Engagers,,0.11605965408203361,0.4547859602723183,0.24985032989143513,43,-505.5724
High-Value Core,143.0,0.4690629694849146,0.17687403597608278,0.08974413938880924,0,975.1874000000007
Early Churners,,0.11090326922267615,0.16928647538299546,0.7044433283212673,229,-91.49380000000002
Bonus Opportunists,,0.31831170591778113,0.4500937592123629,0.8964044466735047,309,-567.0555999999999
Casual Regulars,,0.22779878803517356,0.2214599439943771,0.155576476216971,0,-1204.7352
High-Value Core,102.0,0.3250995692623106,0.10118874234898989,0.0,1,11188.859799999998
High-Value Core,204.0,0.49480479076355227,0.14580091066163922,0.06670086623741654,0,2270.9912
High-Value Core,99.0,0.26696782245950623,0.0985598675476479,0.006528762183343894,0,9348.0142
High-Value Core,121.0,0.17478909281452526,0.1255889957942592,0.003137914362406296,0,3991.6939999999995
High-Value Core,197.0,0.5058908652472947,0.19254780413794415,0.056835013813725764,1,-35.03199999999924
Early Churners,,0.17016658283528835,0.281155054765984,0.6231591173380723,201,-1060.4107999999999
Minimal Engagers,,0.040849509773444245,0.3278261290457917,0.5797459526235974,203,-552.0276
Early Churners,54.0,0.1761716132685659,0.2506218762654266,0.43972498962805795,214,-1106.3361999999997
High-Value Core,81.0,0.1576829658881551,0.16304269715004932,0.09285188175469906,3,1217.3576000000003
Bonus Opportunists,,0.3038330863361995,0.4553766320353424,0.8316776994302169,138,759.4182000000001
Bonus Opportunists,8.0,0.2538166365623034,0.48627377154109697,0.6679767549472457,155,-5633.910599999999
High-Value Core,86.0,0.19712637666457927,0.10879386430917985,0.005212870315849868,0,16464.778600000005
Minimal Engagers,,0.23773622197196323,0.3730313691981529,0.5780899038332864,202,-1411.4248
High-Value Core,108.0,0.16374207736314736,0.15338874496714225,0.09917490033973338,0,-261.009
Bonus Opportunists,0.0,0.3337944563205057,0.4315945669524957,0.8485394721493252,134,-858.7374
Early Churners,,0.6283126016777548,0.3003420583883347,0.6316561323840945,217,-1504.7505999999998
Early Churners,,0.6806986185390017,0.4698673846878435,0.7816223869336016,205,-792.0406
Casual Regulars,,0.1578768175843036,0.18036350881078722,0.12447013063633262,1,-181.62940000000003
High-Value Core,106.0,0.292767095562242,0.09843121676291523,0.0,0,7429.068000000001
High-Value Core,264.0,0.13531449267232895,0.13523261982310497,0.10824256370923212,1,-9847.180199999999
Casual Regulars,,0.6170154319244213,0.2669007355598401,0.11588838995884151,1,-1941.5358
High-Value Core,90.0,0.18221806628224502,0.1111766908499673,0.0025394364739487617,0,11097.223399999999
Early Churners,,0.2033515989662072,0.30708266065219325,0.5499594416433244,206,-392.6242
Bonus Opportunists,0.0,0.36367740996656744,0.38060929639727137,0.75961070764733,126,-743.637999999999
High-Value Core,59.0,0.3911790845411516,0.1271923252510669,0.09800567853379367,2,1649.4514
Casual Regulars,,0.42643956103152186,0.1578650760486741,0.18213368091565404,2,-862.4355999999993
High-Value Core,348.0,0.15576860228805242,0.21581149062685184,0.07919180649026675,2,1180.7875999999997
High-Value Core,203.0,0.18126193427313866,0.14913909070860887,0.14020851110672572,0,-7812.011
High-Value Core,181.0,0.38654213692053563,0.12536589445244964,0.00436635323770498,0,-2653.8430000000026
High-Value Core,,0.15643416561560577,0.17308079264768447,0.06844465886590652,3,0.07140000000026703
High-Value Core,78.0,0.35918750637604147,0.13338455643410477,0.011838009334765589,0,16153.472399999999
High-Value Core,278.0,0.1772222497885218,0.16088067047256827,0.08689076429130099,0,-10173.3442
Minimal Engagers,,0.1431052681874252,0.3544891628201181,0.015146066202672646,9,-425.8298
Casual Regulars,,0.5603832656358462,0.2703120122535668,0.04672867853939431,1,408.41139999999996
Casual Regulars,,0.1130921609354566,0.35233058164847497,0.11464612662512504,4,-80.04000000000008
High-Value Core,72.0,0.36244593797977975,0.1193489050817364,0.022162772370318,0,15521.509800000003
Bonus Opportunists,32.0,0.200399295096873,0.6445322039371866,0.7892007305569705,306,1124.2582000000007
High-Value Core,85.0,0.5210159344328946,0.157829632230312,0.05329836588004572,0,1588.8308000000002
High-Value Core,121.0,0.4500073974739,0.13763915491147757,0.004334660911185555,2,6515.711800000001
Casual Regulars,,0.18600838127707936,0.22198829097719616,0.06292407131188295,5,-396.04999999999995
Casual Regulars,,0.1267750884110312,0.3592153744988786,0.022937215285425243,7,-1613.9306000000001
High-Value Core,102.0,0.1664554145083652,0.10217354958130177,0.015480627124387214,1,3953.5462000000007
Casual Regulars,,0.22235125766913433,0.14458188835550118,0.0,22,-2295.1742
High-Value Core,133.0,0.20098298691992963,0.13594558052838285,0.02941911617499029,0,12286.820199999998
Casual Regulars,,0.053938511374949843,0.35342471077798326,0.061459401360139866,1,-696.218
High-Value Core,139.0,0.18472718639090138,0.12830501654025267,0.09013637817840711,3,1743.0341999999991
Bonus Opportunists,9.0,0.46277095851927813,0.2787424670495872,0.8969733459512556,108,-8218.4278
High-Value Core,132.0,0.1515525706438217,0.15710448969306495,0.042990350199887034,6,-842.0775999999996
High-Value Core,97.0,0.15511801331857433,0.22063808405186755,0.09314141540533157,0,2129.3953999999994
Borderline Opportunists,,0.0,0.5037325441627788,0.0,7,-463.373
High-Value Core,204.0,0.1516202521782687,0.13502539909442995,0.016848483147791946,0,11440.623000000001
High-Value Core,108.0,0.27337443420313756,0.11473881463277694,0.008901611790612624,0,8689.840400000001
High-Value Core,47.0,0.14580273113573436,0.1699936667841396,0.11899675517788579,1,4470.503600000001
Casual Regulars,,0.10117935686217573,0.2791284095706311,0.07765780131386121,11,-615.1086
Casual Regulars,,0.04632918291903574,0.22439436065053212,0.0,10,-1568.1434
Casual Regulars,,0.12341414918975355,0.2682269804847126,0.014271392345344105,12,-626.8534
Bonus Opportunists,152.0,0.9889914145805152,0.5087575706853551,0.5984979875457856,212,-9391.498
Early Churners,,0.4615999495768018,0.21620661245175007,0.6828214710968072,206,-90.66460000000001
Casual Regulars,328.0,0.4608291417780666,0.12112325604054307,0.04386084724739098,5,411.1335999999999
Bonus Opportunists,13.0,0.4406430531599588,0.37865354111650845,0.6837721764234745,120,-7494.7634
Minimal Engagers,,0.22105900897519756,0.26952322837064585,0.30937087832548765,81,-1613.486
High-Value Core,107.0,0.14064292333097644,0.13463672950583166,0.006757109176157054,0,15256.215200000006
High-Value Core,276.0,0.45412246147432395,0.13946131300823458,0.0784356368011799,0,1345.1622000000002
High-Value Core,243.0,0.5782758932621084,0.2173341723547733,0.04362076535560438,2,1838.1352000000002
Casual Regulars,,0.006480143949657047,0.14683096935648168,0.09544878583545889,9,-134.76120000000003
High-Value Core,322.0,0.1081461071256911,0.13882471903130722,0.08130296538779164,3,990.2674000000002
Casual Regulars,,0.12363067194492974,0.12984533135109555,0.1678887043974919,4,-205.5866000000001
Casual Regulars,,0.1625043968564859,0.17845026398982813,0.13472415355170664,0,820.9730000000004
Bonus Opportunists,22.0,0.32173121328081267,0.4336262317499519,0.7681030126241756,126,-7809.545399999999
Casual Regulars,,0.1792650931749952,0.1984714914526614,0.0063230518289131505,0,180.83720000000017
High-Value Core,128.0,0.19947927757628456,0.11969860628018031,0.06580359095446575,1,1396.4604
Casual Regulars,,0.16804654744479897,0.18283354130869106,0.10924000007580607,7,-1966.8052
High-Value Core,120.0,0.17019838871205561,0.1443506236124601,0.10811382256978393,9,-747.2807999999995
High-Value Core,174.0,0.11016921722495715,0.16270626025473237,0.07722237622485544,0,-3845.7834
Bonus Opportunists,,0.23826000035002193,0.6002443247433058,0.7037089706140323,247,-143.01100000000042
Casual Regulars,,0.1192187665355536,0.24356497473629837,0.16438046859789815,4,-1304.8548
Casual Regulars,,0.5547330602158927,0.17666465135612092,0.05757900897385876,12,-484.8799999999999
Casual Regulars,,0.22850493901961963,0.1502373663227858,0.09362134382194316,0,269.4442
Early Churners,,0.5732961367775317,0.2308817546376613,0.6371056746553445,212,-820.8968
Early Churners,,0.14511929284689545,0.1854814540148869,0.38256305355999504,202,153.83880000000022
Bonus Opportunists,48.0,0.21605048826450146,0.6280862564931843,0.8811505852945545,118,-9324.2722
Casual Regulars,318.0,0.2446228888051105,0.1558032258727553,0.12032665392842416,0,1290.4368
High-Value Core,165.0,0.5074157467514767,0.22374515206915213,0.07730105573643599,0,-3155.2628000000004
Bonus Opportunists,13.0,0.958235153279538,0.6613441480713352,0.8501343515691286,198,-6189.007799999999
Minimal Engagers,,0.0,0.3614705916144001,0.0,9,-674.7434
Casual Regulars,,0.05007959342081695,0.19957973401556908,0.16694884465570403,14,-7.1118000000000166
Casual Regulars,,0.15335772042876475,0.2764473911234021,0.06420344603342144,10,2.176399999999944
High-Value Core,151.0,0.4369729905892333,0.1417969094916228,0.12086222086176401,6,-1973.4340000000002
Bonus Opportunists,5.0,0.9876341370247229,0.8416917471526768,0.6878819716797664,192,-1828.3397999999997
Bonus Opportunists,10.0,0.9740225457373171,0.46826386568841366,0.7720630397598964,188,-8870.7396
Casual Regulars,,0.10765703764905563,0.17207326890915814,0.04815832135719499,0,-343.5748
High-Value Core,99.0,0.46167906438715,0.15815815796658192,0.08857757276373002,2,-1280.8613999999998
Early Churners,,0.11680045896050932,0.28363330321625513,0.5102774917142747,209,389.66259999999977
High-Value Core,61.0,0.17999377462623428,0.11379627385595999,0.017684636800358363,1,16539.2982
Casual Regulars,,0.5399287080136683,0.2656971575794126,0.1375198200814421,1,162.2568000000001
High-Value Core,154.0,0.2262996734997944,0.14324974973456545,0.008515599916414008,0,-596.2092000000011
High-Value Core,140.0,0.14176006026169383,0.12768338767019752,0.0806813867642659,8,-2182.1546000000003
High-Value Core,92.0,0.1769778507818114,0.14886926194553823,0.08009854660178328,0,1118.4302000000002
Casual Regulars,277.0,0.129963257685918,0.19033455369882707,0.06425743982136177,2,-1178.8426
Bonus Opportunists,2.0,0.5189244743842385,0.36943136200070475,0.620981205628699,294,-1782.6542
High-Value Core,175.0,0.45881599213794466,0.15992532925004094,0.062338138554689886,0,-3492.5145999999995
Casual Regulars,244.0,0.19710726119823924,0.12508638520709336,0.03440767098263548,6,-4175.7198
Casual Regulars,243.0,0.1234365362039119,0.15663047972227734,0.04154313495300821,4,-4290.748
Bonus Opportunists,0.0,0.2512390666596954,0.554078943893954,0.8898265969403154,259,1589.1666
High-Value Core,82.0,0.17330956280143722,0.11609583538832,0.004242723558533079,0,15785.877400000001
Minimal Engagers,,0.25118107413008006,0.14399439177533027,0.0,4,-248.58259999999996
Casual Regulars,,0.07411056188279005,0.1785619028148371,0.010393530811852153,6,-634.903
Early Churners,,0.07819789751532263,0.3029554182034786,0.7447250838488199,225,-1234.9894
High-Value Core,97.0,0.19235991757012583,0.12939756314377762,0.0023067178520412746,0,13377.765000000007
Casual Regulars,,0.17759576410722677,0.2952084921866715,0.1353705451114176,1,-857.6532000000001
Casual Regulars,267.0,0.19499744369740946,0.10475659765475231,0.07101739179791758,1,1323.8724
Bonus Opportunists,,0.5077097675205842,0.3265412345843352,0.8610835035933512,175,572.7433999999998
High-Value Core,152.0,0.5170011875746219,0.18987000634951023,0.044176186931615916,4,-1644.3642
Minimal Engagers,,0.09850405278256541,0.5965542973503337,0.1503284523463554,8,-560.9844
Early Churners,,0.10870771609637693,0.16210935614982316,0.47145870690305103,204,-23.531000000000063
Casual Regulars,,0.3775090736526396,0.1397219443692067,0.009586184282764046,3,-68.1303999999999
High-Value Core,108.0,0.43325005327807525,0.15530486192905077,0.09128888354848606,0,692.9840000000004
Minimal Engagers,,0.2238538796437773,0.19315013650901278,0.06749947257046778,11,-2043.581
High-Value Core,65.0,0.16946701297687755,0.11412116867884066,0.09900784891413213,1,156.35220000000027
Early Churners,,0.2587057360055287,0.18410021133133392,0.6372013821700069,202,-114.75
High-Value Core,212.0,0.15170207459151383,0.13963223420912454,0.05317800898119067,1,-7751.4054
High-Value Core,273.0,0.15407668341152947,0.1821356450266035,0.08223119961279078,1,-10176.955199999999
Casual Regulars,,0.12793076837840262,0.16657947280070065,0.07963640719535031,7,-86.35860000000002
Casual Regulars,,0.5279361224625531,0.19410595995333405,0.14252345937406746,3,79.60039999999992
Casual Regulars,,0.0,0.3559257889828273,0.007255668542686332,12,-2115.8544
Minimal Engagers,,0.8086646296934298,0.42776919816785053,0.1989334489716921,65,-549.6462
High-Value Core,244.0,0.11736355459298935,0.19422192764891555,0.05277020281616511,4,-9647.355
Bonus Opportunists,14.0,0.4133776180959092,0.4396739197985514,0.8994409722623353,307,-768.78
Casual Regulars,,0.5358332066816807,0.2838126010522866,0.0798890591594375,17,-367.0658
High-Value Core,232.0,0.25128340473472466,0.1949346764420627,0.07742490098769737,0,-2287.2065999999995
Casual Regulars,,0.16727571146529518,0.24577171574736634,0.04657647122570654,4,-962.1306
High-Value Core,73.0,0.180395195458735,0.11165916704688819,0.006092288070732003,1,23594.366599999998
Casual Regulars,,0.1767821451272376,0.14436684943241768,0.07207939199887763,7,92.60379999999986
Borderline Opportunists,,0.0,0.5885868682492463,0.14084067151234286,26,-2386.1186
High-Value Core,148.0,0.3821294432754536,0.11359270361612617,0.07108676779441565,0,-1276.8464000000004
High-Value Core,,0.1773863302796992,0.13546486309149522,0.0628746895999942,3,283.4890000000005
Early Churners,,0.13079045594782956,0.15868912387921466,0.5773792412413634,201,625.3490000000002
High-Value Core,94.0,0.1963900406949103,0.09958083797293915,0.0024871555051009958,0,21084.001800000002
High-Value Core,50.0,0.1521012356708203,0.12571454008072114,0.017722802429267447,0,24176.683999999994
High-Value Core,325.0,0.10169962116044012,0.15788356206779763,0.10763496692902397,2,1171.6757999999995
High-Value Core,238.0,0.48718107179310766,0.16175307904092037,0.08372878908777287,1,-3905.8228
High-Value Core,172.0,0.1470996935562275,0.145782270245559,0.09519466760584087,1,-3795.5642000000003
Early Churners,,0.05857769505332435,0.16429477662223982,0.5221341445317091,227,-8.085800000000063
Borderline Opportunists,,0.1618558067184845,0.26788411786143423,0.09837307602756352,0,-1554.0448000000001
Early Churners,,0.06291222306183444,0.5182674450832384,0.4002192264153226,231,-1720.6782
Casual Regulars,,0.2533895464523542,0.30210298584065287,0.15821564680284658,7,-83.86900000000003
Minimal Engagers,,0.6223152738773696,0.3673160865763043,0.21085330242282876,12,-288.98220000000003
Early Churners,,0.13254961581327618,0.2731286242230103,0.5916719734896225,202,-439.0594000000003
High-Value Core,219.0,0.12689333629126964,0.14266306347650268,0.014114535135017783,4,-4181.0242
Casual Regulars,289.0,0.11663806031628705,0.14901508677237105,0.09039709410329584,0,-4217.317800000001
High-Value Core,190.0,0.15116034697869574,0.1285627359920661,0.08792004493249297,2,-706.6596
Bonus Opportunists,2.0,0.3189005164889926,0.43610101636944265,0.6946339605484377,108,-703.1935999999996
Early Churners,,0.08028947967649114,0.3555905589448664,0.4573951460437759,204,-1874.5052
Early Churners,,0.389943732911165,0.2293596561377415,0.5041998137751628,207,-64.42420000000004
High-Value Core,,0.19734991263515542,0.1732553062555508,0.13197974641291355,4,-150.61659999999983
Casual Regulars,,0.10807496897774402,0.2456525678382983,0.1139327627877825,23,-725.1796
High-Value Core,96.0,0.18604267768936017,0.13132326206936604,0.002022956573261692,0,6805.024600000001
Casual Regulars,,0.5821027702739672,0.1704651785295851,0.13909788998604042,4,-373.9011999999999
Early Churners,,0.6378274970012008,0.2970277012070726,0.6411212960057481,200,-1913.5585999999998
Casual Regulars,263.0,0.39754345166371646,0.16033130067252874,0.03386020001295886,0,-1030.7351999999998
Casual Regulars,,0.09429043084478902,0.22083989175208646,0.07402202165112695,7,-1873.9754
Early Churners,123.0,0.15673010594542222,0.24606537141420792,0.5149471033133907,203,-1305.8738
Casual Regulars,,0.018269707780466462,0.4324842765014909,0.05993965169881742,3,-2144.8422
High-Value Core,230.0,0.1965275240738098,0.15327885889414863,0.07048120905918777,5,1825.7273999999998
Early Churners,,0.5092775216044011,0.239055856691101,0.480442181716814,207,-1371.7086
High-Value Core,204.0,0.17100553183561687,0.14728367408361326,0.07973165167917985,0,-7466.1402
High-Value Core,131.0,0.5732423014029912,0.21739640909040886,0.07079377396114273,0,2004.8242
High-Value Core,79.0,0.35536842794701146,0.12194090492099519,0.0804290625133716,0,3384.1705999999995
High-Value Core,198.0,0.3091490297059076,0.10366873073076774,0.08867294552143432,3,-3308.9390000000003
Casual Regulars,,0.11394851158524881,0.23668034179800945,0.14795759777608727,1,-1096.7350000000001
Casual Regulars,,0.5093743091050156,0.2735903402771615,0.06233078623951718,0,131.8406
High-Value Core,335.0,0.13230004455655628,0.16689482655773819,0.04160073577747979,3,1135.4771999999998
High-Value Core,360.0,0.2433562847347036,0.1396030273470319,0.17045850966430964,1,941.9188000000008
High-Value Core,,0.429713803403657,0.1570772505334152,0.07680092652092016,1,98.4387999999999
Casual Regulars,,0.1493530311615075,0.17903779686943214,0.07117780696784255,5,58.6715999999999
High-Value Core,211.0,0.16980120381646618,0.1509086865394221,0.07304680215129938,1,-7805.205
High-Value Core,244.0,0.15750623048552068,0.14214475303455504,0.11511540540057197,1,-10050.965400000001
High-Value Core,358.0,0.13371370579548292,0.1495583710481989,0.07973714648922595,2,811.2589999999996
High-Value Core,146.0,0.46478048836839503,0.14743639884475665,0.09040216500424539,1,-1206.6764000000003
High-Value Core,239.0,0.1366669666320635,0.1362231250101963,0.05283751195844194,0,-8066.236000000001
Bonus Opportunists,,0.9518747296209515,0.5632902165593169,0.5097509770881049,311,354.1859999999997
Borderline Opportunists,,0.24584102981563835,0.22968648033484462,0.09491536340629168,0,27.2346
Bonus Opportunists,21.0,0.34224692163930287,0.42973175123779045,0.729962193949659,107,-8743.847399999999
High-Value Core,94.0,0.41674088000830944,0.13448476844939905,0.02957717875516405,1,6310.104600000001
High-Value Core,308.0,0.2117649278533457,0.22059453507925664,0.056140458262792604,0,1446.4754000000003
High-Value Core,124.0,0.1794395047900309,0.12583394906948273,0.011879938181647422,0,6089.021400000001
Casual Regulars,,0.1152675729299918,0.31104850646068916,0.05718188750881805,1,-1886.1236
High-Value Core,137.0,0.25398663661078646,0.11542647704306527,0.08606537730993691,0,1201.6678000000002
Casual Regulars,,0.3349244667493446,0.17850403110117172,0.0,13,-1489.2361999999998
High-Value Core,105.0,0.3692654739847217,0.10641089365966569,0.0007035401730075469,0,9711.052000000001
Early Churners,,0.12604605458142976,0.2866966016924465,0.5631887283457435,201,524.9174
Minimal Engagers,,0.18063546864009186,0.1838423649817207,0.3345365956916713,203,-286.46939999999995
Bonus Opportunists,1.0,0.45412929723624085,0.37871719467300985,0.6974180656242809,215,109.93319999999949
Early Churners,,0.028345432530891286,0.2960171949934862,0.6010552287598978,202,-1956.9546
Early Churners,,0.0823908988990437,0.2757781330935916,0.43255114289010926,217,-270.91679999999997
Casual Regulars,,0.1133490543126003,0.2560225481592411,0.09809263584198057,0,-41.796200000000226
Casual Regulars,,0.16966460309447265,0.2540358226390522,0.09823979011058685,0,-1448.3078
High-Value Core,164.0,0.4383907148199601,0.16508672984532646,0.09005476396932836,3,-2495.1846000000005
Casual Regulars,,0.07786497780844871,0.31558804230852777,0.059992234384546435,0,-709.6332
High-Value Core,239.0,0.18182897271763107,0.11868691669938924,0.07193285367168865,0,-8457.1158
High-Value Core,202.0,0.13380759169871792,0.1641874588962507,0.06978984211530795,1,-7199.554
High-Value Core,236.0,0.3070496871520702,0.11185250929354562,0.08650984669177232,1,-4308.6338
Bonus Opportunists,3.0,0.4802357391501892,0.3792708976548404,0.6448315919836409,223,-3998.1816
Early Churners,27.0,0.20312502095012328,0.2328721126820266,0.61576267164017,206,-1008.3619999999999
Casual Regulars,,0.1883149762316131,0.1189257940986796,0.04310295653070424,4,-1180.0045999999995
Casual Regulars,,0.05429029082270301,0.17270229024185788,0.06052597267934055,6,118.18420000000003
Bonus Opportunists,,0.1747840175965165,0.6936172790616814,0.7274398034050861,309,-901.482
High-Value Core,90.0,0.40643824464109646,0.12645353914225957,0.005414917603545695,1,16750.906600000002
Early Churners,136.0,0.11380126835723417,0.23907492685642978,0.4876963813379143,204,-3024.5448
High-Value Core,114.0,0.132775292193003,0.11858520846136335,0.0028463257871777963,0,17035.777199999997
Casual Regulars,,0.3633181007314795,0.12084027931969892,0.07265225498628783,3,-896.5483999999999
Borderline Opportunists,,0.3969552116748527,0.2829318256264483,0.8075460125685748,210,-689.134
High-Value Core,145.0,0.12314301461115353,0.164285437314167,0.07588458312897749,3,-87.54160000000047
Casual Regulars,,0.10223137383142315,0.2130451703401772,0.09072116531984828,2,391.3982
High-Value Core,94.0,0.1922543590578152,0.12196871442919396,0.024588127176880074,0,12279.7536
Casual Regulars,,0.31418533751877165,0.18863292233366002,0.1698884129056072,5,-58.47419999999988
High-Value Core,97.0,0.1755283362867012,0.11167084969336598,0.0076580081613156275,0,21406.032799999997
High-Value Core,273.0,0.1842529414751159,0.16000767503883992,0.03394809672357898,5,-1037.2926000000002
Early Churners,,0.21437446139340183,0.2791680619001253,0.4504937043096292,212,-352.9334
High-Value Core,177.0,0.17096570405545894,0.13989876742878496,0.06740279678142677,0,630.9893999999995
High-Value Core,78.0,0.1999838390414937,0.11906102839063835,0.011083214444731171,0,19142.852800000004
Bonus Opportunists,0.0,0.975529417727971,0.6660118641482624,0.7870131085717179,308,2139.3002000000006
High-Value Core,136.0,0.1749178176073598,0.16472039841408748,0.09685834840879072,1,13.798800000000028
Casual Regulars,,0.07197448669916227,0.21777506379296607,0.11524094591583738,3,-973.2626
High-Value Core,158.0,0.23673435876066765,0.14628402023938378,0.056523056665413775,5,218.51540000000023
Bonus Opportunists,11.0,0.38062647637099173,0.49647389560970256,0.7983116209551562,153,-7558.18
Casual Regulars,,0.07231267974306428,0.20626421534443407,0.10862077872875373,27,-1521.2688
High-Value Core,176.0,0.43741092065123804,0.12023009258169515,0.048257076108535135,0,333.08600000000024
High-Value Core,173.0,0.365616051493555,0.10377604058694032,0.005856778061294198,2,-2120.613000000003
High-Value Core,173.0,0.5447059880372621,0.1988354048276709,0.033879101299218506,0,-3158.7563999999993
Casual Regulars,,0.4130932135485059,0.1598885641902981,0.03258144913808981,2,-765.5336
Casual Regulars,,0.10652541099647306,0.1913985878683102,0.09198212945545799,0,20.861200000000053
Bonus Opportunists,0.0,0.5338761986459369,0.29787296564183474,0.8842888351229305,106,-5228.689399999999
Casual Regulars,,0.05775865603204015,0.19973869880850775,0.06967266360900944,8,-753.6346
High-Value Core,151.0,0.4618726760249813,0.14329423742054914,0.04806767551112933,0,3050.8568
Casual Regulars,,0.22553221781546332,0.15168050725896098,0.06216856295377622,0,372.09259999999983
Casual Regulars,,0.025695410768936996,0.2520469731522854,0.020493874308598118,20,-120.8427999999999
High-Value Core,73.0,0.2170949739392777,0.20334825913107285,0.13717395271521332,2,1211.9845999999998
High-Value Core,109.0,0.15681891496859426,0.14358706172847163,0.10212781663094637,4,3868.0815999999995
High-Value Core,180.0,0.12966786085311435,0.13216463859944466,0.04318788014310953,3,-3279.0557999999996
High-Value Core,53.0,0.1828768276554161,0.11711625661837488,0.015501955700399358,0,25909.4182
High-Value Core,339.0,0.4292579129283748,0.14949835260761435,0.06170020162618981,0,673.3890000000001
Casual Regulars,,0.11071667366794027,0.3162783098309523,0.04805667730558197,5,-482.0172
Bonus Opportunists,20.0,0.1705451006483456,0.6774889333003858,0.7644196746312151,247,-2850.7762000000002
High-Value Core,145.0,0.179337581351468,0.1264386285182064,0.010868055741601178,0,1861.5236000000004
Bonus Opportunists,10.0,0.4589504396329772,0.3486803909049764,0.8535432119572398,227,-7558.7804
High-Value Core,162.0,0.16375850830136385,0.18010670643338728,0.039140547572138085,0,-107.2485999999999
High-Value Core,,0.15845053511748916,0.15441258222254475,0.14305402664185565,4,773.1283999999996
Casual Regulars,331.0,0.17015778192964667,0.13325702803235448,0.09241611533437578,5,457.10580000000004
Early Churners,,0.03967366850286733,0.24552228229889803,0.5299375197097858,207,-136.39780000000007
Casual Regulars,,0.2242851281713354,0.21385199380098333,0.12566953481681903,6,-15.365399999999454
Bonus Opportunists,0.0,0.933540585639406,0.5448350984420597,0.7608331970480777,128,3577.938000000001
Early Churners,,0.11961327859641702,0.29432780532869224,0.6206293179224247,208,321.61400000000015
High-Value Core,215.0,0.14546950875782036,0.1595285110661866,0.042144422594984236,1,-318.76940000000013
Minimal Engagers,,0.13600713077594678,0.40236736395262945,0.15711999941551016,91,-990.5028
Casual Regulars,,0.4821425429082719,0.18947375323000362,0.08304429058550837,1,-95.17720000000008
High-Value Core,,0.10999484394384171,0.171071070043799,0.14390659562134034,4,608.3480000000004
High-Value Core,209.0,0.1237269926355522,0.13089464325523018,0.07724097315889773,3,-7668.3664
Early Churners,,0.09093934918130801,0.3722894665860028,0.5887577226747228,201,-126.21399999999994
High-Value Core,,0.2108506067078424,0.17122835495164823,0.0925941914091831,1,703.3692000000001
Minimal Engagers,,0.3412912085430086,0.2180267268918431,0.05139040718422217,16,-511.4504
Casual Regulars,,0.226688946212637,0.18335299690834983,0.039121220548326154,4,-782.876
High-Value Core,301.0,0.15453470932011185,0.17538521450896824,0.093227285134012,0,1196.1722
Early Churners,,0.12795960855623162,0.2917575521590174,0.6278695260366659,202,506.6714000000002
Early Churners,,0.18346833883026362,0.2668995473273059,0.49709702054151156,204,-720.4884
Minimal Engagers,,0.0,0.33005301123144903,0.626672274208811,0,-1609.78
Early Churners,,0.059254182816692626,0.23112799429455666,0.2800346004632135,221,-1637.9265999999998
Bonus Opportunists,0.0,0.2743418290473376,0.5530405445202851,0.7613519332401374,308,628.3060000000005
Casual Regulars,274.0,0.1834412622505854,0.13671313895192072,0.10795383263697028,0,1272.0078000000003
Casual Regulars,,0.503876334695056,0.2307841359881706,0.10566240120053924,4,167.1160000000002
High-Value Core,221.0,0.4181312134113123,0.16675504325120188,0.08147902608876116,0,-8330.69
High-Value Core,334.0,0.11973261007560286,0.23209834406891808,0.02680374537709461,2,819.1862000000001
Casual Regulars,,0.6492715308729441,0.4059516408589396,0.017662998597849273,4,-348.82519999999994
Early Churners,,0.2560389351238683,0.25323121747953,0.489753232478901,211,-504.0595999999998
High-Value Core,108.0,0.15575598873605254,0.14554543643536527,0.07066920959908517,3,3008.6844
High-Value Core,307.0,0.17594375194448997,0.160360632679182,0.06789789362040996,1,-10582.8798
Bonus Opportunists,4.0,0.5876763954243268,0.336572097870658,0.6153060260848832,157,-1946.958599999999
Casual Regulars,314.0,0.5309595787833261,0.2579475290590841,0.05664534374154564,4,-1503.391
High-Value Core,56.0,0.15028663251542515,0.15178047475049533,0.11028166840956415,0,2163.8812
Casual Regulars,,0.26492708329679615,0.18388619582989796,0.02625860671981817,4,-1915.7672000000002
High-Value Core,78.0,0.15905070314134562,0.15333105118045087,0.06770244608411882,2,2210.7456
High-Value Core,178.0,0.17496502652799847,0.14742334808164678,0.16452748237993403,0,2490.108800000001
Borderline Opportunists,,0.1274994451841988,0.235448737349833,0.1440246338215712,3,-283.712
High-Value Core,149.0,0.21079653007297353,0.16567577509000886,0.07115238257174897,1,337.0855999999999
Casual Regulars,331.0,0.09760131522179812,0.19524880575326098,0.07709240328451004,9,1037.9274
High-Value Core,92.0,0.12036186840726674,0.1845890745931033,0.11010934740557035,4,-1789.6895999999997
High-Value Core,152.0,0.15156244926338608,0.22516500808384501,0.045211058419751454,5,3032.5116000000003
Early Churners,76.0,0.41595043019215916,0.18490720294182084,0.44419179047711677,206,832.5208
High-Value Core,136.0,0.2282928991941069,0.1284413802306676,0.06132224593904605,0,-2276.3664
High-Value Core,,0.14091947730741394,0.13274378522465707,0.07391483526248084,1,579.2453999999998
Bonus Opportunists,0.0,0.4943093267627738,0.37594496606497046,0.9335064076621082,265,4423.874800000003
High-Value Core,145.0,0.1568173082326045,0.11265382597632306,0.011915749057917077,0,21332.712800000005
High-Value Core,137.0,0.20062386473901378,0.11949199477619989,0.009507542035788668,0,7378.866800000003
Casual Regulars,,0.5394674484007278,0.15094668111723128,0.027700919243831848,11,-1165.7178
Casual Regulars,,0.11129532064964143,0.1992819730772616,0.049376447557801934,10,-6.841799999999921
Casual Regulars,,0.5770136562402686,0.2826710710777002,0.09509725749490479,2,-302.78380000000004
Casual Regulars,271.0,0.20386904597158798,0.1639178439793715,0.10277120841178006,0,-4293.4668
Early Churners,,0.4629239724946627,0.22721288321168392,0.5675183505162479,224,-1358.3888000000002
Early Churners,,0.14780458640369082,0.28714337753864944,0.5846721043959556,202,460.76139999999987
Borderline Opportunists,,0.1825301085518017,0.283181572472483,0.38823822673179614,202,-735.4476000000001
Bonus Opportunists,3.0,0.20859544460578675,0.6195478280109555,0.6972967958090742,238,2040.6178
Early Churners,,0.24957226197904456,0.25246531892512936,0.8839546965504886,301,-268.9006
High-Value Core,,0.43211002750687666,0.16255588426675346,0.12634920634920632,1,-500.5250000000001
High-Value Core,94.0,0.21171776651847748,0.1359115848004423,0.11584379601069768,0,-2373.987599999999
Casual Regulars,,0.048241348625394996,0.2094161283867779,0.04940579338819447,3,-1364.4276
Early Churners,,0.08717072097286614,0.2456500871618376,0.44543776550036857,203,-1721.9404
Bonus Opportunists,0.0,0.0687793880590355,0.8218186921107918,0.8105311843113882,307,-6168.1664
High-Value Core,144.0,0.14575647395427158,0.17842332172792552,0.055340563516092005,1,-1065.2438000000002
Early Churners,,0.07904806175406208,0.3286584374230604,0.48456398064305684,222,21.105600000000095
High-Value Core,178.0,0.1186871209372755,0.1982798437884973,0.16459371813566084,5,1896.7173999999995
High-Value Core,,0.4148237479931767,0.1320289648225117,0.07975882855667671,0,425.9162000000001
Bonus Opportunists,10.0,0.44278634587805,0.4781732702002439,0.7543615351096574,307,-4989.6578
High-Value Core,132.0,0.33743116531569467,0.109535523807757,0.003878438645232811,0,10251.0314
Early Churners,,0.2322828572851346,0.2962470269843924,0.7759956081380619,209,-1305.9954
Early Churners,,0.1876519043167639,0.29912191886518513,0.6417278386485802,209,-776.2470000000001
Early Churners,,0.13102899240438934,0.2843395184076152,0.4949989389500754,209,674.2096000000001
Casual Regulars,,0.1714273504657973,0.22355256318482203,0.09927637606253216,4,-2066.4632
Minimal Engagers,,0.6635548506511574,0.20005493027266702,0.0,22,-859.9044
Bonus Opportunists,,0.6167346613283375,0.27352696144614425,0.572552612000143,306,265.3406
High-Value Core,122.0,0.21898412346636625,0.1706767268953691,0.08835152399892829,2,2406.1901999999995
Borderline Opportunists,,0.0,0.26310239687918247,0.0,9,-383.59360000000004
High-Value Core,113.0,0.42973619733134927,0.1240826345662237,0.016549082552862956,0,12608.229199999994
High-Value Core,179.0,0.4615087307084444,0.18468149561345967,0.06527517734185655,1,-1516.4357999999993
Early Churners,,0.16709442401369626,0.27569616072458725,0.4646891952868592,229,-1932.4876
Minimal Engagers,,0.0,0.4534715209856578,0.0,27,-1726.6638
Casual Regulars,,0.5125614771483334,0.2456399128252031,0.016715689141226737,10,-714.3724
High-Value Core,205.0,0.25511235837452645,0.14973972746021244,0.0803100168622378,1,-2383.4495999999995
Casual Regulars,,0.20352743396239747,0.352512746846576,0.1670632735846058,7,419.31319999999994
High-Value Core,83.0,0.22706171452528132,0.14559354757473505,0.0008120143778575933,0,23750.5452
Casual Regulars,,0.4275274197469616,0.16811346589599072,0.12311263788935645,4,-1390.5104000000001
Casual Regulars,,0.11629694229381456,0.3053087974107033,0.08995486039838221,9,29.069799999999987
Bonus Opportunists,1.0,0.3697263010251146,0.40034690285613894,0.8497868155324598,146,-111.93920000000071
High-Value Core,108.0,0.27140233699166183,0.1204821452902949,0.007033377403269442,1,8866.630199999998
Early Churners,,0.08036955757578913,0.5122965240816119,0.5794179438455006,212,-1261.7564000000002
High-Value Core,57.0,0.18181949721970667,0.13124314715520574,0.030309177109946434,0,12995.733400000001
Early Churners,,0.12265833493547507,0.30377791358903866,0.3904837834039118,201,-453.88520000000017
High-Value Core,,0.43833611340121026,0.15222256729357667,0.14802489181446757,3,-2.101799999999912
High-Value Core,88.0,0.18813983819540067,0.10597134438112567,0.009133365623919426,0,8557.7292
High-Value Core,227.0,0.17861137916872374,0.14898762191620846,0.08474883367810737,1,1978.4166000000005
High-Value Core,106.0,0.18147752637644302,0.14287952863605463,0.07736440522080829,0,-1377.9265999999989
High-Value Core,183.0,0.15788514934727677,0.15297442622705593,0.04024372598266411,0,1526.228
High-Value Core,,0.43659664409118476,0.17221206945942824,0.0708970153251476,2,500.7765999999997
Casual Regulars,,0.0750602277761136,0.25815797837479376,0.022865452469210148,5,-517.1294
Casual Regulars,,0.1003906193817665,0.309634170124198,0.1401174616790055,24,-351.75739999999985
Casual Regulars,,0.6352817291501451,0.3279508137971341,0.04513661287809345,2,-1110.7458000000001
Bonus Opportunists,,0.2634755947896371,0.4881977482006886,0.7789583193100501,146,635.6902000000005
High-Value Core,172.0,0.1393588313645273,0.19079319125149638,0.036063542467713094,2,-2600.671
High-Value Core,112.0,0.15766148623958814,0.13465525888797586,0.09807832077600666,1,3284.9564
Minimal Engagers,,0.1459446987239652,0.2891078064204761,0.3879022598345503,272,-2382.4354
Early Churners,,0.756624663827962,0.2885536286946685,0.5376788082728797,202,-655.3383999999999
High-Value Core,148.0,0.17118291100638416,0.10084515401705835,0.0060150570408088735,0,6631.822400000001
Bonus Opportunists,3.0,0.9819295653149167,0.49349933526467205,0.8180305447171735,173,1957.1864000000005
High-Value Core,330.0,0.1390211807460729,0.12941823750150247,0.10539890745249515,1,1210.3048000000003
High-Value Core,152.0,0.4811878582785349,0.15723470008622586,0.1520201294142051,1,-1433.6088
Early Churners,,0.06752497078918915,0.2991315245765285,0.4504447967528533,207,52.11880000000008
Early Churners,,0.08668811017546216,0.29840228323059714,0.5411522461166841,204,-1323.0880000000002
Casual Regulars,,0.23168573680783866,0.2924671814497929,0.12599072365199707,1,-1410.5664
Casual Regulars,,0.08905374618172741,0.21603120842675155,0.013935250723604046,18,-840.3276
High-Value Core,,0.5070667460840044,0.1951135201725803,0.04796521721405023,0,429.4846000000002
Casual Regulars,,0.1411389262805774,0.22015567653201942,0.03055800077955201,6,-1195.3204
High-Value Core,204.0,0.231498085784459,0.111001987511021,0.0021239423186883138,0,-2146.1777999999995
Early Churners,,0.6402168626921276,0.30756972913308944,0.5434302875627374,203,-369.6755999999996
Casual Regulars,,0.1299955051439735,0.24943565650262087,0.1664634774114651,3,-462.82719999999995
High-Value Core,108.0,0.2128560055227244,0.14406380639161637,0.06766142092875911,4,-350.21340000000055
High-Value Core,168.0,0.48484959525885446,0.20354255520549996,0.03932488887670436,0,505.9735999999998
Bonus Opportunists,36.0,0.4441253486931794,0.3532408536763589,0.5179646416334298,176,-2146.0517999999997
High-Value Core,93.0,0.1961584053024935,0.13105117045197018,0.12020869766305348,5,2494.6843999999996
High-Value Core,187.0,0.14719347481692127,0.14102522734499748,0.006263488881711868,3,-3833.5404
Bonus Opportunists,48.0,0.3472419668035894,0.45425473079995893,0.392339554943824,150,-9875.7784
High-Value Core,152.0,0.17076596474740574,0.12054336212592391,0.046786384712478896,2,76.91059999999925
Casual Regulars,,0.13716856141129757,0.3681891973461181,0.06811950809738161,16,-253.1148
High-Value Core,88.0,0.34309736778285393,0.11194037451367547,0.005868971442920004,0,13244.439000000002
Bonus Opportunists,3.0,0.986096588857992,0.5443680480280747,0.7907495433482288,168,-6066.888
Casual Regulars,,0.16927435708942096,0.1534075049054806,0.10716874945555155,1,-627.8205999999996
High-Value Core,192.0,0.13583916867226728,0.1551326761631504,0.0056353518441716105,1,-3611.9831999999988
Bonus Opportunists,7.0,0.4446491212010482,0.43225513364623136,0.487253559222906,161,-2212.683
Bonus Opportunists,,0.5876695008615425,0.2770385609072973,0.5004750917427758,182,391.84320000000025
High-Value Core,184.0,0.13764194169063818,0.15851314363817054,0.05121829946818185,4,-7461.862999999999
High-Value Core,,0.1805434002774242,0.14037579945039041,0.05191144625860368,0,301.1174000000001
High-Value Core,196.0,0.46077711096431956,0.14821555989288,0.12514556169509716,1,1878.9773999999993
High-Value Core,,0.4114065516908143,0.12038553615822613,0.06512240965449521,1,-133.0703999999996
High-Value Core,88.0,0.1687795406301444,0.11525550178834151,0.010368255007724989,0,17140.0262
Bonus Opportunists,3.0,0.2958600680949067,0.5084311263086534,0.7674343390169273,162,-4230.329599999999
Bonus Opportunists,0.0,0.9903549536795185,0.5771724037906897,0.8088884939120329,115,270.1399999999994
Casual Regulars,,0.1258076543054543,0.28597256901235374,0.03558096526253853,4,-935.2736
High-Value Core,166.0,0.24516736896097074,0.1216813055856961,0.0765196832970847,0,-2860.5224
Bonus Opportunists,0.0,0.29276577539740944,0.554606580970539,0.9475660313646085,273,2215.765800000001
High-Value Core,126.0,0.19850743794260758,0.08819455845142664,0.005760026687741892,0,18704.762400000003
Early Churners,,0.47286366456294276,0.18636442149420127,0.6394045091761971,208,828.0840000000003
Bonus Opportunists,18.0,0.28675876018633095,0.5067144940211203,0.7823339411183627,315,-4211.8324
High-Value Core,321.0,0.160721942055523,0.11655934231127298,0.05507789634832726,0,998.0960000000005
Bonus Opportunists,5.0,0.5794793173220378,0.38395539527097267,0.8295661219096968,307,-6522.9864
Minimal Engagers,,0.046999820436048084,0.42305287269368275,0.0656128768233049,1,-2008.4248
High-Value Core,155.0,0.47494131077378104,0.16962728813039413,0.07117586437673565,2,1404.9926
Early Churners,,0.17073786069575286,0.3233571823416486,0.41197595703155016,212,124.6816
Bonus Opportunists,44.0,0.3912166674854706,0.3845464953049086,0.5003165186401834,226,-8034.344999999999
Early Churners,,0.07973885203177039,0.23453436556519663,0.5670347240367729,201,377.43820000000005
High-Value Core,72.0,0.401226409500452,0.13173672763214964,0.0073035131318694504,0,21768.403000000002
Casual Regulars,,0.12850154316401938,0.38896239438213187,0.013538300008331982,23,-413.48840000000007
High-Value Core,71.0,0.17497054556869995,0.10303014376902501,0.009367423906944356,0,16477.789600000004
Early Churners,,0.24991172513883225,0.24196295551052868,0.5280402786275618,204,16.823400000000106
Early Churners,,0.1123586273955934,0.2715159404792429,0.4992866862587458,201,478.1632000000002
Casual Regulars,,0.13945805253706184,0.2559495462196601,0.09412359237520972,3,-240.00520000000006
High-Value Core,189.0,0.13483745448682877,0.11953261103275047,0.09969861767943201,9,-299.6307999999999
Casual Regulars,290.0,0.541188756750009,0.2489401490556979,0.06368525496159735,0,-2523.6324
High-Value Core,,0.16576828187431364,0.16135330171567924,0.06843545437425917,0,-414.2996000000003
Borderline Opportunists,,0.615660680647749,0.4321191569083367,0.0694580809281865,2,-997.3166
High-Value Core,306.0,0.16667517111594948,0.15816230797974432,0.07697118636776329,1,947.5814
Early Churners,,0.181444208794607,0.3311742867581294,0.3969116495105727,201,240.68980000000033
Casual Regulars,316.0,0.10918260416454514,0.16366036870001163,0.07405273256245144,1,-1459.0795999999998
Casual Regulars,,0.05495575356075326,0.2790610401828115,0.12244490535977508,3,-2088.0718
High-Value Core,304.0,0.22700184989919417,0.11930348587390792,0.03651093752982906,1,-8835.1898
Bonus Opportunists,4.0,0.3329039503016893,0.39691379242477365,0.7892877540071691,177,1904.6886000000004
Casual Regulars,,0.20472443034078724,0.147862769478866,0.023806554662874246,4,-1747.7296000000001
Casual Regulars,,0.16443511065700717,0.20069473937743698,0.05893809032866541,0,-234.80399999999997
High-Value Core,76.0,0.1525999963269285,0.16159211392312645,0.13147613290263893,3,-2094.4442
High-Value Core,93.0,0.20496986308160908,0.11054629338417127,0.011841679809485549,1,18423.975999999995
High-Value Core,135.0,0.47847171163409896,0.19244133380565884,0.10910399921014474,0,920.2485999999999
High-Value Core,197.0,0.3446744806624552,0.10970320710252773,0.0092943560013979,0,-2049.1358000000037
Casual Regulars,,0.13912909410663601,0.2700980762649988,0.02323285764276955,8,-387.3738
High-Value Core,105.0,0.19141585824691243,0.11833843657024794,0.004083856985392585,0,11964.985
Minimal Engagers,,0.7869994469351973,0.6473523481509108,0.0,34,-1066.0076
High-Value Core,94.0,0.18058223062221138,0.11430005166898213,0.01767919976783836,0,14028.608
Casual Regulars,,0.05590583394788064,0.3164616566864485,0.07029732317849496,28,-67.62980000000005
Early Churners,,0.06947580899514288,0.2743336086244789,0.6475181203497611,205,-34.17400000000009
Casual Regulars,,0.15242616128519,0.15628967786915895,0.168364866772194,2,401.82540000000006
High-Value Core,93.0,0.1767616809457654,0.12623724960798136,0.01208730090481495,0,15994.748199999998
High-Value Core,125.0,0.14088846141301478,0.0943229863544864,0.022555044758917425,0,-157.88200000000143
High-Value Core,164.0,0.15268965536110624,0.15496822360792875,0.07713153719188512,5,-1529.8705999999993
Bonus Opportunists,40.0,0.1215142090992032,0.6916972555873654,0.5351694748623198,221,-11051.8694
High-Value Core,209.0,0.16941507754789403,0.13461647949789945,0.16424214594857492,6,1505.0346
High-Value Core,159.0,0.18772268428625327,0.13026014562451074,0.0065092814344751854,0,2705.105200000002
High-Value Core,94.0,0.1104550813843013,0.1277831957806569,0.0205105938284234,0,8607.6332
High-Value Core,,0.12420873597633669,0.13885586252365406,0.13180392713930317,6,428.6106
High-Value Core,56.0,0.48024721368987877,0.18990381841407422,0.11086070489520548,0,2249.7046
High-Value Core,125.0,0.076126386542929,0.15046266515499382,0.10363634469054311,2,52.733799999999974
High-Value Core,120.0,0.43405294358161034,0.13292016614216975,0.004181703745176343,0,17189.847999999998
High-Value Core,63.0,0.4342538774184236,0.13562125691699156,0.08372465073769685,1,2480.5689999999995
Early Churners,,0.05746380092294738,0.3398728853475425,0.37418443415417224,200,-1693.5128
Bonus Opportunists,2.0,0.2584145742835059,0.52137833861998,0.7844025127500962,161,1695.2858000000006
Minimal Engagers,,0.21596296138497154,0.3108587493523327,0.05795520713504609,60,-359.174
Bonus Opportunists,0.0,0.34965569411830255,0.500183225583707,0.9225975850033741,121,3977.983000000002
High-Value Core,146.0,0.15761605957970826,0.23343687328109194,0.052399706622353256,0,3229.3306000000002
Early Churners,,0.18390964856661673,0.18633421496059757,0.43524559421668363,202,-950.5853999999999
High-Value Core,283.0,0.13133517185713325,0.15425857783236968,0.12201938137197438,2,-10437.24
Bonus Opportunists,0.0,0.5572574286902704,0.4265045152491572,0.7614404609236731,307,6580.485599999998
Casual Regulars,,0.54829015300417,0.20831525590431124,0.04690063755803693,2,-649.1234
Casual Regulars,,0.08336109301605565,0.3517601805652793,0.023226920302009683,7,-1349.2458000000001
High-Value Core,98.0,0.15212164844964304,0.20641837642287386,0.0829727396302415,2,417.17980000000034
High-Value Core,155.0,0.18809894770539495,0.19107249886595906,0.06498828313670284,2,-1181.3375999999998
Early Churners,,0.13105832447506255,0.2552705145965055,0.578755734047428,206,-801.1189999999999
Bonus Opportunists,0.0,0.539138469484828,0.3222602822024278,0.7863420909965639,171,3854.4285999999993
High-Value Core,113.0,0.3454093223383465,0.11006651909154316,0.0005679997623122964,0,12265.5042
Borderline Opportunists,,0.12521832691481594,0.5308751480470534,0.3853634098833797,227,91.8524000000001
Early Churners,,0.24521233123629246,0.25448730046736767,0.7355291868402088,202,141.88859999999988
Bonus Opportunists,1.0,0.21919845148211095,0.6148102793877729,0.8181661645750578,224,526.4135999999999
Bonus Opportunists,0.0,0.3923505651465153,0.4408079091574736,0.9377106210611968,121,6567.2991999999995
High-Value Core,132.0,0.16480858840597795,0.15133273684601445,0.03968806121729772,2,419.88059999999996
Casual Regulars,246.0,0.1868876808897281,0.14314624076112534,0.0448144804686385,1,-2813.207
Casual Regulars,,0.0609374205121286,0.2386695659640827,0.11760865093461147,22,-247.88699999999994
High-Value Core,88.0,0.15523874395548953,0.11903651264300558,0.01050562109351181,0,11346.332599999998
High-Value Core,106.0,0.17973653489692226,0.16512259549668132,0.09070195527648493,3,-2615.085
High-Value Core,169.0,0.5155355769641325,0.1909824040466388,0.09800248353283017,1,-2928.8722
High-Value Core,127.0,0.15807991694287632,0.15129300450937577,0.08856550065623174,1,-136.18059999999969
High-Value Core,154.0,0.22901496276797428,0.11264789373067394,0.0033244562045146144,0,1495.4444000000003
High-Value Core,118.0,0.1461055282772992,0.15642797400018435,0.07803743292521194,7,1085.1794
Bonus Opportunists,9.0,0.34066241351394916,0.4484764879589477,0.8612109225547797,214,-255.39220000000023
High-Value Core,99.0,0.18240659180075297,0.10999847093435462,0.017408214488593424,0,11566.784400000002
Minimal Engagers,,0.2221203657202612,0.26173963442063103,0.0,10,-983.7144000000001
High-Value Core,331.0,0.5371694524617574,0.1723691948105334,0.10457148087096015,1,1090.9336000000003
High-Value Core,308.0,0.14377318385188345,0.1647504386476735,0.088267809326853,5,-9019.4008
High-Value Core,121.0,0.20901293522740977,0.09807919037035995,0.001359230585059102,0,23300.4562
Bonus Opportunists,0.0,0.4566609418071714,0.39374547125084264,0.8292729543135477,168,6218.8166
Bonus Opportunists,3.0,0.9558674158616106,0.45685084508253526,0.7420042581645245,289,-4130.967999999999
Minimal Engagers,,0.0,0.6126698502073304,0.26265020517458776,311,-2155.1114
High-Value Core,139.0,0.17238038034321213,0.10270010274737419,0.0187506730816956,0,7474.560600000001
Early Churners,36.0,0.24853097403779048,0.46701650287666835,0.8688585622813803,309,-3115.1726
Casual Regulars,,0.0989259939158002,0.27401802604513104,0.08149832104778529,1,286.62440000000004
High-Value Core,133.0,0.1501769821861505,0.14200897198999776,0.11602376836357418,1,-1914.268
Early Churners,,0.13940036037297918,0.28901085728564174,0.458906708768543,211,-149.0888
Bonus Opportunists,7.0,0.9731931074895573,0.501000632227938,0.7823630352763992,147,-3087.6404
Casual Regulars,,0.6111680743511383,0.2873028657571057,0.09567923372422396,10,-419.63919999999996
Early Churners,162.0,0.10127771571906063,0.2294316115937258,0.6219993833915735,202,-1584.0216
High-Value Core,178.0,0.2301829553359183,0.10930322710356521,0.00254955296248905,0,-1857.9932000000008
Early Churners,,0.040938064028458274,0.312989190723006,0.5351510571518404,205,-1548.5238
Casual Regulars,,0.3392941812965034,0.16728730176498163,0.01249057773671157,3,-73.58720000000005
High-Value Core,148.0,0.42624990502218457,0.12233634184155438,0.027044592129814048,1,1903.8539999999957
Bonus Opportunists,2.0,0.3564362431594607,0.45542278078997955,0.8660376349400711,154,627.9504000000006
Early Churners,,0.08181746233769818,0.285453931292653,0.5254196187271207,211,-55.2346
High-Value Core,91.0,0.18121996808216678,0.14344891364431636,0.015544182268159106,0,9334.7638
Casual Regulars,,0.12140270273958736,0.22336002336973765,0.05386722051489731,1,-1969.8393999999998
High-Value Core,135.0,0.1362575150500943,0.1471209959411322,0.12220648204392076,1,-3099.0892
Casual Regulars,,0.2039263090384389,0.25772030754023817,0.0707140603063367,15,-10.09460000000007
High-Value Core,256.0,0.16332366442054813,0.18073904988889253,0.08869334870442544,3,-8185.9432
Casual Regulars,,0.3277216903560367,0.11108534780140748,0.07369270992093506,0,-99.32159999999976
Bonus Opportunists,53.0,0.3721464045114701,0.4463291557223794,0.5591737181889768,176,-10335.0426
High-Value Core,86.0,0.14027586337094256,0.15615557517898798,0.044607619568152804,1,-1856.473
Early Churners,,0.019354890757387215,0.5923004650331324,0.5222428164889488,208,-4.177000000000021
Bonus Opportunists,,0.39851201633195477,0.46843659149477535,0.8238355490830681,310,497.43139999999994
High-Value Core,113.0,0.3669156870295703,0.10925478743223505,0.010840487320836737,0,10872.775200000004
High-Value Core,109.0,0.4068333989970008,0.13175261619103792,0.08119463743156476,3,-2828.2724
Early Churners,160.0,0.6573227679066789,0.4031985778599508,0.6140162738551559,204,856.3727999999996
High-Value Core,193.0,0.10666367607459366,0.20192267682492734,0.08611668202283757,5,-273.4892
Casual Regulars,,0.3604381723449042,0.17619592740537116,0.11779041401832793,0,-117.65380000000005
Bonus Opportunists,4.0,0.3497254515566559,0.44977132132577036,0.7138232552646874,209,-5183.629000000001
High-Value Core,82.0,0.3772280652162779,0.11854865073539185,0.0062404271612129065,1,17032.678000000004
Bonus Opportunists,32.0,0.9821762544682958,0.4701183727309779,0.7250353745299275,262,-10405.3206
Casual Regulars,268.0,0.09960841342380973,0.1539283164385156,0.08223228632470986,1,364.81359999999995
High-Value Core,120.0,0.17110143663307945,0.13264684474534777,0.0753539478483283,0,770.3688000000002
High-Value Core,130.0,0.09531923205429349,0.20573498005004157,0.06922411042401817,2,-3034.0366000000004
High-Value Core,154.0,0.16026572121403082,0.12188229185280972,0.0014786313158025636,0,-780.1926000000021
High-Value Core,251.0,0.10925580600837122,0.14041781466870087,0.15235103977324801,0,-956.7031999999999
Early Churners,52.0,0.14049991910303375,0.3620099728581033,0.6610665842403051,204,-4543.572
Bonus Opportunists,4.0,0.32820737209735334,0.4783938103251954,0.6818268499723447,164,-7187.916799999999
Bonus Opportunists,0.0,0.33459624274389016,0.47370487528556887,0.642123164894143,200,1346.8503999999994
High-Value Core,189.0,0.11285907593241819,0.14725389643580916,0.13678919583455215,3,-4057.1524000000004
Borderline Opportunists,,0.11591367035328887,0.5437523314610523,0.062412125554112755,7,-610.668
High-Value Core,,0.41679615901307204,0.11251681070743864,0.05432414871145735,1,447.8806000000004
Early Churners,,0.16059281736673425,0.21053985811004455,0.5319167065213208,207,-336.17799999999994
High-Value Core,86.0,0.18988417107654054,0.13211936683996123,0.1105237505578756,1,4218.2784
Early Churners,,0.17344709378113574,0.33052697094381944,0.44768244527883,203,-1738.0484
Early Churners,,0.05296683379497401,0.3379891056866778,0.44053977595110505,216,-948.6659999999999
Early Churners,,0.2853975098956687,0.2315639014328684,0.6054892363910022,204,408.8252000000001
Early Churners,,0.08016677600643975,0.30792062371076556,0.46644785234110103,208,-2006.4373999999998
High-Value Core,,0.15752975976762018,0.17266989234707733,0.1199996757059765,1,-9.75799999999981
Early Churners,,0.34995162522277856,0.2813679285218275,0.6474785708223711,201,-2069.765
High-Value Core,200.0,0.4551576946504457,0.16607987375116154,0.12786693306598598,3,-2237.2311999999997
Casual Regulars,,0.1758925673104034,0.26470334907936344,0.015188791742181811,1,-899.9498000000001
Borderline Opportunists,,0.27878907587116786,0.22924880294429148,0.04188404115676947,15,-682.8244
Early Churners,,0.08997474332231549,0.3067652997626442,0.5526922288140448,209,-717.5140000000001
High-Value Core,79.0,0.1779876907516496,0.11758822323203208,0.06368287572810288,0,3713.4498000000003
Minimal Engagers,,0.03706897312351057,0.38610565951252274,0.023967215928733628,17,-950.6594
High-Value Core,241.0,0.16136396279853077,0.1343375308073665,0.07762157103860648,0,-9329.563
Early Churners,,0.0997715102533744,0.33638619931582087,0.5819670921212574,207,-34.78359999999998
High-Value Core,192.0,0.1439796694820253,0.1713688558710511,0.08332670580386767,0,3232.0409999999993
High-Value Core,193.0,0.14250963264188643,0.12602006481858916,0.10959507936369497,5,1891.9778000000006
High-Value Core,149.0,0.12160864438362237,0.11171141481976882,0.00439965435442256,0,1368.170799999998
High-Value Core,68.0,0.17415261016423753,0.10892189040681864,0.013594622745059029,0,21046.8248
Early Churners,,0.10056148139256045,0.31516539688876066,0.5817949923444485,202,-943.7873999999999
Early Churners,161.0,0.19584808764476605,0.3617978750119072,0.4090464035104196,203,426.33940000000007
High-Value Core,125.0,0.21023040875720822,0.10953084562209242,0.0021756458005252827,2,3486.7714000000014
Minimal Engagers,,0.0,0.3453710163505465,0.6130060567421104,246,-681.8054
High-Value Core,113.0,0.21584055851495795,0.13251923619127853,0.01084333248743999,3,6786.573399999999
Bonus Opportunists,22.0,0.4958291827943277,0.3552701966611833,0.724250552212933,160,-7769.399
High-Value Core,107.0,0.15683658938241082,0.1404173599347089,0.14609209366988102,1,-74.46419999999944
Casual Regulars,273.0,0.44174969741013925,0.16985467902245702,0.14790148829105537,5,-4233.2818
High-Value Core,76.0,0.1388973755144702,0.13936908854175084,0.07886513640226185,0,3871.5843999999997
High-Value Core,234.0,0.1949210445537562,0.11209810906120905,0.005247456676499731,0,-4669.627399999999
High-Value Core,130.0,0.138248990370403,0.1436166615561272,0.0639488568113165,6,2151.6252000000004
Minimal Engagers,,0.5970721590078067,0.3899434346156695,0.2655093425004317,15,-918.1322
Minimal Engagers,,0.0,0.2896525861788988,0.36378176084072056,274,-1048.8154
Casual Regulars,,0.1545178748122038,0.27059324286173164,0.038374940828569376,29,-2103.9836
Casual Regulars,,0.17069229272822736,0.17047004352591189,0.05164185291828437,3,-191.0867999999998
Casual Regulars,216.0,0.138218188657731,0.20594542142169564,0.10001880876026806,0,-965.6085999999998
High-Value Core,171.0,0.30415352813752417,0.13002848963767322,0.0019471001677911957,0,-565.6731999999975
Casual Regulars,,0.2336312420729729,0.15518255918362525,0.29149793662668627,2,-827.067
Casual Regulars,,0.6417824027353615,0.271474798748976,0.06577991745217136,1,19.325800000000072
Bonus Opportunists,0.0,0.3708647688568904,0.44647875718685676,0.863763724882177,235,2383.5452000000005
High-Value Core,117.0,0.18467994027325854,0.13268264231175464,0.01281378901969011,0,5540.4374000000025
Early Churners,,0.5454772593339717,0.294648626864797,0.5196241479156161,202,-670.5344
Early Churners,,0.585255597682374,0.2957146563775648,0.3911236904045652,201,-1360.3132
High-Value Core,116.0,0.19889119877215203,0.17729460207249817,0.08621704295307785,2,-1443.0066000000006
Casual Regulars,195.0,0.14293870517469712,0.17243074493015045,0.06278026905829596,7,-598.2114000000001
Casual Regulars,,0.12999819284425573,0.30369048542672195,0.22884487197338446,10,-1524.906
Early Churners,,0.34516478604848416,0.2422044671053131,0.39881327296150776,202,-0.1591999999999416
Early Churners,,0.06806824386676927,0.39402558714671077,0.5049362808178279,217,-786.829
High-Value Core,95.0,0.19631359985548744,0.10987532745510263,0.0028608273384219144,0,17490.7978
Early Churners,,0.22830386621925214,0.21663847588916155,0.37026411746280585,203,234.48199999999974
High-Value Core,323.0,0.16147954392873967,0.15234077032670487,0.08744514553699177,0,867.7410000000004
Casual Regulars,,0.1278838261003676,0.2635381558464911,0.05629527262248657,0,-1614.4429999999998
Casual Regulars,,0.07716733697707195,0.30194943769995275,0.22089902757248328,9,-262.1791999999999
High-Value Core,108.0,0.12852389779643733,0.1557284873326743,0.08572600547944778,2,4451.249000000001
High-Value Core,132.0,0.14788784405082692,0.11926453883190331,0.08634850047913305,4,-3391.803
Bonus Opportunists,18.0,0.057774152432011484,0.8598176070702863,0.16276172683643172,112,6854.662200000001
Casual Regulars,,0.09403490406220495,0.24884514771633734,0.030330573595577524,3,65.61880000000008
High-Value Core,81.0,0.38638222153782165,0.11473953786671831,0.011359273006527582,0,18901.28
Casual Regulars,,0.697645381167143,0.40019635082400434,0.10497533483894297,10,-2248.2488
Casual Regulars,211.0,0.2388917385360557,0.11823808040016537,0.08849426965727195,7,-4266.8171999999995
Early Churners,109.0,0.10143782190592947,0.3692551359763188,0.42593652222402273,216,-1347.2564
Casual Regulars,,0.542011446348294,0.19330584825705027,0.12922027419619225,0,-26.541999999999916
Bonus Opportunists,15.0,0.4205340358051605,0.4076705921829536,0.868318020358641,312,-1007.3659999999998
Early Churners,,0.5443898760552897,0.23881462543011894,0.5225879821537476,205,46.817800000000034
High-Value Core,359.0,0.14603289450721746,0.2395846255883763,0.07414302964800173,5,814.0715999999998
High-Value Core,169.0,0.25348688935167574,0.11697373518650932,0.0016804838842682968,0,-3128.4269999999997
High-Value Core,186.0,0.17021970975665346,0.1447910220656978,0.08883465797836818,0,-2078.8466000000003
Bonus Opportunists,55.0,0.8856319413300339,0.7595583304611753,0.2879588683035392,309,-431.65259999999944
High-Value Core,81.0,0.24557347386866346,0.10119625665064853,0.01162693726563952,0,9045.0352
Bonus Opportunists,4.0,0.3479330646672773,0.5126003482544296,0.5546852279450132,242,-2146.3930000000005
High-Value Core,68.0,0.20270883565253828,0.09686719870172197,0.006185567103871083,0,21537.365000000005
Minimal Engagers,,0.16836650838001233,0.3859542678880238,0.0,11,-419.9048
Casual Regulars,,0.29784213620528405,0.1270617063208425,0.10550792086656333,9,-338.6296000000001
High-Value Core,230.0,0.16561916705822938,0.2016542245425168,0.044603988496388185,1,-1039.4264000000003
High-Value Core,306.0,0.45279190757936194,0.16145988059422484,0.08143382869451235,0,-10450.2602
High-Value Core,161.0,0.19000515357986494,0.13526087288497712,0.09478775882541783,0,504.9973999999993
High-Value Core,202.0,0.1182706221132241,0.17900136149290577,0.06951486935035685,0,-7374.561199999999
Casual Regulars,223.0,0.1286887483244917,0.21835541841068787,0.13304471287697686,0,1000.7057999999997
Minimal Engagers,,0.5348538151034367,0.44859003597687946,0.0,143,-1142.9216
Early Churners,,0.13968003443575577,0.24139345555559247,0.3466233828347324,222,-1597.8352
High-Value Core,68.0,0.11031965861558347,0.158356863598367,0.186625443550683,0,2081.723
Casual Regulars,,0.4236296141461234,0.30074846596085153,0.031787501223735984,12,-2222.059
High-Value Core,119.0,0.17358929678962756,0.18531029513668412,0.1111687011616285,0,-2883.395
Casual Regulars,152.0,0.1922233501601159,0.1541573852783099,0.12158990023902028,1,1667.1799999999998
Bonus Opportunists,45.0,0.5288480173261871,0.2890386303422836,0.7735696563969924,308,-10806.436
Casual Regulars,,0.41077856963125114,0.1330909631431834,0.017424642392685027,3,-1006.7556
Early Churners,,0.1372756722681718,0.4602539423227191,0.2411491743665474,209,-1343.385
High-Value Core,66.0,0.2172206654121277,0.10743191902825322,0.015421008712756226,0,16664.543999999998
Early Churners,,0.13226012185360494,0.20405741988100412,0.3411277659045045,206,-558.182
High-Value Core,131.0,0.1302147653496643,0.21112774395798814,0.09181883182880864,0,2486.5246
Early Churners,,0.04073131793751066,0.4017017663635657,0.42398967702325624,209,-1479.3930000000003
High-Value Core,350.0,0.19110667839075968,0.1834667744117917,0.05080141774680302,0,1084.7199999999993
Casual Regulars,,0.5452997197351901,0.24762570586075341,0.09634027652741112,10,-1.2573999999999614
Casual Regulars,,0.15592477506811933,0.2050410289752406,0.08088923577460629,4,464.4556
Bonus Opportunists,,0.42985074412042623,0.2966884344472931,0.9027361675970635,242,-654.6294
Casual Regulars,,0.12525041699812187,0.30129553992974106,0.06325777103550204,19,-72.77940000000012
Casual Regulars,,0.5425728019447075,0.19172125793636693,0.07339044317223595,10,-1897.7041999999997
High-Value Core,145.0,0.2038132823213861,0.13185916988718235,0.009457469300672787,0,3485.0706000000027
High-Value Core,202.0,0.11049483291263923,0.179858065253372,0.04287848158723959,1,-2137.007
Casual Regulars,,0.10337143132504785,0.39128045305067055,0.02993240490469661,49,-1343.458
Casual Regulars,,0.14525712456612422,0.18965354677593965,0.053811160792185286,0,-480.2088
High-Value Core,148.0,0.37702264554006604,0.13642080962683373,0.05682488299367309,4,3136.8438
High-Value Core,95.0,0.14104067439303175,0.16293786409452668,0.09444151407182616,0,2670.1942
High-Value Core,300.0,0.13741889772546972,0.20120531914845108,0.07991206691238684,1,-10417.2146
Minimal Engagers,,0.0,0.30272567992565436,0.07743411304281912,24,-2007.3898
Early Churners,,0.17104702904280855,0.32246516085236127,0.453059079133504,203,-302.38020000000006
High-Value Core,194.0,0.1482017633184945,0.14383036315450384,0.05748573868781941,2,-7295.4706
Casual Regulars,,0.17004686330878588,0.19608522592268177,0.16211975333957093,2,-1210.8824
High-Value Core,146.0,0.45686299015778786,0.15239964085951377,0.07822063275586164,0,1868.37
High-Value Core,98.0,0.07803991263365744,0.2179331897037318,0.05427507685791838,1,80.2156
Casual Regulars,,0.0380080132268734,0.20702718972063178,0.10054164459444719,13,-383.03539999999987
High-Value Core,110.0,0.18455236379311832,0.11265299868807489,0.009354480115386641,0,13487.503399999998
Casual Regulars,,0.2856707045464035,0.12571694886381457,0.19468905235896927,9,-491.6114
High-Value Core,112.0,0.16902985262979944,0.14968628204448797,0.008596322844435976,0,14985.915399999998
Casual Regulars,,0.2358579803272513,0.22816985352482397,0.23291001753667878,8,-426.99160000000006
Bonus Opportunists,,0.3922061636197267,0.2985047508291263,0.8216575133108064,189,743.5106000000001
Minimal Engagers,,0.0,0.49287357276218297,0.0,64,-1124.7854
Borderline Opportunists,,0.23234073190761717,0.3680988837831126,0.0,8,-1075.5526
Casual Regulars,,0.042658156538593596,0.17321207843592348,0.08203404744881958,4,-27.23300000000006
High-Value Core,243.0,0.3129148300638719,0.10583170271276585,0.00965426338798981,0,-5121.7212
High-Value Core,272.0,0.18236263775463285,0.12851059170271462,0.07817286803379087,0,-1153.5534
Bonus Opportunists,,0.25682505495451147,0.45403076995260716,0.7388762218839079,203,579.6625999999997
Bonus Opportunists,,0.9532448276644439,0.7113016870043931,0.5582104837732332,171,-1115.7606
High-Value Core,124.0,0.4877870746215111,0.17654301481401014,0.04643318808231593,1,-1659.0901999999996
Early Churners,,0.13337256814076726,0.29105749757607485,0.5021667020683807,202,-605.1425999999997
High-Value Core,153.0,0.1794156070022353,0.16157172078539242,0.06788521023401632,2,-878.1142000000004
High-Value Core,293.0,0.12509037475659326,0.16510134094411155,0.14837810820194186,4,1273.8671999999997
High-Value Core,95.0,0.4232881712380617,0.13667894043361245,0.023216225657462147,0,14070.5328
High-Value Core,181.0,0.17330623999434963,0.15626148592069095,0.11710020000113686,0,107.38119999999981
Casual Regulars,,0.6778531007749872,0.3269713408387486,0.04051226276056266,12,-225.05180000000001
High-Value Core,314.0,0.18848407745051693,0.13241640514442762,0.0924060225401316,0,-10453.0322
High-Value Core,,0.2696618766982387,0.15470772115600676,0.034719517912189905,0,504.09839999999986
High-Value Core,149.0,0.2706644516336679,0.10075208556481707,0.0008649447025876421,0,6899.001000000002
High-Value Core,139.0,0.17084149610644048,0.16421338516866094,0.1195543853305627,0,2173.8257999999996
High-Value Core,70.0,0.1806386237545988,0.1256450908277576,0.12274860549913275,0,-1803.9468000000006
Casual Regulars,,0.11728363871593961,0.28197540062438275,0.026050000280711208,3,-2279.3858
Early Churners,,0.19610611235810738,0.2981548922107008,0.14063726314102465,201,-1908.6498000000001
Bonus Opportunists,4.0,0.970860563713115,0.7087109355308919,0.8027973287318059,118,-5997.274399999998
High-Value Core,311.0,0.14775208697633718,0.1416064790306027,0.09593860818065683,2,-9100.3048
Casual Regulars,321.0,0.2546743647247593,0.13145316532977558,0.053679130355253596,0,1117.2202
High-Value Core,71.0,0.40459850710458367,0.12828066697522486,0.01094582044210959,0,21309.5446
Casual Regulars,,0.12706187575879468,0.3164819372758284,0.07415530485328475,7,326.30460000000005
High-Value Core,135.0,0.17278000547485353,0.10547675694571582,0.011902255609092742,0,4243.974399999999
Early Churners,,0.17002343239456547,0.2707899555436746,0.6534322601539844,204,862.367
Casual Regulars,240.0,0.056967277550349735,0.24307852724427506,0.07781772709343804,5,1430.2392000000002
High-Value Core,224.0,0.12971394798932845,0.12237058055057753,0.10620823220984951,5,-865.7252000000003
High-Value Core,137.0,0.1577474766439971,0.17245631882597615,0.10196511025255989,0,-3176.9228000000007
Bonus Opportunists,2.0,0.966731736132262,0.45793236736941695,0.8621085520888856,306,-3731.0847999999996
Borderline Opportunists,2.0,0.10378141495371214,0.714900532024647,0.9140685221641031,130,4195.06
Early Churners,39.0,0.1263700996417941,0.2863528165196534,0.6159158879758301,204,-1098.4596
Casual Regulars,,0.19175749552037802,0.21262805935516468,0.07496912770061287,2,-661.905
High-Value Core,174.0,0.14875815319553237,0.11707573977474123,0.1772722726008655,0,-2016.7183999999997
High-Value Core,325.0,0.15989952704732519,0.1901707128925262,0.03616188946791832,1,870.3306000000002
Casual Regulars,,0.17121738051482502,0.22880837181600733,0.050973221665887816,0,-52.02839999999992
Casual Regulars,,0.16605691358010624,0.25196208414436533,0.12044024153857198,5,202.03279999999995
High-Value Core,167.0,0.16781535766366767,0.1528279075361517,0.11955910308386226,3,2932.2504
Casual Regulars,,0.17690221291664118,0.17048921566356234,0.11908935455999006,1,36.50839999999971
Bonus Opportunists,32.0,0.1892305051047536,0.5983420853188066,0.6521633678516373,179,-9821.395199999999
Early Churners,77.0,0.5041217310590701,0.23844731651189685,0.6622729584721151,211,-4393.484
Casual Regulars,,0.1428948341821888,0.2739183223553777,0.06721538338174697,4,-326.8019999999999
Borderline Opportunists,23.0,0.2498065070726198,0.5727059138902327,0.8140553223866107,307,-1126.5391999999997
Early Churners,,0.06266784065063588,0.3418118703023372,0.6020433236487239,208,-45.13040000000001
Bonus Opportunists,,0.8435927823463534,0.33889126558917904,0.826674481890682,228,-320.66639999999995
Bonus Opportunists,,0.340289736457739,0.4236037671454254,0.6696387396251696,107,653.2273999999998
Casual Regulars,,0.4957780855026303,0.1789613630380255,0.09609659471719656,0,-1342.3795999999998
High-Value Core,153.0,0.5352922928963094,0.19568134430223028,0.10093091159660049,3,-2982.7329999999997
High-Value Core,,0.13419467573920557,0.17572898703159626,0.07141619843082357,0,409.3688000000002
High-Value Core,222.0,0.39049126446153243,0.12124302697287793,0.054893659192494525,1,2018.4014000000002
High-Value Core,135.0,0.3771486700304398,0.12498086892707565,0.005259753659095519,3,8365.1774
Casual Regulars,,0.1547886441679361,0.14504426818308763,0.04898127464447838,10,-48.02839999999992
Bonus Opportunists,,0.9433454088422765,0.4419002629578262,0.823703616982312,219,563.8141999999998
Early Churners,,0.12241765453058547,0.20374310024441994,0.5016526886718585,222,-456.3216
Early Churners,,0.135419288591269,0.28715761713996024,0.4499166321802787,202,-201.3016
High-Value Core,89.0,0.19758566454319507,0.11793358122136689,0.0006925303719330876,3,12351.623000000001
Early Churners,,0.07838579132552739,0.4541907777877522,0.5355753686451467,203,443.1712
High-Value Core,270.0,0.2506405536725044,0.12130350718444363,0.07223713495406477,0,-10209.0776
High-Value Core,101.0,0.21402688438707512,0.12409047584225326,0.11714313084682264,0,3185.1114000000002
Borderline Opportunists,,0.0,0.3737031134529703,0.44371121651262635,167,-689.3318
Casual Regulars,,0.07688699232576754,0.273030955307641,0.11601166757262271,22,-265.4440000000001
High-Value Core,178.0,0.17090909299133575,0.13082248862768653,0.07864087750932842,0,2391.2807999999995
High-Value Core,136.0,0.4423609475325529,0.1385283665320067,0.08830746020727322,1,160.1217999999999
Early Churners,,0.10865274083827375,0.3620149573267713,0.5704814712345323,205,-208.67780000000016
High-Value Core,92.0,0.2567070360980327,0.0979797383607379,0.022401556319822435,0,9494.050200000001
High-Value Core,189.0,0.15519758991631288,0.17105195386902636,0.057911261313195586,1,1521.1205999999997
Casual Regulars,316.0,0.11514165967951895,0.1419009332131437,0.060844490889284494,1,-2886.139
High-Value Core,135.0,0.4753851237224877,0.190374556720521,0.0603332794887521,0,2554.0143999999996
Bonus Opportunists,2.0,0.5322545500908424,0.3773414178249283,0.9620844037866956,317,-3062.7
Casual Regulars,,0.20835641310789535,0.3347971527957916,0.04577893944008822,0,247.0619999999999
Casual Regulars,,0.15622091598014673,0.22364348994399771,0.10171744066638862,5,-134.61220000000003
High-Value Core,197.0,0.34667021133010767,0.11295500510741496,0.07957832138372754,5,1344.9899999999998
High-Value Core,208.0,0.09914756107684522,0.13822994404686215,0.12577745167508864,2,-3649.7834
Bonus Opportunists,5.0,0.8490229143204532,0.6549060234162065,0.8209693429979653,309,-2665.049
Casual Regulars,,0.13168960056576384,0.33619328224037615,0.14961191024339207,18,130.08620000000008
High-Value Core,188.0,0.47402451158878023,0.21550067062065864,0.04687493460646693,3,-141.59359999999924
Borderline Opportunists,,0.2305512647997898,0.3966138550756487,0.5468885606681901,259,-399.0512
High-Value Core,166.0,0.19629489900643765,0.14998855862140217,0.09856421178110515,0,1740.8458
Early Churners,,0.13282246211734947,0.3269655944530409,0.47691256281030947,201,-672.4428
Bonus Opportunists,42.0,0.15433791702383795,0.7129172310274754,0.3804715746867714,306,-10333.974
Minimal Engagers,,0.7559141994828453,0.5427369554221648,0.1901133056796949,32,-11.480799999999988
High-Value Core,146.0,0.4151188773810977,0.16750251092982293,0.07444288096104858,2,-1450.9063999999994
High-Value Core,114.0,0.14738673297744354,0.14764182578773238,0.08537589227831865,0,180.31900000000041
Bonus Opportunists,,0.152347884278189,0.7326660965551376,0.9719000955002988,273,-247.3372000000004
High-Value Core,137.0,0.19315002516771487,0.14047289298120264,0.0857806601661466,1,-2573.1311999999994
Bonus Opportunists,5.0,0.49987764509918226,0.3873550221088921,0.5416439423722322,130,-1147.7476000000001
High-Value Core,76.0,0.19808014533624554,0.12104449095421635,0.010855819772444538,0,15432.192399999996
High-Value Core,145.0,0.44718353396882843,0.16966351193796742,0.09176720184766236,3,-3340.5348
Bonus Opportunists,,0.9105012755243178,0.5718854648631976,0.8580755662938906,231,-1079.3627999999999
High-Value Core,102.0,0.21051767783434416,0.10016236638050498,0.013572207822288098,0,12295.352199999998
High-Value Core,153.0,0.2176663682029237,0.13706384635888896,0.03872520989442933,0,-1273.875
High-Value Core,81.0,0.21108388270000725,0.10898667036830949,0.010989146090596659,0,17485.880400000002
Casual Regulars,,0.15270197715816747,0.31423937907673705,0.03452772521688968,23,-639.5816
High-Value Core,107.0,0.2155257737001962,0.16208759790245705,0.07982156953970115,0,3444.408800000001
High-Value Core,161.0,0.1403856839048512,0.1393524547064194,0.11290688920213318,1,-3049.7715999999996
High-Value Core,353.0,0.11437768713737562,0.13668307017440204,0.11942037769820878,11,620.6522
Casual Regulars,,0.04742356014563561,0.20727198889766785,0.15242123351850123,3,-291.2538
High-Value Core,213.0,0.23216941412524733,0.14844195780213754,0.061185054238237946,0,-7744.3004
Casual Regulars,,0.054331127886045404,0.22761306298923492,0.08697219968336675,4,-1432.9296
Bonus Opportunists,2.0,0.42118487464412596,0.3740693867909409,0.7918423814767946,106,2530.118400000001
Early Churners,,0.11719041406376118,0.19546153635077687,0.47124960331252924,203,133.77980000000014
High-Value Core,168.0,0.2029988873523139,0.13866602728370483,0.06222253729086627,0,-2488.7940000000003
High-Value Core,271.0,0.2305700748318183,0.11551031855409652,0.0877050763520375,3,-10268.3302
High-Value Core,94.0,0.42460094028228357,0.12266145355878161,0.006106082154908237,0,10850.1688
Early Churners,,0.04859158224130492,0.27911773701207476,0.611506799945247,206,-1222.8629999999998
Casual Regulars,,0.3420091715981365,0.15436824853487743,0.051558459519573926,5,222.84460000000013
Casual Regulars,,0.10545413581830813,0.27544581411663227,0.06604721106401468,1,-1481.491
High-Value Core,178.0,0.1770146717397311,0.1688457173514647,0.02838214826186382,4,-1999.2313999999997
High-Value Core,68.0,0.209589614432807,0.10196241699906605,0.006784516127935441,0,26122.546600000005
High-Value Core,74.0,0.25658174928578587,0.11019490820111764,0.0026473105738520288,0,18712.586200000005
Bonus Opportunists,4.0,0.4479369043719282,0.45061715083565623,0.9188791650613855,182,-1440.3808000000008
Early Churners,,0.6535657797002664,0.2873310467130669,0.48274828505264994,204,-1913.3899999999999
High-Value Core,216.0,0.13467517135969495,0.19351756598934883,0.12053662807830269,3,791.3084000000001
High-Value Core,45.0,0.18090963893206174,0.13005722018787458,0.006722375735408969,2,18895.917999999998
Minimal Engagers,,0.2947059514027468,0.23600618032338666,0.06127660342943827,115,-1089.253
Casual Regulars,,0.5828123085939658,0.2406691766306269,0.05583952037701134,73,-2266.9384
Casual Regulars,,0.46239148827867055,0.17023409298424172,0.10118546046114904,15,-34.796800000000076
High-Value Core,92.0,0.1758578804617117,0.10574832832184668,0.02979345036961577,0,23947.981200000002
Casual Regulars,,0.10050499244280005,0.31666667657441283,0.14966216566935722,2,440.3323999999998
Casual Regulars,,0.2729818341969475,0.15857015733490054,0.08631792239615334,3,-1468.9494
Bonus Opportunists,2.0,0.13378290852554947,0.6940556217058163,0.9527849470857561,267,-9464.2184
Casual Regulars,,0.03852642646812105,0.2908240488544806,0.18262458274758905,9,-146.85760000000005
High-Value Core,85.0,0.5045408335180006,0.18110594890916734,0.09174599062062254,2,1036.9937999999997
Bonus Opportunists,0.0,0.30985123283011073,0.503708229078078,0.9396975233230845,187,1412.2353999999996
High-Value Core,132.0,0.16282418976074942,0.16019856679600003,0.07959753399064398,3,-634.4676
High-Value Core,115.0,0.13666787389287813,0.14612528163029703,0.08701660485294745,0,1509.4184000000005
High-Value Core,85.0,0.19604529303536494,0.13092715318339437,0.009084674735437738,0,16688.1282
Casual Regulars,,0.03096642633457141,0.26888374668627735,0.2382713004010234,9,-74.33900000000006
Early Churners,,0.10241839785808436,0.28641597396477886,0.5151805175275054,201,-546.3932
High-Value Core,125.0,0.19819555529274036,0.12411827828297123,0.010917547913925681,0,6595.022999999999
Casual Regulars,,0.11916724904622675,0.17913116722475833,0.13735100883459656,32,-56.131399999999985
Bonus Opportunists,0.0,0.2663983245414236,0.4910336354367692,0.6365211902112446,122,3711.9226
High-Value Core,89.0,0.3012202631732104,0.09147813036155683,0.005726861859571067,0,14651.0052
High-Value Core,89.0,0.4010108052359121,0.13465912784823364,0.005511618007246745,0,10276.1398
Bonus Opportunists,19.0,0.4818573949075736,0.344631355949441,0.8926985291030519,309,-9731.7332
Casual Regulars,,0.06133141763967766,0.1930615894646876,0.08162310731629357,5,-68.02700000000004
Casual Regulars,210.0,0.2016336604239947,0.09802556395481143,0.08940555852732082,0,-871.3383999999996
High-Value Core,67.0,0.19826168962665913,0.10212442805153779,0.0077836901842882715,2,9199.4824
High-Value Core,72.0,0.11948887132475555,0.16831204807011357,0.05113513804737672,1,2556.0105999999996
High-Value Core,111.0,0.17197625673142158,0.13453073315440273,0.07211968963761285,2,4147.5856
Bonus Opportunists,17.0,0.21631421882518415,0.5786818455273526,0.9291703834622647,208,-10277.279999999999
Casual Regulars,,0.009437747167720613,0.246197918782223,0.006192846682709121,36,-1718.4444
Early Churners,,0.4020165947782805,0.3029870971851574,0.736607277373851,209,-841.574
Bonus Opportunists,0.0,0.3805908113043589,0.4623632742710654,0.866993755165467,131,3071.1324000000004
Bonus Opportunists,3.0,0.4069112151563992,0.43275381218946063,0.678850476202296,189,-1393.1486
High-Value Core,,0.13838099579385058,0.19070422374273127,0.14764743588902085,2,-10.030200000000605
High-Value Core,140.0,0.1952219258403213,0.11369466067049569,0.0030762326052704,2,7232.111000000001
Early Churners,,0.1471540613340104,0.3362764843042483,0.5812468044203485,212,706.8833999999999
High-Value Core,133.0,0.1938790154650041,0.13920134439760448,0.06908294070027546,5,-3120.1948
High-Value Core,121.0,0.2094867585226912,0.10923013925099218,0.011743029416477636,0,4961.143400000001
Bonus Opportunists,13.0,0.29948559688257237,0.45678102899951023,0.8088913292155417,129,-7561.2232
High-Value Core,78.0,0.20551232961738705,0.11323516393157093,0.012971522750481664,1,14018.322800000002
High-Value Core,119.0,0.19436356259231968,0.1749672809601722,0.11649523669960074,1,-1448.7712000000001
High-Value Core,226.0,0.40215161406579186,0.13050345009068662,0.07544328018593159,5,-2038.3696
High-Value Core,329.0,0.4320019054098199,0.15315313671510755,0.07009048363616814,4,1257.6478000000002
High-Value Core,133.0,0.2496905290973017,0.09785422999197327,0.013332302587253047,0,6918.2372
Casual Regulars,339.0,0.22506987251764263,0.12092463641343741,0.10735176851408491,5,964.8891999999998
High-Value Core,90.0,0.43568931436422104,0.1348335287417772,0.07318591612483769,2,-1286.4261999999999
Early Churners,,0.07234499085130063,0.5124290241386548,0.6635169675362648,241,-1775.8960000000002
Borderline Opportunists,,0.5807110733867711,0.5130285547344895,0.6957060422071477,313,-2141.5644
Early Churners,,0.08973143394069537,0.34257608230488407,0.43065892545139833,201,384.65160000000003
High-Value Core,109.0,0.19343465798604553,0.09709150128419616,0.008802936742160445,0,7794.665400000002
Early Churners,,0.08924251201144921,0.20520659391067017,0.3625759336070767,201,321.49580000000003
High-Value Core,103.0,0.13724329774077598,0.14245588157275002,0.05085402255638458,6,1030.8318
High-Value Core,107.0,0.2298413594204999,0.10558410300115881,0.004670103325493327,0,18356.8678
High-Value Core,186.0,0.43001534109933426,0.12864961806689074,0.004910424279779403,0,-580.2745999999988
Early Churners,,0.6001883532326409,0.22474589633679104,0.4899765814991132,201,406.21939999999995
Bonus Opportunists,0.0,0.42548315399444125,0.44284907972785065,0.980396791604487,322,2657.2100000000028
Early Churners,,0.11781653882672886,0.17876028981533174,0.5257836654003238,201,-655.3915999999999
High-Value Core,81.0,0.24345494875327708,0.12411581495333118,0.013059774301071221,0,20025.9144
High-Value Core,117.0,0.16162295793635542,0.17437679231438763,0.05599411664291358,0,925.7991999999999
Early Churners,,0.06317584839092896,0.2520137675676368,0.5339403026268554,206,-1792.7526
High-Value Core,108.0,0.19502203367165594,0.14305246408379443,0.06735203958200843,4,2818.5480000000007
High-Value Core,83.0,0.1422715416761211,0.1006986358910269,0.01871916530742861,0,19969.525000000005
High-Value Core,87.0,0.15489117484487117,0.14866974428559393,0.024717302042813735,0,21843.671200000008
High-Value Core,74.0,0.150935641855523,0.142011279389501,0.013411663515996795,0,16767.2006
High-Value Core,129.0,0.42528040490781116,0.14367594235954492,0.0636448071747401,2,-1439.7392
High-Value Core,182.0,0.15289478785082927,0.1463476100032488,0.04749503098112179,0,-604.5553999999997
High-Value Core,,0.15262133678472534,0.11559650448859651,0.11047954675257324,0,72.23580000000038
Casual Regulars,,0.14399909706733516,0.2658124758749362,0.047571042996835886,15,250.26679999999988
High-Value Core,71.0,0.34934520569626226,0.11710214135969196,0.007159991160870299,0,10550.970399999998
High-Value Core,161.0,0.15703916506282545,0.11772227833381087,0.004289211082309016,0,11640.7074
Early Churners,,0.07542534343064111,0.17088330905024252,0.386537612549578,201,-758.4172
High-Value Core,270.0,0.22076082647617737,0.1335691356480911,0.06744598480133057,5,-10150.7508
Casual Regulars,,0.6320449049104838,0.36516091430183256,0.07593501280103815,12,267.2034000000001
High-Value Core,68.0,0.3595676231822641,0.10162113800552577,0.004167192662253952,0,17854.083
Casual Regulars,222.0,0.25411404009761507,0.17359573355203647,0.04986101541403576,0,-4082.7867999999994
High-Value Core,317.0,0.14509490022518426,0.1611724507885583,0.0679694274743783,0,1353.5628000000002
High-Value Core,140.0,0.5135024369913287,0.19738554328102648,0.0882651524105658,1,-885.7890000000002
High-Value Core,118.0,0.11677757295284055,0.12290880866878451,0.006542874539342463,1,4063.3028000000013
Casual Regulars,,0.15218886242458,0.31663675780368,0.10818689571779447,0,110.2228
High-Value Core,223.0,0.23887928409923057,0.1447692809117198,0.03728000674321658,0,1929.0124
High-Value Core,139.0,0.4473545493545742,0.15435763119730042,0.02452807498341849,6,2617.6507999999994
High-Value Core,115.0,0.36626216894277297,0.1437042603525912,0.1106678918935047,0,315.2610000000004
Early Churners,,0.08818702867333214,0.2833427014920318,0.48289752286608933,207,-1371.4995999999999
Early Churners,,0.12228593457666781,0.4167265595999288,0.5683625989094828,224,-61.373600000000124
Casual Regulars,,0.06760745956123068,0.22513629159031698,0.056615597099813834,1,460.56639999999993
Early Churners,55.0,0.12116906459296464,0.35447991329873774,0.43183804838036177,203,-1156.0332
High-Value Core,327.0,0.14267146183768925,0.2842996043975955,0.11367483728816323,0,-9102.286
Casual Regulars,,0.2615935793550436,0.1736430797226128,0.1717280114316173,1,-2035.6704
Casual Regulars,,0.04554962171784602,0.3708609420682142,0.08011218022497431,38,-339.348
Casual Regulars,,0.18057405887586292,0.16452167053727437,0.10340527870910152,3,414.98300000000006
Casual Regulars,,0.15383267241510568,0.1643991615078523,0.13143391017494438,11,117.37339999999995
High-Value Core,75.0,0.1946199357304138,0.11322345688518828,0.017669563708286016,0,21894.594
High-Value Core,143.0,0.20550897456506936,0.0942107567036383,0.026903733782094055,0,6691.778400000001
High-Value Core,95.0,0.34580297239878527,0.10371487747180674,0.012774150548022925,0,10066.929000000002
Bonus Opportunists,,0.9320574218897488,0.428179921136784,0.8287600422562248,242,429.8968
High-Value Core,243.0,0.16404626247592424,0.14057670591936583,0.04882627450766378,3,-9432.667399999998
Casual Regulars,,0.19711064872990955,0.2268516802526767,0.04191285667516933,10,-2052.0153999999998
High-Value Core,172.0,0.14122718158302064,0.18467143890599472,0.101828291682453,1,3046.9076
Casual Regulars,,0.14979666874653932,0.35207741227443345,0.07985372863181736,6,-602.2069999999998
Casual Regulars,,0.03831113944046448,0.18452658863512195,0.23714994388016686,0,-811.332
High-Value Core,123.0,0.17053394332923338,0.16738599876491506,0.12155679086722668,8,1670.9264000000003
High-Value Core,196.0,0.15980636694394545,0.15268366573246675,0.07868983324704473,4,-7298.8264
High-Value Core,168.0,0.24370626475626547,0.15872425757346073,0.07905809835161812,1,689.0260000000003
Casual Regulars,184.0,0.24243319351156878,0.14769091952528052,0.06560707338393044,0,-424.0713999999998
Casual Regulars,,0.11097277745885913,0.23813943910054394,0.06533961103026895,4,-1735.5834
High-Value Core,106.0,0.4554064432116019,0.14160962244049347,0.028225871093674783,0,7732.564
High-Value Core,73.0,0.22872465204149156,0.10023336041158551,0.007295289199928599,0,21845.244599999995
Casual Regulars,,0.032286224966741606,0.3540522634272192,0.027819335510170254,1,-1962.8676
Bonus Opportunists,5.0,0.4799206912856652,0.33526190879989526,0.8203437238413372,194,-4848.431
Early Churners,,0.2508349096083869,0.21555647527054358,0.5880341884164301,203,394.40819999999997
High-Value Core,199.0,0.48797092971216527,0.1773927165434568,0.03403865120116121,1,-313.0935999999997
High-Value Core,323.0,0.15449414848942264,0.14254704249964292,0.11560005291761069,0,1419.8337999999994
Casual Regulars,,0.10273057311333446,0.2380683240323133,0.05276902966060119,1,-1968.118
Borderline Opportunists,,0.15363835347844226,0.274036579037481,0.06190505022522766,11,-858.8662
Casual Regulars,209.0,0.18648770231226924,0.14586886618846098,0.08912402071495419,5,-2562.9016
Casual Regulars,,0.44579319925176975,0.21863658487943333,0.006160352926167641,7,-1838.0956
High-Value Core,84.0,0.14964271364095688,0.1594600449492884,0.16145120690660184,0,-105.28600000000006
Early Churners,,0.08709985855695483,0.3002000487968689,0.5903398301635301,205,-513.0803999999999
Early Churners,,0.08606436208273893,0.3893918915874132,0.49368777397167635,212,135.44220000000007
Bonus Opportunists,16.0,0.9811053517517015,0.4202806433700681,0.7880583628990505,177,-9810.0056
Casual Regulars,235.0,0.11676823964453213,0.16770365479318974,0.088303665008968,8,1079.6196
High-Value Core,125.0,0.22402331364782696,0.13099065151527936,0.007739666253014831,0,18869.409800000005
Casual Regulars,,0.5569103533181671,0.22072438388935758,0.03975512066595582,10,-416.3324
Minimal Engagers,,0.1685941305845933,0.13486414138269429,0.28832455678561947,23,-1069.6906
Bonus Opportunists,,0.2988186928612584,0.38272122750006704,0.9318459382785766,320,-1343.7814
Bonus Opportunists,0.0,0.5669001500653204,0.3999820344954247,0.7529018622879319,211,-105.49259999999958
Minimal Engagers,,0.0,0.48835463168276194,0.0,141,-2570.2454
High-Value Core,208.0,0.14894300936114385,0.21041080537627901,0.10068923946867284,5,-2116.7991999999995
High-Value Core,133.0,0.22552740495337334,0.13251046025533952,0.025070010759995466,0,2375.840000000002
Early Churners,,0.09737775035674677,0.18059003395366469,0.6948247682565396,208,-879.0350000000001
High-Value Core,126.0,0.15327760500858711,0.13474817509586048,0.016885481743301095,0,12056.923999999999
High-Value Core,134.0,0.38782264595240434,0.11388760224782257,0.013049186548413014,0,6682.6810000000005
Casual Regulars,,0.12954811184682297,0.2715959744945408,0.06798982435536527,3,-993.1321999999999
High-Value Core,65.0,0.14551664424183525,0.16686439642955891,0.019586434335609228,0,16925.6992
Bonus Opportunists,0.0,0.9467201692432565,0.7714212592829115,0.8111824253830022,160,1426.9645999999993
Casual Regulars,,0.11441927881312448,0.26401411818403636,0.07232676009867098,0,-1123.4524000000001
High-Value Core,178.0,0.15710885107346795,0.20949418091067654,0.044372852325462224,4,-3385.6106
High-Value Core,241.0,0.1386289157294168,0.14013716773259788,0.05806308056047405,1,-8032.1324
Early Churners,,0.7227378968041127,0.43969187022713113,0.5747503513853246,201,-1036.6048
Early Churners,,0.11007023183109134,0.27423438442482373,0.26944462791317775,220,-2272.9688
Casual Regulars,,0.5713590468281661,0.23367305868707186,0.056291276253746705,10,-1077.684
Casual Regulars,,0.056613641126477134,0.2119760708338537,0.0672109759821105,1,143.23720000000003
High-Value Core,125.0,0.2305150787215504,0.15346601395547788,0.07373088563562437,1,4803.4886
High-Value Core,53.0,0.17900813946385988,0.15977789148396343,0.10885242607897733,4,-486.2330000000002
High-Value Core,115.0,0.1524145285699186,0.14171980752191649,0.014101633354447833,0,11150.107399999997
Early Churners,,0.5160361465960924,0.26451523897003365,0.7123412675515198,245,110.55100000000004
High-Value Core,95.0,0.18860153577237015,0.14854241277982336,0.10177535227872435,0,1204.7934000000005
Casual Regulars,,0.10138806185824654,0.32903941636723805,0.01238672782776417,2,73.0003999999999
High-Value Core,161.0,0.13648158531808183,0.12953129992355367,0.0023834494405957905,0,716.8168000000023
Casual Regulars,,0.22933396761177585,0.35897208624976484,0.036203900698068406,20,-0.41240000000004784
High-Value Core,285.0,0.12001778758802069,0.18223750593394777,0.10634503508423256,2,-10375.4812
Minimal Engagers,,0.5642902465260702,0.37468976268775245,0.34541936940502344,214,-1645.8662
High-Value Core,81.0,0.20571652439928748,0.1351331845694507,0.13001375451308295,2,4756.205599999999
High-Value Core,120.0,0.11503032497078684,0.1273923147201634,0.012838857881438612,0,7060.672200000001
Casual Regulars,,0.32274302311660796,0.12482947126899059,0.0592846281997778,6,-521.2454
Minimal Engagers,,0.0,0.3945449961162378,0.03933785036978117,0,-761.9841999999999
High-Value Core,159.0,0.5356329664519073,0.2056601222323619,0.03399149483421892,1,440.94019999999955
Early Churners,85.0,0.18825904120495027,0.19415029286883406,0.49279343985798985,201,593.7812000000004
Bonus Opportunists,0.0,0.25132226180054157,0.5316814026876578,0.7491956816101369,150,1229.7691999999997
High-Value Core,102.0,0.4432661132443103,0.13666232273142276,0.06945757492263961,2,3978.8296
High-Value Core,175.0,0.42739381770704116,0.1475805371973025,0.05727545965543744,0,-1369.8522000000003
High-Value Core,238.0,0.15441310895911545,0.1571834364312554,0.09340538133835241,0,-828.248
High-Value Core,96.0,0.15698551609730316,0.10709435182770699,0.01270510445263297,0,8014.625
Casual Regulars,308.0,0.1354569455607159,0.2212806446447986,0.08202367629410418,2,1197.1888000000004
Early Churners,,0.5214735054025368,0.24502733735865828,0.49624766331072145,205,390.1829999999999
High-Value Core,85.0,0.17177541430947607,0.1355333514608494,0.07919403820658152,2,1438.9758000000002
High-Value Core,70.0,0.39792555537784824,0.10487448619581044,0.010039509757251127,0,9921.384799999998
Bonus Opportunists,5.0,0.277226890412621,0.5058852932075089,0.8756866678087841,309,-1698.8180000000002
Casual Regulars,,0.04475632462057801,0.24785127408193786,0.13066260034585828,36,223.9960000000001
Casual Regulars,,0.1276158565805909,0.24418690075478047,0.04178653636156522,1,-163.3439999999996
Early Churners,,0.06080169308881922,0.32961859736938215,0.4514385753719004,203,-1058.3496
Bonus Opportunists,19.0,0.19319957634613943,0.6529761426143021,0.8019178160524095,202,-7834.426
Minimal Engagers,,0.3517972877585506,0.3139500386333326,0.18226214412525935,88,-2450.3968
Casual Regulars,333.0,0.19488811083654023,0.15442638974642148,0.029593141937326,1,-4457.437
Casual Regulars,,0.2037829883082353,0.1823180526264946,0.03948195923169509,7,-973.1615999999999
High-Value Core,191.0,0.16503306812734478,0.18666571075320043,0.048403401507536435,1,-3535.228599999999
Early Churners,,0.028611235681537135,0.2659541559121209,0.5984230797434188,201,-398.1332000000001
High-Value Core,127.0,0.21750552479272808,0.09463205035587766,0.012927791613555938,0,13827.2076
High-Value Core,131.0,0.15256733923484328,0.1364282934353096,0.10975210669311052,3,-959.9823999999999
High-Value Core,82.0,0.33739682725542464,0.11520362666652405,0.012164143192678103,0,10614.2042
High-Value Core,134.0,0.43726810386619563,0.1646605410874866,0.08592616651145894,0,2818.8342
High-Value Core,99.0,0.24416686929077103,0.13403541491261142,0.005634296006914212,0,15517.4146
High-Value Core,68.0,0.13043266308165016,0.11514811606835723,0.006883445727833913,0,13570.033000000001
Casual Regulars,,0.4588846799275263,0.15603832093296818,0.1235126573755831,7,376.8030000000001
Early Churners,,0.01799242672912952,0.3570370283277649,0.4108696394293262,217,-795.3496
Bonus Opportunists,0.0,0.26290706230106137,0.5526870077663795,0.763530528398427,121,-5727.3362
Early Churners,,0.13748570984439584,0.2343437833590955,0.526837093720787,205,236.65880000000004
Borderline Opportunists,,0.4112088346194221,0.4307462119968948,0.0379435008688589,52,-1109.8818
High-Value Core,62.0,0.19957999683285957,0.1428197420405066,0.004320990356066331,1,13768.801800000001
Bonus Opportunists,31.0,0.48303156005710673,0.31626190323286135,0.4111282814261501,306,-518.0263999999997
Early Churners,,0.08046180814171383,0.5926235811323435,0.35714760117841843,226,-862.7344
Early Churners,,0.07547956960994999,0.25642115126241743,0.551029439759992,201,-1064.3046
High-Value Core,,0.22890432275377653,0.13840176141453164,0.096593402109159,0,409.31320000000005
High-Value Core,186.0,0.13279799987888455,0.15077954665385718,0.09886726445152738,0,-6836.1406
High-Value Core,,0.09470655608825015,0.19819727419969474,0.10951049357724918,0,364.50860000000057
High-Value Core,93.0,0.14856109601884096,0.14943458792159867,0.05636962892376719,0,-1517.1023999999989
High-Value Core,122.0,0.14920942260639544,0.13468985988763868,0.057744593866570895,1,786.5726000000009
Bonus Opportunists,5.0,0.49331510909647197,0.4410510065605327,0.7352797280717689,238,-8375.522
Casual Regulars,,0.22456451637849906,0.20895064603474262,0.08389486921908208,0,-1591.3971999999999
Early Churners,,0.16948604517115873,0.2569920059393505,0.4868002981809738,212,-628.8735999999999
Bonus Opportunists,20.0,0.19345265559013788,0.6416356567503121,0.8981289121344402,158,-8499.8508
Early Churners,,0.06151100783863126,0.4630711925962843,0.44164243021436045,203,238.5312
Casual Regulars,,0.1828686932548072,0.1564931442557779,0.13060450768589404,6,-222.9196
Casual Regulars,,0.17349829747093845,0.1980596858372206,0.02047259975148935,5,-1743.2158000000002
Bonus Opportunists,0.0,0.16344849970466874,0.6406730528563018,0.7355507841912949,187,6179.7444
High-Value Core,47.0,0.158337699024146,0.1262568587737263,0.02853813950494499,0,13837.238799999997
Casual Regulars,,0.27788450748410853,0.16204190035061958,0.10039587666945016,13,-445.90739999999994
High-Value Core,341.0,0.2386355305001711,0.12992240237321173,0.07514462201019316,11,849.8123999999998
Early Churners,45.0,0.2526381614767079,0.216323666128219,0.5419793653698568,203,-4449.2732000000005
High-Value Core,241.0,0.12212814966112996,0.2036574525066244,0.07999035243774841,0,-9389.9792
High-Value Core,165.0,0.11841850492648831,0.1291978818756025,0.001498628952554224,0,1998.2724000000035
High-Value Core,46.0,0.16544481831927213,0.11477432927337948,0.029140603219165225,0,21243.7564
High-Value Core,277.0,0.10491836537466391,0.13059514327255312,0.07366962908181693,1,-9931.1968
High-Value Core,121.0,0.198186910284555,0.13208912221114633,0.1178593550305515,0,2929.746
Casual Regulars,,0.5944051206928331,0.301844721748916,0.17506599855008362,14,-2292.9478
Casual Regulars,,0.14696027908505285,0.28208298565606343,0.06729711794959715,6,-817.7617999999999
Casual Regulars,,0.12847334799575952,0.1939779836340727,0.19232739883860928,0,-1504.799
Early Churners,,0.14510156056940848,0.3096990696062308,0.45157317455421303,209,-997.9466
High-Value Core,136.0,0.4462982476642941,0.13444549132407094,0.09220052427779779,0,890.1979999999999
Early Churners,,0.47493143876592886,0.21712754898697034,0.45642696952567274,204,524.5258000000001
Casual Regulars,,0.08345811246991387,0.31934784848324327,0.07134801466393978,8,-279.97440000000006
Early Churners,,0.13224954538796702,0.16856056904187883,0.6594916868114888,205,-882.2715999999998
High-Value Core,158.0,0.17570668821642701,0.11981522289522853,0.0010923947098048742,5,55.97099999999955
Minimal Engagers,,0.0,0.49541282126989683,0.0,127,-1088.1796
Minimal Engagers,,0.16208404481279415,0.4212238609606348,0.0,80,-575.989
High-Value Core,224.0,0.19090964338211552,0.15369684892719068,0.057553674668482775,5,-3677.8331999999996
Minimal Engagers,,0.3502639929171056,0.3794577080382454,0.0,169,-2138.1044
High-Value Core,254.0,0.459845272912605,0.17043220040937002,0.05320361937743977,1,2190.2774000000004
High-Value Core,90.0,0.2057561551264392,0.1467148972527566,0.07995393579966427,5,238.09159999999974
Bonus Opportunists,1.0,0.3928952553812875,0.39280580353671163,0.9343841222043994,313,-49.564800000000105
Casual Regulars,,0.6250298190088074,0.2424687638599657,0.056476227913995064,1,528.4748
High-Value Core,75.0,0.1604488424915763,0.19397341756844477,0.09718090447149282,0,3873.9853999999996
Casual Regulars,,0.07668764037408665,0.18438862751115356,0.04003343208548778,10,-1477.9142
Early Churners,,0.1428393946238988,0.4279632539159694,0.4756022535510703,230,-198.964
Casual Regulars,,0.1548323877879454,0.22335416084905838,0.029804065670519866,12,-1741.1306
Casual Regulars,,0.17881417813525968,0.22808313097557534,0.12284298478843719,25,-841.194
Casual Regulars,,0.5323904443445199,0.16751549286777476,0.07301469559421492,2,-954.7585999999999
Early Churners,,0.672548164268095,0.39251149212971004,0.5991155400847828,209,315.5350000000002
Casual Regulars,,0.2146832041170111,0.22447655374744235,0.044721161411656336,0,-1199.5072
High-Value Core,139.0,0.5353633908627713,0.2006411140361243,0.08572806160194596,1,-2058.9847999999997
Minimal Engagers,,0.0,0.5253975843093148,0.3462549382183771,16,-1137.3762
Casual Regulars,,0.19461115654767633,0.13708266968990332,0.06892379486192629,1,-434.84800000000007
Bonus Opportunists,17.0,0.5292603217296296,0.3271655307227359,0.8224850405331499,149,-6990.0358
High-Value Core,168.0,0.2260113360764463,0.10685066594752965,0.008056922285838824,0,418.0897999999979
High-Value Core,77.0,0.17835710423259168,0.1289250159108327,0.011615847918006874,0,24682.5014
Bonus Opportunists,5.0,0.295267018030546,0.5601941582180916,0.9081600688051586,121,-2042.6297999999997
Bonus Opportunists,0.0,0.9832456725809979,0.7866785551384373,0.832422306903058,296,-390.6941999999999
Casual Regulars,191.0,0.1932805548718881,0.1494354385901836,0.07530980166555443,2,-505.85320000000024
High-Value Core,151.0,0.08720663188201086,0.14849350115934315,0.04577243758324111,0,-2815.4042000000004
High-Value Core,134.0,0.32049012322303233,0.10029019950123344,0.0,0,424.3217999999997
High-Value Core,,0.162273796337018,0.12380758185597909,0.04961586160990475,2,56.698799999999665
High-Value Core,115.0,0.17137011021086102,0.13404284275333686,0.06146678176209365,0,-1831.6828000000005
Early Churners,,0.04865473580237488,0.46035359813168186,0.32933527700966514,216,-1380.863
Minimal Engagers,,0.0,0.42061265596694564,0.2615764709465221,225,-994.9248
Early Churners,,0.18547319120310624,0.2408907585491462,0.6683953282510214,212,-31.54480000000001
Early Churners,,0.3855777940135285,0.20711530640234985,0.4515814883060217,210,-1892.0972000000002
High-Value Core,103.0,0.39697128970151113,0.11455810950646217,0.014901715678463092,0,10093.612999999998
Bonus Opportunists,0.0,0.9710429316510538,0.6278918164863405,0.843520070632885,281,2469.923
Early Churners,,0.10913802087466208,0.2221556270315778,0.5094213047457322,205,-595.0944
Early Churners,,0.6543636107260385,0.30794128021195616,0.4686530921689957,211,392.1460000000002
High-Value Core,131.0,0.2053624345968005,0.16356053796912862,0.08300414597206414,1,1825.7272000000003
Casual Regulars,,0.1610688036165323,0.2639574704670651,0.21038729055893937,0,27.35599999999988
Borderline Opportunists,,0.05701454113979966,0.2015952534896852,0.0,4,-2266.0922
Early Churners,,0.1299556392146979,0.20564223236915147,0.4186866608516561,233,-693.6951999999999
Early Churners,,0.2063344265450909,0.23445735587652056,0.5942463764373348,205,-1918.4607999999998
High-Value Core,211.0,0.4959798473066169,0.20451186411721514,0.08819254129201101,2,-7270.8188
High-Value Core,256.0,0.11655980870716756,0.20749215862810008,0.05920495566344252,1,-3927.045
High-Value Core,216.0,0.1354192432980795,0.15194232716131056,0.041403731505841104,0,2480.4596
High-Value Core,85.0,0.12811669422910615,0.13290750447446953,0.010004977653296528,0,17103.7588
High-Value Core,115.0,0.1582410866070056,0.13105351480558458,0.11622860409855172,0,2894.978200000001
High-Value Core,107.0,0.4170002972145799,0.13688360099826768,0.09186845681113291,2,-1953.2365999999993
Early Churners,,0.31750664843506066,0.22889905462855958,0.4065590714800978,224,-2228.484
Early Churners,,0.09942629454639647,0.1815464419787552,0.6758305982799492,213,-1312.0144
Early Churners,,0.0,0.2783715825275362,0.6016909810539585,201,-656.7414
High-Value Core,155.0,0.1188089241453986,0.18606136695888434,0.08443084245771705,0,-691.2246
Casual Regulars,,0.13102422421402865,0.27928423046237977,0.002900002263416401,8,-1351.7248
Casual Regulars,,0.4877922784719838,0.17999827300845547,0.04248012460828173,2,-563.5094
High-Value Core,324.0,0.17816174132124735,0.11984192781858723,0.07509988614571612,0,1268.8048
High-Value Core,87.0,0.11493821020360981,0.19379203364753617,0.07039327410134305,0,3116.0686000000005
High-Value Core,50.0,0.3574105061399856,0.09981673545708085,0.00993676645817595,0,24222.891600000003
Early Churners,,0.7092494777829468,0.43698078148275266,0.43037776780514414,216,-1869.5566
Early Churners,,0.6037885103988415,0.3160869138475138,0.327343938724453,204,584.1142
Minimal Engagers,,0.6995094599425387,0.3143709949008504,0.3004905400574614,4,-479.1536
Bonus Opportunists,16.0,0.38447630963800483,0.38134342390123366,0.7198809186036722,133,-7887.1134
High-Value Core,,0.145484658319959,0.15901916927395618,0.1086093617687189,0,233.39060000000018
Casual Regulars,,0.08878335856876084,0.27593445263223376,0.015917232887655904,3,-623.6938
High-Value Core,114.0,0.15577276680373192,0.11929286053771042,0.005667127340571713,0,19635.251200000002
High-Value Core,,0.1972692914232348,0.12583328664492321,0.07951980657449914,2,-449.4666000000002
Bonus Opportunists,1.0,0.9088965241299312,0.35402209842565247,0.9037743274586251,314,1095.9572000000003
High-Value Core,74.0,0.16700332107768923,0.12076100419386668,0.018176556894287415,0,21307.453000000005
Casual Regulars,,0.7078828840675653,0.46682255313923143,0.12228462407226925,3,464.6408000000001
High-Value Core,212.0,0.1723720944351966,0.1476093735623056,0.007827144294179508,0,-4295.8588
Early Churners,,0.38545081740502946,0.18974672322879557,0.6108060465476485,202,-2111.9066
Casual Regulars,,0.3666536513047391,0.12075690842180248,0.07411221379078668,0,110.36459999999988
Early Churners,,0.08462355903007818,0.22909429653802033,0.22756433019742942,203,-445.29999999999995
Casual Regulars,,0.5015618900240912,0.1841576757662175,0.1294877521233756,8,-1231.33
High-Value Core,120.0,0.09067134127899348,0.2305364748468503,0.1097309244265938,0,3371.4723999999997
High-Value Core,191.0,0.1651193633146298,0.18633825346585134,0.07177076234740418,2,91.14520000000039
Bonus Opportunists,8.0,0.3464618411502539,0.3983587417751459,0.7575757106674137,140,600.8246000000008
High-Value Core,120.0,0.24404028096536054,0.15002159447837082,0.048590627482797584,0,2979.7608
Borderline Opportunists,,0.5012910298800975,0.26384578281139554,0.3609189844144362,211,-1733.0951999999997
Early Churners,,0.5539042676556023,0.32456804988146726,0.500966865806068,207,-1816.127
Casual Regulars,,0.1092704472775515,0.1771071327035821,0.04013061197393984,0,842.5231999999999
Casual Regulars,,0.543518796445366,0.25077306588918485,0.049190222230307355,8,-1210.531
Casual Regulars,,0.24304360978118744,0.14657609163558452,0.03942468471859428,3,414.88700000000017
High-Value Core,,0.1651703891073258,0.18005666417994612,0.07281424537448765,0,131.93520000000035
Bonus Opportunists,21.0,0.9324572173657161,0.7235706965180324,0.9806337655990245,308,-4207.8304
Casual Regulars,,0.16452017961617338,0.1728410618896531,0.11047458065138374,4,146.97960000000012
Casual Regulars,,0.0693354723886396,0.31542403019564447,0.07965738174177328,2,-45.219799999999964
Casual Regulars,,0.08041733265842138,0.15680687342444982,0.07947632637436207,22,-1869.2902
Minimal Engagers,,0.43558312867668053,0.5082990666221701,0.0,29,-1771.9856
High-Value Core,71.0,0.20421024990634262,0.12326004308993481,0.010947600846910566,1,13860.169000000002
High-Value Core,116.0,0.1925922190072901,0.11779994691238836,0.01772284712064527,0,10073.823400000005
Casual Regulars,,0.2276490124473153,0.256822065645785,0.13266112670836883,4,-258.9144
High-Value Core,91.0,0.160622502393561,0.12534350498625405,0.002542637805675021,0,18295.369599999998
Early Churners,,0.31588438862414114,0.21317418767814317,0.6073798237540026,201,-29.184200000000033
Bonus Opportunists,2.0,0.27076814311166497,0.5241134058489004,0.8373439318371512,155,1457.2428
High-Value Core,,0.13426647324643765,0.16311300153111455,0.07666357532375861,4,523.5616000000005
Early Churners,,0.5154934529111601,0.22221218058506276,0.5111278819050646,207,109.96439999999984
Early Churners,,0.1093584670174353,0.3249567850778044,0.500654458420075,201,-25.065399999999954
High-Value Core,109.0,0.18394352073558062,0.1747677571800694,0.057232224773031685,4,1147.4696000000004
High-Value Core,155.0,0.19195869309410474,0.10060602657481167,0.0004015369305225628,0,-190.86459999999897
Casual Regulars,,0.5567832444506723,0.2764463725490178,0.10552068479488302,4,-1617.6592
Casual Regulars,,0.10460585555420479,0.2558831364659596,0.03712315867773022,8,-617.6196
High-Value Core,110.0,0.14819788398328973,0.14383732585805648,0.0414468586083913,0,3148.6045999999997
High-Value Core,149.0,0.46559589086099934,0.1589785150996073,0.03947882861675224,2,-2051.658
High-Value Core,107.0,0.10638272612005355,0.1960522899557808,0.13094803442450084,0,1798.5619999999994
Casual Regulars,,0.4905841520745333,0.2108559666228066,0.0,7,17.04480000000001
Bonus Opportunists,0.0,0.11295350037656517,0.7012582786898708,0.9191198825652123,197,-1388.6147999999994
High-Value Core,172.0,0.14624667955851528,0.11124641640152595,0.005895690382435059,0,651.8653999999988
High-Value Core,254.0,0.164406475885385,0.14162276231332444,0.09681173801457285,0,-9423.3426
Bonus Opportunists,5.0,0.6502961893692498,0.3717630960750421,0.9218754505619292,117,-7257.0617999999995
High-Value Core,142.0,0.44023761484897034,0.14498574144796514,0.08613749933636253,0,1767.8044
Casual Regulars,,0.4043976655949501,0.16465918717951836,0.19498382666569575,0,199.2786000000002
Early Churners,,0.6841094254322738,0.3386754065227051,0.5827716979003952,201,-2082.2264
Early Churners,,0.036329939812573604,0.2828007289392411,0.7809333025050397,211,-1246.396
High-Value Core,216.0,0.2116746344778712,0.13348917311663305,0.12144161278161156,2,-3999.7578
Bonus Opportunists,4.0,0.34722372462181955,0.4247601487694473,0.7511572011956981,161,-5010.8608
Casual Regulars,,0.10922575858673994,0.21285881819090235,0.07406165281620807,8,-1857.0992
Casual Regulars,,0.13783499901328125,0.2926964027284112,0.02811547931513314,13,-1600.7284
Casual Regulars,,0.09094995524719098,0.22157951930304332,0.060534673990765425,10,257.7178
Bonus Opportunists,,0.44192165108495707,0.3607404166990657,0.7351400587267324,179,709.5437999999999
High-Value Core,90.0,0.1501479502592196,0.14949094324875342,0.09358615645397726,1,3761.668600000001
High-Value Core,176.0,0.24011348968992108,0.13790878373783177,0.06638210744075888,0,-3285.8322
Casual Regulars,,0.11298429348366695,0.2604296251593188,0.08021848840089776,9,-1261.0394000000001
Casual Regulars,,0.6970674342087618,0.3880962778226769,0.1617288149048493,8,18.58360000000016
Casual Regulars,343.0,0.20793059403062567,0.14339726589592675,0.061996658144784805,11,944.6510000000001
Casual Regulars,,0.17374408819671522,0.2734176722888654,0.04429407064604925,2,192.85120000000006
Bonus Opportunists,,0.3136625175080594,0.4749875605639772,0.9230985679250001,314,-1689.6635999999999
High-Value Core,292.0,0.1450155865733096,0.17604493281869085,0.0587667236436653,4,987.2066000000004
High-Value Core,170.0,0.1020517205594005,0.18272667489661787,0.10547195952470577,1,16.500400000000354
Casual Regulars,,0.43101079833887124,0.1611449067895559,0.013074332421154421,19,-721.0003999999999
Casual Regulars,,0.11859117852969592,0.3126076575575242,0.05273987322985229,3,164.68259999999987
Bonus Opportunists,,0.3355708728914858,0.37578025734131076,0.8576949367463851,314,271.2334000000001
Casual Regulars,,0.11894532149713336,0.23458388436034822,0.052425960345520974,0,-327.1844
Bonus Opportunists,45.0,0.1313637255238863,0.754660750957735,0.7691951135888323,159,-8988.9226
High-Value Core,116.0,0.4060843283607985,0.14854360635415306,0.08523532418141051,1,-2065.437999999999
High-Value Core,206.0,0.1622633168531508,0.20967113672381954,0.07037307952382235,0,-1987.7311999999997
Early Churners,,0.06377749934833216,0.34250094973114625,0.529032977589773,203,-1136.5747999999999
High-Value Core,135.0,0.16759969536611152,0.1547008587333897,0.04416991161012121,0,-5.10740000000078
Borderline Opportunists,,0.5381588604069217,0.3315682974696201,0.2835843067210172,122,-1086.907
High-Value Core,148.0,0.4912413934052441,0.17508204663082247,0.06684062788423381,0,3315.1477999999997
Early Churners,,0.2023458295634843,0.21176488993030526,0.6362792245256548,206,-1711.9168
Early Churners,,0.1125171013059446,0.2606510927053336,0.4877053096723465,208,-1509.5862000000002
High-Value Core,143.0,0.15590448508262864,0.13417707385363273,0.09169077770228834,5,2086.023800000001
High-Value Core,111.0,0.22152244531745482,0.10618234502515458,0.009360786703915588,0,2176.743199999999
Early Churners,80.0,0.19760006748562875,0.2518337032789079,0.4939220168677177,210,692.5501999999999
Casual Regulars,,0.26049511674755393,0.25577295133210204,0.061685221929716025,10,-1416.8742
Early Churners,,0.15768250339804382,0.314235737385113,0.6012560536294992,234,213.8506
Minimal Engagers,,0.1127554352897266,0.20452606360907344,0.1683228319001292,219,-296.377
Casual Regulars,,0.5915408826705264,0.24698509053694337,0.01679647115583431,2,-577.676
Casual Regulars,,0.49976438861346634,0.23054107385405276,0.0,5,-180.24099999999999
High-Value Core,152.0,0.406045512624471,0.14221317808131648,0.09477197058438779,0,-1436.7545999999998
Casual Regulars,,0.4528982300331492,0.1604537082545051,0.06694672468753464,1,-921.1097999999997
High-Value Core,85.0,0.20628180435180218,0.14323487153470213,0.010389107065191909,0,23338.7066
Casual Regulars,,0.10465895567838096,0.3772158489663322,0.08196598772935264,12,-1329.0876
High-Value Core,181.0,0.1569820447716704,0.16056119545035782,0.06618242103041685,1,696.8927999999996
Bonus Opportunists,,0.2914691620037876,0.5007601971190626,0.8452129529576901,299,458.8334
Casual Regulars,,0.16933090497118236,0.28656236075841185,0.01771838525239548,20,400.94899999999996
High-Value Core,233.0,0.4771823217225101,0.17011206109272303,0.09850854363794372,0,2557.687
Early Churners,,0.40668852844692144,0.2355906523069194,0.4198788159589396,207,66.49039999999991
Bonus Opportunists,1.0,0.5618831703566443,0.4252585532940767,0.805992731292369,122,270.39620000000014
High-Value Core,91.0,0.1405932954487065,0.17995219493402362,0.06566921977890977,2,277.15860000000157
Casual Regulars,,0.05952016317961844,0.22237863986965883,0.038462111566779304,3,-1316.8024
Bonus Opportunists,0.0,0.32374637105138726,0.46860358418949366,0.6322419711044035,129,4047.4198000000015
Casual Regulars,,0.10347413345673732,0.2575356683598184,0.09604229841333188,1,-1846.2696
High-Value Core,81.0,0.18421895857655918,0.13925202163737432,0.08549220471335615,0,2087.6439999999993
Early Churners,,0.13820977723771938,0.33500460116986996,0.4244146072670692,210,-2092.4006
Casual Regulars,,0.059904730939332566,0.21736421795816946,0.09233734335643241,3,-1289.446
High-Value Core,107.0,0.17518123074327327,0.1694572443110651,0.04968258592604858,0,-1546.2365999999993
Early Churners,53.0,0.5194180347845753,0.24874024690199675,0.4752169371887834,206,-4093.4685999999997
High-Value Core,243.0,0.16056603275539424,0.18386938630018532,0.07532921191824483,2,-7958.5686
Casual Regulars,,0.3461361836181587,0.16603209180747866,0.0,1,-745.4903999999999
Casual Regulars,,0.07658172460626457,0.3349388817887096,0.0415097067844407,6,-96.52739999999994
Early Churners,,0.08936979949643098,0.2647999272238467,0.6514043151952047,218,-886.1602
Minimal Engagers,,0.0845484116008648,0.4703701164390856,0.0,2,-545.977
Borderline Opportunists,,0.51724318856473,0.20725598112557142,0.5724465389778594,241,-1776.888
Casual Regulars,,0.3309337257938681,0.14032974729800912,0.0,0,-687.0157999999999
High-Value Core,300.0,0.12475216916582317,0.14873780944515383,0.06397834813994782,0,-9753.044600000001
High-Value Core,224.0,0.15092727044285623,0.13974009535787235,0.04831246101293237,5,2114.0410000000006
Early Churners,,0.08192047272307898,0.2622558514063134,0.5631826053119722,207,535.887
Bonus Opportunists,0.0,0.533239600395075,0.4490101358423776,0.970278907049029,312,-976.0803999999998
Early Churners,40.0,0.07060354923676976,0.35416884277885335,0.4932640850752778,206,583.3806
Bonus Opportunists,12.0,0.2925111829336941,0.4859318183834904,0.806955073033327,307,-8912.4048
Casual Regulars,,0.13173302837996367,0.14285588435291469,0.09807152443204731,1,-1286.0241999999998
High-Value Core,183.0,0.19394206012985352,0.12398024876072089,0.09643262789722493,1,-6895.4878
High-Value Core,122.0,0.19550849312040047,0.11370890456505904,0.06978118209437377,1,337.02559999999994
Casual Regulars,,0.549778112872508,0.1598479922231325,0.05435763714772843,1,-414.28520000000015
Bonus Opportunists,28.0,0.43996317246678235,0.27135300840547494,0.6715897218505615,190,-9670.779999999999
Minimal Engagers,,0.0,0.7499174410803658,0.0,75,-1971.1038
High-Value Core,115.0,0.19917986635695853,0.13834655216078792,0.08630343257486912,1,-332.84179999999833
High-Value Core,109.0,0.20655197461426034,0.11895812148393235,0.009451036736280442,0,9460.933599999998
Early Churners,,0.19319459183920884,0.2427471997722916,0.4828354064405944,201,-405.97339999999986
High-Value Core,71.0,0.19775926532492222,0.11323434670300087,0.13378090199385717,3,3382.8158
High-Value Core,146.0,0.14572133922790997,0.16100951680100703,0.08303295458138503,0,1886.7695999999996
Bonus Opportunists,24.0,0.09967476630414031,0.7443532935822439,0.9461470346953594,230,-10509.833400000001
Bonus Opportunists,1.0,0.29312798127086803,0.4942033326270472,0.6535907049140147,165,387.7365999999997
Casual Regulars,,0.05713981854921178,0.17447250153600544,0.05298504817144836,7,-233.289
High-Value Core,,0.4799717946931963,0.1675729564572167,0.03342931520250734,2,-64.5906
Casual Regulars,,0.21870784703593302,0.34123488770552546,0.11643048319666767,3,-1274.5328
Casual Regulars,,0.27130522537109736,0.27889888952993463,0.13409766525972244,2,-1888.529
Bonus Opportunists,,0.2763351165924903,0.5570450757436453,0.8375482461433683,312,-18.135600000000068
High-Value Core,286.0,0.16037772011919008,0.14051621242420995,0.06611914390768357,0,-8445.1562
Bonus Opportunists,2.0,0.28095359199901415,0.5093982983411718,0.8391484487954781,176,-3387.756599999999
Early Churners,,0.1472521805081532,0.3620828654613777,0.49484888130451266,217,-145.19999999999982
High-Value Core,162.0,0.21765389300348323,0.10572623715356971,0.005075170846799808,0,8321.119999999999
Minimal Engagers,,0.13812475152810216,0.3416416138908899,0.16113169631764646,30,-2342.4256
Minimal Engagers,,0.4533724435986209,0.21570913930999702,0.5432491400812494,224,-904.1094
High-Value Core,127.0,0.42024733161399236,0.1536653205129881,0.05511959975192026,0,-158.17239999999993
High-Value Core,90.0,0.20168240187243466,0.12284323205574439,0.12909933009280153,3,4608.363200000001
Bonus Opportunists,,0.4211703255877589,0.41875858083289863,0.678936075803546,210,-994.9457999999997
High-Value Core,87.0,0.38634326646910566,0.129711577964465,0.08982593117856713,2,-1309.7618000000002
Borderline Opportunists,,0.2603079661771251,0.6149045421562924,0.0,142,-387.65
High-Value Core,148.0,0.16233893023055967,0.1342698849466854,0.0014360086136898428,0,17215.062199999997
Early Churners,,0.09590201427294104,0.40285154239377535,0.5481747979931781,215,-1826.9568
Early Churners,140.0,0.12560583023823002,0.252967079729109,0.5629639868199875,205,-4664.6143999999995
Casual Regulars,,0.10631706542335877,0.24882468025499946,0.13099519398694626,15,-171.32840000000004
High-Value Core,105.0,0.15287813945878723,0.15037264352535673,0.09573169731502605,0,94.16100000000006
High-Value Core,138.0,0.19681963418707676,0.17221103733625912,0.07772231238394725,1,-2643.4280000000003
Bonus Opportunists,0.0,0.18629896232358106,0.6732845736519296,0.8560221315088639,206,3341.0116000000007
Bonus Opportunists,,0.5377821480921046,0.27475728464101423,0.6224805010809583,147,247.82799999999997
Casual Regulars,,0.1610237692076727,0.23639893512744353,0.05194216302445143,0,-1612.5004
Bonus Opportunists,6.0,0.20882974113144004,0.5839827428216785,0.6602775924809884,214,-6365.774999999999
Casual Regulars,,0.1571858004189579,0.1714131222443862,0.06068911528691441,22,-648.3078
High-Value Core,176.0,0.19858736284468362,0.12676504142324593,0.006018682996969091,2,-958.6767999999993
High-Value Core,145.0,0.23602900626872406,0.11311441536237671,0.10568578567256705,0,2836.9674
High-Value Core,125.0,0.16924130912331153,0.16088541621220637,0.08442300838130214,0,-1788.7605999999996
Minimal Engagers,,0.29059934225615386,0.29683318690575144,0.0,23,-896.8206
High-Value Core,93.0,0.17302004951145117,0.10820551090906137,0.006849046044979017,0,12580.3488
High-Value Core,71.0,0.177930665279595,0.12097228049358927,0.006025749789651234,0,12566.8554
Casual Regulars,,0.09099554455163128,0.21094346355309962,0.02198914947145033,2,-749.4179999999999
Casual Regulars,,0.11457279216003008,0.21202605823693396,0.11263855357517272,2,-1606.6916
Early Churners,58.0,0.10637210675691076,0.22421181770666543,0.5180222167250221,203,744.2698
High-Value Core,107.0,0.4398460752114792,0.1470066490808424,0.006701661727817197,1,21842.534800000005
Casual Regulars,,0.5399520838728068,0.19126377770216485,0.05596329476687128,7,319.1060000000001
High-Value Core,81.0,0.17827639995319716,0.2067266830616115,0.055053713819360056,0,2142.4552000000012
High-Value Core,355.0,0.15700666733367635,0.1571491561449333,0.03943594946408452,7,636.7462000000005
High-Value Core,70.0,0.1711758406692494,0.11724825064760881,0.001287672999803512,0,19855.432399999998
High-Value Core,125.0,0.20587461442658817,0.149759447250632,0.01081279802935758,0,5640.647599999997
High-Value Core,,0.1980750419457658,0.183866420195149,0.0683418020549853,9,179.50120000000015
Early Churners,,0.7304286761827169,0.443006973025568,0.6098988996142024,202,-600.7737999999999
Casual Regulars,,0.673661667420218,0.37211258959256505,0.008418104805222221,17,-278.5562000000001
High-Value Core,150.0,0.2043722396925768,0.13463750026899163,0.05797176924568886,1,2452.367
High-Value Core,,0.12244525776956068,0.23490979742910328,0.03814908936027299,1,553.4664000000002
Casual Regulars,,0.12595221980788182,0.21984440638761507,0.06429143067478836,2,-915.6199999999999
High-Value Core,,0.17570708119175826,0.16583199166478388,0.11135644443834775,3,782.5182
High-Value Core,110.0,0.42539501622199943,0.11999427000602117,0.07703836370880297,3,-850.1539999999995
Bonus Opportunists,1.0,0.443344710457566,0.40432179335722984,0.8090142061835335,307,-211.54480000000058
High-Value Core,116.0,0.18230854433803872,0.1369251265131601,0.06992630811532372,0,-173.10819999999967
Casual Regulars,218.0,0.3837458250388264,0.15408603986519742,0.1447400365147152,6,-4046.5668
Casual Regulars,,0.13758964091199494,0.29324919615546324,0.024853973453733073,17,-1075.3029999999999
High-Value Core,336.0,0.21917525572653776,0.17131309271575854,0.08927255473531853,4,-10930.5114
High-Value Core,111.0,0.16312365061717896,0.1395712569205158,0.06964002766654279,1,-1615.4498000000003
Casual Regulars,,0.2257315469081636,0.14925206859708817,0.01806498071109777,1,134.35440000000006
High-Value Core,98.0,0.20393639035793237,0.17711050544687248,0.09863167594374096,0,-2258.8867999999993
Early Churners,,0.033963004973388014,0.3475705046416902,0.5186872873222232,209,-133.24800000000005
High-Value Core,158.0,0.20534946545316474,0.17940519979785957,0.07510015992257021,0,2868.3841999999995
High-Value Core,56.0,0.3616030157321802,0.10610518157954174,0.0038094715042744573,0,14635.422200000005
Minimal Engagers,,0.0,0.5807302789663754,0.0,48,-1063.7232
High-Value Core,253.0,0.20087124341851054,0.13020904830615743,0.07656285257228329,1,-821.0551999999993
High-Value Core,125.0,0.1921146210794864,0.11971190136403441,0.006237564538850844,0,5117.949199999999
High-Value Core,301.0,0.12107963747089509,0.18682797078708094,0.10807061255034281,4,-10649.741600000001
Bonus Opportunists,,0.2848874677017555,0.5392941189366997,0.8051774942057915,310,-856.7937999999999
Casual Regulars,,0.595037822157604,0.2454904482047639,0.061702350896064975,6,-1226.2358
High-Value Core,173.0,0.1847419731705204,0.12393535305800153,0.015126696272612032,1,1462.674600000002
Casual Regulars,236.0,0.09334110781164859,0.13296624304330962,0.08895200644473941,3,586.0148000000002
High-Value Core,104.0,0.18407889418324,0.13359136438130112,0.007957324978333328,0,14173.3014
Minimal Engagers,,0.0,0.21522868264799425,0.17050869348740222,33,-897.1469999999999
Casual Regulars,,0.13035107134235346,0.26140555376438024,0.11449668230192515,5,-1890.8336
Bonus Opportunists,0.0,0.9604406127073594,0.7932854647200676,0.7616599129521237,192,-702.9700000000003
Bonus Opportunists,1.0,0.2872582359865808,0.46708816309892215,0.8156383847681241,173,5138.493
Early Churners,,0.5140757895985071,0.2922306816572176,0.7010386019509578,203,-1246.7948
High-Value Core,164.0,0.20302339253943333,0.12567549388433388,0.05116879457375215,3,2643.6410000000005
High-Value Core,189.0,0.16361122069159564,0.14068107902371646,0.08882386748867542,0,-7330.4288
Casual Regulars,,0.11875609760328412,0.40263539931977177,0.006569118230498758,14,-392.9205999999999
Casual Regulars,,0.1999049206873408,0.2157385632926531,0.19042229063908206,6,-298.8575999999998
High-Value Core,248.0,0.1738715165680195,0.14717240179637883,0.05682144860028446,4,-8293.630399999998
High-Value Core,306.0,0.15354070917480836,0.1417917708313372,0.10029998627841254,1,1551.123200000001
Bonus Opportunists,24.0,0.947240454957736,0.42003868942842804,0.7344604670413246,131,-8466.2222
High-Value Core,189.0,0.12974903986185596,0.16836174845060803,0.11538063756659567,5,-1720.5706
Bonus Opportunists,4.0,0.22350892691252905,0.6028956049129386,0.826923565320708,187,-4275.814599999998
Early Churners,157.0,0.09486721439147972,0.27447912302927563,0.5356989718013079,202,995.9367999999997
Casual Regulars,313.0,0.15527820069204148,0.1611524192959322,0.051998269896193765,0,-2866.0
Casual Regulars,,0.1258840825072653,0.1714321534049188,0.08915278575822684,12,91.37579999999991
Early Churners,160.0,0.4505008088858991,0.20288506685178512,0.6280756902766813,203,425.2231999999999
Casual Regulars,,0.16518156039444254,0.14824426722801048,0.04534913027535267,9,223.5139999999999
Casual Regulars,,0.1783806413870491,0.31466103529210476,0.10172692641907057,10,-264.6272
High-Value Core,123.0,0.19952235847582392,0.15042093739815682,0.050039354536258,2,-1336.5200000000004
Bonus Opportunists,0.0,0.29825190325397394,0.5194390909939515,0.9580360622496509,310,5561.693400000001
High-Value Core,114.0,0.14231732434736383,0.14840182142080083,0.05712601340320804,4,-2075.7038000000002
Early Churners,,0.07820541889123603,0.2908961857271616,0.5464555011784158,212,-1442.2878
Borderline Opportunists,,0.0,0.33526249166473565,0.537926091354732,253,-581.9678
Casual Regulars,,0.14125436825593266,0.16457978709420995,0.04763948693782277,3,-672.3428000000004
Casual Regulars,,0.47693483135519954,0.17673163733711922,0.07549858358656172,0,-143.2464
High-Value Core,214.0,0.4821019150759386,0.18491665894281112,0.06895010355977745,0,2482.3575999999994
High-Value Core,95.0,0.19664078841467403,0.13558754550702562,0.06414926887610972,0,4041.3747999999996
Early Churners,,0.12612259250706104,0.2626800884199356,0.5012601952722349,226,-292.2177999999999
High-Value Core,119.0,0.13285269658795834,0.17682904869281973,0.0695950751393758,0,-70.23120000000108
High-Value Core,182.0,0.16627616810006007,0.1585989443813573,0.11155398922642992,0,1714.6048000000005
Casual Regulars,,0.6642266601590416,0.26098553401345737,0.2299947875475676,34,-33.280200000000036
Casual Regulars,,0.09298477300357326,0.20001261303514284,0.0795998405675635,10,100.84079999999994
Minimal Engagers,,0.2875513188584117,0.23034992712423746,0.011810069474652315,9,-1006.8936
Casual Regulars,,0.41111453999198355,0.14453437765257185,0.05402615644919286,0,-805.3134
Early Churners,,0.3821522116704485,0.16078739273264264,0.2977345201744311,210,-157.30880000000002
Casual Regulars,,0.17747045646461498,0.22509909747929044,0.15471644133727425,3,-1073.0867999999998
Casual Regulars,296.0,0.12955670531674038,0.22924452402047463,0.08032518570112968,10,485.75059999999996
Casual Regulars,,0.30676946111775083,0.22538253540646583,0.06672346204484095,5,-659.8152
Casual Regulars,247.0,0.12476410209201172,0.1513399767441102,0.14926051226711742,0,777.0831999999998
Early Churners,,0.5425334785773914,0.2111780942819312,0.5098430290859939,202,723.6267999999998
Minimal Engagers,,0.0,0.4140753869938001,0.3601359665328788,36,-206.4914
High-Value Core,61.0,0.1833437548942318,0.15049749930737513,0.007388236095529319,0,27139.2868
Casual Regulars,,0.08527527595066897,0.1599714321938245,0.09119045838902798,4,-1761.2984
Bonus Opportunists,0.0,0.25264096127306856,0.5386431848473717,0.8589632066921683,308,708.7708000000011
High-Value Core,129.0,0.13083638615891283,0.2032703322418683,0.0698828081913354,3,3423.951
High-Value Core,73.0,0.17078204516090795,0.11177115530224568,0.005282091456444942,0,15298.832599999998
Casual Regulars,,0.1484758102241836,0.18555998690982795,0.07743950511470885,0,-210.90080000000006
High-Value Core,111.0,0.4412581559469982,0.14608851651540944,0.10125446118490423,0,-106.0705999999991
High-Value Core,111.0,0.39223669155797414,0.11689956878442975,0.025751601409607444,1,10403.159600000006
High-Value Core,65.0,0.27405652748729553,0.11605166903507867,0.005473638077330198,0,22932.993199999997
Minimal Engagers,,0.04880241968446007,0.4312495831201981,0.03793194053555372,20,-157.47600000000006
Bonus Opportunists,2.0,0.45282173278517796,0.39675537123689636,0.6582701981666892,226,2948.9178
Early Churners,,0.13026008805338776,0.2360978848037178,0.4859793264570568,209,552.422
High-Value Core,140.0,0.14116962768800972,0.15599063260313367,0.06331009932209826,3,3800.3278
Casual Regulars,,0.08000511293225218,0.27688808666960013,0.12020518168241469,19,-2323.0552
Casual Regulars,,0.052767410657485345,0.27190992226160193,0.08375294466913678,0,-285.01279999999997
Casual Regulars,,0.36645076014058314,0.14001282470434062,0.046530437876048346,6,-1682.2142
Early Churners,108.0,0.14005319366214758,0.22608549503101072,0.44369039511367425,201,-4425.514799999999
High-Value Core,79.0,0.22774444057289744,0.11857106211520903,0.007379300152224218,0,17918.5244
High-Value Core,337.0,0.12385580382459378,0.2012690294182077,0.08945999911517868,0,785.8327999999997
Casual Regulars,,0.07856886647028094,0.2067839384817961,0.05495363055464388,32,-701.5252
Casual Regulars,,0.22374806318326593,0.13044490775634052,0.08594382155461823,7,143.48800000000006
Early Churners,,0.13365146857974308,0.3002441515080034,0.48546967474328495,206,-1255.7079999999999
High-Value Core,,0.16745705332661856,0.14558019857519544,0.09641389168081518,0,458.89440000000013
Casual Regulars,,0.07579001003824101,0.2525754741456304,0.1066272800401811,6,-347.4601999999999
High-Value Core,120.0,0.3933031802294798,0.12705247901173944,0.056447400607717614,1,-1179.6884
Early Churners,,0.15035311319714378,0.22312044215549395,0.39704711122798914,202,-1081.9882
High-Value Core,132.0,0.1678068742421997,0.1513113907687059,0.12556083970120546,1,2233.6620000000003
Casual Regulars,,0.09277212997779184,0.16079859445480993,0.14020262595974736,0,98.69920000000002
Borderline Opportunists,,0.017954937926777315,0.3283496294392869,0.33496557722867987,217,184.07400000000007
High-Value Core,119.0,0.18715546797983448,0.19315933518278897,0.10455391005126405,2,-3123.1452
High-Value Core,117.0,0.11062622326569176,0.19995227804096868,0.08061401879876567,0,2834.5168
Early Churners,,0.18974092412458987,0.2665660684096191,0.5327102224605328,205,397.3542
Bonus Opportunists,0.0,0.24107234336541686,0.6199021574314014,0.8799667537605451,311,477.9281999999994
Casual Regulars,,0.171192647489184,0.25287920336852354,0.02973337657099017,1,-1567.835
High-Value Core,106.0,0.16285201137726543,0.16715673014605642,0.08777064746982538,0,202.06780000000072
Casual Regulars,,0.11856098278468677,0.3274980398359241,0.06054312695081115,2,-1975.1958
Early Churners,,0.020560941539025466,0.2500192577635033,0.48928230000319745,234,-492.67660000000024
Casual Regulars,273.0,0.14469455762027214,0.12897845116140796,0.044504086662881845,1,-2605.3652
Casual Regulars,,0.2068522319722095,0.19158245666122423,0.2125023516202513,16,234.53100000000006
Bonus Opportunists,7.0,0.9338824745608221,0.5425042715821636,0.8442837616891239,162,555.5851999999995
Casual Regulars,294.0,0.43900546383711847,0.14180531487705042,0.11819563452824222,4,-2685.0088
Bonus Opportunists,0.0,0.5387718543711039,0.3660892292141696,0.735865743387526,150,2287.429000000001
High-Value Core,143.0,0.17303163139080202,0.17712340784465755,0.09750029426362536,1,3456.1372
High-Value Core,61.0,0.15560504873905942,0.251434965620235,0.048397800021146714,1,2595.8307999999997
High-Value Core,83.0,0.21641848783345746,0.11780175347023822,0.011949807884981657,0,18609.937
High-Value Core,230.0,0.10627360023090196,0.13492352532028956,0.10678754150739914,0,-293.83140000000003
High-Value Core,197.0,0.1270106507311795,0.1547328996928316,0.06467930107415865,1,-2178.5699999999997
High-Value Core,140.0,0.1139524247611175,0.23800063022300305,0.08104746853089723,0,-1113.8503999999994
High-Value Core,136.0,0.1497230615388667,0.17237790647665385,0.09641910636263377,0,-3147.1195999999995
Casual Regulars,297.0,0.1327204859087696,0.1979448595461202,0.09094161058345127,7,-1434.3514000000002
Casual Regulars,,0.2332623286025874,0.2665716003101019,0.05523267483507808,3,-2286.1242
Bonus Opportunists,26.0,0.265258361398035,0.5596720440059543,0.734635355431642,143,-4159.899799999999
Early Churners,,0.11407665062667122,0.30844285374337455,0.4615099646873127,201,811.6379999999999
Casual Regulars,,0.36505615929109014,0.13826756938560972,0.11696264102066214,5,-880.9433999999997
Borderline Opportunists,0.0,0.5989156720009022,0.3333215709264547,0.4153967229927802,253,3141.2082
Bonus Opportunists,4.0,0.6025712170133853,0.30352279219480727,0.9041044688771211,313,-440.9906000000001
Early Churners,,0.16772614513930748,0.2548472171940222,0.5686235630553321,210,334.01300000000003
Bonus Opportunists,0.0,0.9904569094353007,0.753085993308045,0.6587723643829316,145,9693.530400000001
Bonus Opportunists,0.0,0.9898123025916965,0.6166107714089275,0.8879637552434999,307,371.27880000000005
Casual Regulars,,0.1631921044785143,0.2860642580435518,0.02611688839482129,0,-632.1886000000002
Casual Regulars,,0.19480263764544867,0.2043519034322685,0.09842569090517053,4,-2311.5306
High-Value Core,101.0,0.37758056863169076,0.10696011233953373,0.005161303186888478,2,10661.809199999998
High-Value Core,345.0,0.17833243599040205,0.1621975089423789,0.09275245161350558,0,770.5520000000001
Minimal Engagers,,0.3082603130845722,0.1829495683813085,0.19351439542047005,49,-1844.505
High-Value Core,248.0,0.23244207435873646,0.13079730041637205,0.13935193490226247,3,-8128.6466
Casual Regulars,266.0,0.06882543447877658,0.18193259536297082,0.046523298714402896,10,-1374.9508
High-Value Core,83.0,0.13093855507280303,0.14611251501917594,0.09835651392269325,8,428.94479999999976
High-Value Core,104.0,0.15713904992703376,0.10714703953539258,0.010508661670087984,0,11026.579399999999
Casual Regulars,,0.06563208103957908,0.36441686699036024,0.1350501199604878,0,-1299.6202
Borderline Opportunists,,0.0,0.5452433544442508,0.6504050438719574,10,-2146.549
High-Value Core,,0.18541980957047552,0.1770988387931638,0.10235108710361986,0,766.5788000000002
High-Value Core,216.0,0.18127618850103702,0.13427572548538239,0.07353739242573851,0,-7751.6106
Bonus Opportunists,35.0,0.9871150054782459,0.639377183958843,0.5164462753457908,187,-9805.710200000001
High-Value Core,95.0,0.17598122087170265,0.13444734103955341,0.0028274247534915914,0,15069.133400000002
High-Value Core,171.0,0.18590536931795928,0.17160151417447947,0.1133633770365538,1,1038.8028000000004
High-Value Core,121.0,0.14341964104646704,0.13819899399166855,0.017455734551277125,0,16779.11
High-Value Core,91.0,0.21356395174636453,0.10603992305202903,0.002588590826740324,0,21247.911999999997
High-Value Core,233.0,0.17995785983450088,0.14741368538034783,0.08097084818184352,1,-7953.598400000001
Early Churners,,0.4447136768290889,0.2364552684158914,0.3686381116862951,215,-569.8508
High-Value Core,98.0,0.15801771622367233,0.14749381742770204,0.12657895476281297,5,-2441.817599999999
Early Churners,,0.12170006356702835,0.22352439227676027,0.4462694624796357,202,-651.0838000000001
Bonus Opportunists,24.0,0.16144904694337617,0.6919386117065233,0.6193802698937975,200,-8251.888200000001
Casual Regulars,,0.1833007746885265,0.36006959952130896,0.06474837536444018,19,-1562.9956000000002
Early Churners,,0.20125053878687074,0.20413255018398363,0.5051928911483708,210,-607.0422000000001
High-Value Core,,0.10695095652233645,0.13118556714149623,0.053227197614307616,1,129.2190000000005
High-Value Core,259.0,0.23240881376377914,0.15468479838173368,0.05749087219422881,1,-8598.1352
High-Value Core,80.0,0.25558542440224413,0.12165651954862766,0.01873967405786085,0,11069.126400000005
High-Value Core,216.0,0.4525003127136128,0.17824315023606435,0.055934136797753824,3,-9300.9488
High-Value Core,,0.11742488117992833,0.15982436067738323,0.04742272443369126,4,716.1064000000006
Minimal Engagers,,0.07386798765230788,0.343669926830112,0.38143010565261154,264,-522.153
High-Value Core,304.0,0.18623768280213346,0.13566029562194956,0.06794165959206523,5,1567.0192000000006
High-Value Core,260.0,0.41316835033423177,0.15543357633624755,0.1131293818886204,2,-10379.9862
Early Churners,,0.08526610201510995,0.41822991433274614,0.5095317202854689,204,8.435799999999972
Bonus Opportunists,8.0,0.2675547862068008,0.5012308775960189,0.787175803910112,173,-7824.574199999999
High-Value Core,277.0,0.40357118268896036,0.14567132848322045,0.15143649661317582,0,-8398.2586
High-Value Core,130.0,0.2507291846945046,0.12997935496730084,0.057218487659703846,2,1586.5787999999993
Casual Regulars,,0.14474549338543488,0.12414094976743045,0.0,0,-475.20820000000003
Minimal Engagers,,1.0,1.0,0.0,152,-481.9434
Casual Regulars,,0.1969303012020065,0.20342836668166234,0.10309524223694608,4,-326.1944
High-Value Core,78.0,0.43748091520348326,0.15221978384314647,0.07110365198580794,0,1210.4141999999997
Early Churners,,0.10283171744558584,0.41423965222717507,0.42730958262557855,213,-360.25519999999983
High-Value Core,183.0,0.14915548771200723,0.13190099542316988,0.03576722934365943,1,-3040.4115999999995
Casual Regulars,,0.05569629379803666,0.21913263330722327,0.1723252850845237,10,-879.0626000000001
High-Value Core,343.0,0.2438680892014843,0.1470176989384323,0.11885093919113997,3,869.0945999999999
High-Value Core,122.0,0.1819247399582958,0.13522310816529115,0.06763719959059439,4,4025.0465999999997
Early Churners,,0.6965129668138932,0.28672064860357793,0.5734708506555893,211,-739.2406000000001
Casual Regulars,,0.29657309945943294,0.11049382849410018,0.05789801829873566,4,346.2223999999999
High-Value Core,190.0,0.11028547398938789,0.2321433770389981,0.08613061375198293,0,-1675.04
Bonus Opportunists,15.0,0.9221862704372448,0.4222300414055585,0.8005552971558538,128,-8648.738
High-Value Core,105.0,0.4804342712963334,0.1814906485974363,0.04812173242820467,0,-2377.7810000000004
High-Value Core,158.0,0.45483948455855566,0.11637473491537575,0.0030157120780400486,1,4821.0848000000005
High-Value Core,130.0,0.390999018103731,0.13075965778844406,0.03665889678820198,0,1535.1233999999995
Casual Regulars,,0.14672555249902522,0.2795569231546999,0.12012583902868738,12,-1659.8814
High-Value Core,247.0,0.133105280755055,0.13392180595408135,0.09052734057651289,1,2058.876200000001
High-Value Core,,0.5382435882482125,0.2508096224843918,0.0845763589366934,2,546.4490000000005
High-Value Core,91.0,0.414219248680508,0.13131130673417185,0.019310643251852916,0,10007.6044
Bonus Opportunists,1.0,0.9217383019578629,0.35297899252869,0.774585169248326,230,-6153.179000000001
High-Value Core,83.0,0.15850369886062876,0.14343454491583066,0.037332263918768795,0,9237.263
Casual Regulars,241.0,0.1622452625731826,0.15981672320187568,0.045811437832049946,8,-2609.6368
Bonus Opportunists,16.0,0.31319948016774424,0.48344278235821325,0.7070699507469859,110,-3269.824
Early Churners,,0.11918075724421458,0.25419098210115837,0.4417399376699158,215,-1596.76
Casual Regulars,,0.32634042663679497,0.18875224227298404,0.08563522591126756,55,-430.403
High-Value Core,96.0,0.33717204587163796,0.11017774962627827,0.016297836895561035,0,13100.8556
Minimal Engagers,,0.25756012341820933,0.4336939816520061,0.17734081434791435,23,-862.5634
High-Value Core,195.0,0.14854458242985746,0.16738604340642277,0.06725047637821147,1,-2164.96
Casual Regulars,,0.18666411251254234,0.2071678069737632,0.12958246355556732,11,-1875.3002000000001
High-Value Core,242.0,0.13645445614919482,0.15206511044958906,0.08386409073698044,2,-9299.493
Casual Regulars,,0.13161388817718336,0.18263940761847774,0.10731016161638665,11,-1822.9714
High-Value Core,149.0,0.19300083926483882,0.11270425740436307,0.00550118179949916,0,2697.5196000000033
High-Value Core,147.0,0.2546815205945299,0.1610303596126495,0.10047467549208157,3,-1023.6620000000003
High-Value Core,108.0,0.16347390567457645,0.15686897585783877,0.07658335883655441,0,-2237.7553999999996
High-Value Core,114.0,0.378019583482609,0.13862462974177642,0.07541568224500553,0,-757.5577999999996
High-Value Core,188.0,0.20152224267981234,0.14108042413983649,0.08549266496406725,0,-8812.16
High-Value Core,206.0,0.42173207333474916,0.11784006764818164,0.0028294931691087996,0,-3298.4000000000015
Casual Regulars,,0.3879414025813457,0.2057487556610812,0.059535108124066274,4,-696.2416000000001
Early Churners,,0.11360807033877822,0.43854656660824737,0.3557749197008874,205,397.27240000000006
Bonus Opportunists,2.0,0.15771980914439432,0.688006303702768,0.811888179642367,113,1437.8629999999994
Bonus Opportunists,8.0,0.8379486647741586,0.505533107181944,0.7412578141641513,144,-3364.9346
Early Churners,,0.08994585089144218,0.34641314224769926,0.6685436419883167,229,105.51319999999998
Casual Regulars,,0.08065576826212299,0.19403306513328122,0.1116383106390866,26,-318.0236
Borderline Opportunists,,0.0,0.3667561023612018,0.38070895326666926,207,-883.5278
Bonus Opportunists,5.0,0.4666917085025803,0.3630878016162074,0.8550505016577621,125,-6440.967999999999
High-Value Core,183.0,0.17696122297597883,0.11776505544152652,0.011666652610025462,0,-324.42279999999846
High-Value Core,105.0,0.15863787566492926,0.16942884876862893,0.052220186556417136,2,1064.3265999999999
High-Value Core,125.0,0.45869036004600333,0.16033459193962651,0.05601124670014619,0,1504.5266000000001
Bonus Opportunists,0.0,0.35093319118966887,0.45021705742085266,0.6187068213354598,132,7566.1968
Early Churners,158.0,0.688137164346289,0.3642177940604506,0.5298563600893735,206,-4986.5768
Casual Regulars,,0.11075354136050138,0.1644076106686187,0.11755696784489844,5,178.9145999999996
Minimal Engagers,,0.03481114403408962,0.295410304183271,0.054483923506654444,59,-1067.5022
High-Value Core,298.0,0.2063952347478593,0.18512517938731268,0.02006718687447604,1,-10304.1014
Early Churners,,0.5846911995644329,0.2437728258402497,0.4091698576757455,216,111.16480000000001
High-Value Core,216.0,0.20345266579152013,0.1084530431404031,0.0970683356589457,5,-3486.4948
High-Value Core,68.0,0.1871086804209999,0.0992252738499961,0.002562374765466036,1,25701.885600000005
Bonus Opportunists,5.0,0.21676973794786328,0.6067245815320174,0.8546712427986329,106,-2026.8685999999989
Casual Regulars,,0.11297782354348641,0.16740129444936658,0.054944682368007314,2,-1774.1511999999998
Bonus Opportunists,4.0,0.5088396626328693,0.326251860082773,0.7941121876299754,251,-1562.5831999999991
High-Value Core,200.0,0.23075827659029524,0.13141950018926946,0.06188736048359968,1,-3150.6514
Casual Regulars,,0.030478522180854523,0.26720880535871033,0.006411453662215283,22,-745.9687999999999
High-Value Core,130.0,0.11355895252894431,0.14520811143920792,0.08067827892206084,4,2644.8362
High-Value Core,166.0,0.1417433672030551,0.17286173154497347,0.08018335140262742,0,99.1512000000007
Casual Regulars,299.0,0.1277334815676949,0.12547974380722066,0.042665370781367354,1,1287.8213999999998
Early Churners,,0.1523753440132678,0.38301322037960517,0.5310428614037599,213,-1867.7608
Minimal Engagers,,0.0,1.0,1.0,348,-1065.9516
High-Value Core,169.0,0.2041671946603813,0.12915185314073635,0.08072611744199555,0,2717.023
High-Value Core,144.0,0.2730156538399506,0.13559492061144574,0.05743108348475912,0,-2709.291
Minimal Engagers,,0.0,1.0,0.0,231,-1719.1068
High-Value Core,113.0,0.15806500136183996,0.16952909626227838,0.0810112725056749,2,1081.9187999999995
Bonus Opportunists,1.0,0.16978916478426828,0.625450666924784,0.8911501482259231,112,-547.5973999999997
High-Value Core,86.0,0.38303267332049035,0.13441215846425286,0.08446858727800281,0,3694.0396
High-Value Core,98.0,0.3878592004605028,0.12904973597619065,0.01049577315484765,0,10905.4764
Casual Regulars,,0.29234325237353037,0.1998049758789147,0.025505162621449234,16,-22.94819999999993
High-Value Core,139.0,0.4384831592485309,0.14092386316055458,0.07113187650110214,0,-879.1506000000004
Early Churners,,0.10903348739238371,0.19969507032827963,0.5951991489615133,201,-115.67859999999996
Early Churners,,0.6151573755367091,0.2664533529619068,0.4617135165931341,204,211.6128
High-Value Core,185.0,0.20371919117889178,0.11503570287869425,0.0,0,7244.106199999998
Early Churners,,0.1460093814347916,0.4250134329845002,0.493335161363754,210,223.3982000000001
High-Value Core,257.0,0.24327217404631762,0.14309171858556724,0.09714296354864956,6,-965.9648000000002
Bonus Opportunists,0.0,0.3448580049161222,0.45151352147823076,0.8488011415279192,307,1631.3050000000003
High-Value Core,81.0,0.4506849349076909,0.17166927979347027,0.10511333962017107,1,-1849.7471999999998
High-Value Core,73.0,0.0996825911844331,0.15971008239794263,0.07411552511924491,2,3770.4547999999995
Casual Regulars,,0.5142353356395649,0.1998711093573523,0.036316716749328064,6,-2180.0942
Casual Regulars,,0.17849538714393118,0.22133599072180132,0.0996779929737915,3,-770.7677999999999
Casual Regulars,,0.5977506952443616,0.19840290317021148,0.09596070365464532,18,-1452.5682
Casual Regulars,,0.40744826686618296,0.18510819321975552,0.008429399777513068,2,-374.9472
Casual Regulars,324.0,0.6324000662893033,0.2986188551805231,0.07942742501809577,3,-4321.1308
Casual Regulars,,0.08917492301425708,0.23502510544189645,0.1602131427408459,4,90.84220000000005
Early Churners,76.0,0.10047076506816907,0.1890474141869628,0.5605500674951439,205,-1412.3662
Casual Regulars,,0.12012837886755758,0.27250216385439086,0.020074599909864817,2,-80.64219999999989
Early Churners,,0.382777165862026,0.18556541533168083,0.5744336244014324,205,-345.12559999999985
High-Value Core,116.0,0.5182774871072116,0.16890574670167763,0.14578573466943404,2,-848.4065999999998
Bonus Opportunists,22.0,0.5613202984648673,0.38021638126042845,0.93237021933054,108,-8961.359799999998
High-Value Core,165.0,0.35375565367143796,0.11301672526879344,0.010029346453429672,0,16612.338600000003
High-Value Core,315.0,0.12144299810352102,0.1666063624720979,0.06570341268718509,0,-10251.3096
Early Churners,,0.13402384468081133,0.23989516045286957,0.5883902689284505,207,-207.24439999999993
Casual Regulars,,0.09245452735711428,0.3616070009674237,0.0460945037952987,2,134.40859999999998
High-Value Core,74.0,0.1636469748896252,0.12222167427738095,0.10680919029496976,1,684.2700000000013
High-Value Core,88.0,0.5497007708633155,0.213057031689488,0.09130440488843322,1,-934.0257999999985
Bonus Opportunists,26.0,0.14014656043483478,0.7185667469268991,0.732214242233665,306,-9762.705399999999
High-Value Core,124.0,0.16948967806513085,0.10717004384887803,0.012995629458341195,1,4824.873
High-Value Core,123.0,0.20958571681226057,0.11877720696550292,0.1167289173859385,0,-2888.8736
High-Value Core,190.0,0.44609710274376646,0.1601156394401808,0.05927991338595288,3,2334.3970000000004
High-Value Core,85.0,0.1855790611068235,0.13414273731768883,0.014222548267366577,0,14890.478000000001
Early Churners,,0.036383093291326836,0.3802428450636353,0.574221278861032,264,-406.2042
Early Churners,,0.20146107047734554,0.23364173688467876,0.5791616768208666,201,-224.9414
High-Value Core,80.0,0.17111094880293132,0.11430660351674915,0.019381485217301483,0,16251.1174
Casual Regulars,,0.5677469383085352,0.29786118517357896,0.105380929648922,7,-4.288399999999683
Casual Regulars,,0.12214690998893986,0.15467898461297586,0.08584458282199293,0,-1755.1616
Casual Regulars,,0.17927244472699017,0.32291805415363606,0.0,21,-175.2899999999999
Early Churners,153.0,0.13226499741705447,0.35767087308554546,0.3645852907480709,206,-3115.261
Casual Regulars,,0.1860413277895469,0.16089830804753585,0.04776369337045009,1,-322.96759999999995
High-Value Core,91.0,0.1632681145961215,0.12903983252983814,0.09611969402511401,2,3373.3980000000006
Casual Regulars,,0.37762125727900864,0.15200952947691265,0.014639960247131732,3,-219.24760000000003
High-Value Core,268.0,0.20466737949694502,0.14310293742405683,0.09858159708576308,3,1210.1601999999998
High-Value Core,,0.15095754116744634,0.1272617789116829,0.10364535462767036,8,251.70660000000044
Casual Regulars,,0.14010718312089432,0.25872192133085936,0.03669025424821095,2,260.3435999999999
High-Value Core,44.0,0.18576902301425055,0.14045812752371956,0.10314007880346776,6,3803.516199999999
High-Value Core,167.0,0.2615335375232236,0.1544500707028442,0.07006012200270764,3,3157.3898
Minimal Engagers,,0.0,0.5157409615015096,0.09556276461208554,228,-641.8016
Early Churners,,0.1393085572591919,0.20532571800895838,0.7565243137994542,213,-523.1424000000001
High-Value Core,74.0,0.4433199949427003,0.1693458739856524,0.0682287209882882,0,4274.0892
Early Churners,158.0,0.13428942188794474,0.24733276665420958,0.34137207289766647,206,-1590.3632
Casual Regulars,,0.14869626408447736,0.15437643143574883,0.07883009295544376,5,-2125.364
High-Value Core,137.0,0.20486214853880003,0.15610624221751762,0.08669085762450782,6,-2832.2954000000004
High-Value Core,56.0,0.5039918083095303,0.1607641277923011,0.12250848115636287,0,1668.7122
Casual Regulars,,0.34173855381915563,0.11765963284968245,0.09297727971216563,3,-948.3836000000001
Early Churners,,0.21579896459254114,0.29156717575228785,0.40002700253265133,204,-455.6160000000001
Casual Regulars,,0.30329256613807437,0.14044169205471388,0.025562321123297673,12,-1071.1460000000002
Bonus Opportunists,23.0,0.9633981833956882,0.5824834918536415,0.823576157942124,174,-10325.760600000001
Bonus Opportunists,0.0,0.9500557671766074,0.5538480526809806,0.7420379164053889,167,860.0217999999995
High-Value Core,252.0,0.11830736418518376,0.16036606154796262,0.1446801304919051,0,-997.2580000000003
High-Value Core,159.0,0.15713731616650234,0.19063506301215297,0.11892768918045728,1,-1313.8334
Casual Regulars,278.0,0.4670174311704829,0.18768811652884082,0.08750158485368285,4,1327.0010000000004
Early Churners,,0.13334919680813095,0.38885185900438957,0.6993145944312996,210,-1233.419
Casual Regulars,314.0,0.06531405724260884,0.12550039562698734,0.03989479891070818,13,452.7657999999999
High-Value Core,167.0,0.1848341309086484,0.138329901490167,0.0023162407347759877,0,14078.9642
Casual Regulars,,0.11963470319634707,0.22879174298454913,0.04026134702592831,3,-1371.5230000000001
Early Churners,,0.09632272984961869,0.22450693739247615,0.6747721262271547,201,-1075.6713999999997
High-Value Core,91.0,0.16444121158637637,0.14895942524338246,0.07042380944551974,0,3155.0044
High-Value Core,198.0,0.13980830609107825,0.1375496612758359,0.1269479436986636,5,2128.7877999999996
Borderline Opportunists,,0.054655078612323924,0.7107989454826961,0.010765113769444062,4,-265.1034
Minimal Engagers,,0.2491373003201986,0.23870547893904281,0.012173321919532706,27,-429.9176
High-Value Core,121.0,0.2012880643091125,0.1323908869755203,0.06088449271682906,1,1130.0672000000004
High-Value Core,92.0,0.1967718106719005,0.17237601745138448,0.11388434163891854,0,2768.9312
High-Value Core,105.0,0.17056164877525246,0.13590633280779374,0.07234511094005434,1,-1814.4514000000008
Bonus Opportunists,,0.23206854940559934,0.512184919444752,0.9777972197706527,310,206.4244000000001
Early Churners,,0.01903129905269137,0.24950845402375013,0.5481796679839,206,-676.0735999999999
Bonus Opportunists,17.0,0.35388055816942565,0.4540617935148489,0.6704946901095411,192,-7708.5584
Bonus Opportunists,5.0,0.31915140885657395,0.46350071555131933,0.7118461479350257,307,-5750.980000000001
Early Churners,,0.5248610997358182,0.2442107107863154,0.6994856283774548,206,765.0441999999998
Casual Regulars,,0.6073952064884728,0.3106305892458727,0.029512331686209276,4,-2232.086
Casual Regulars,330.0,0.1382729606903065,0.1423035312800277,0.14448702525623622,0,-1374.3994
Casual Regulars,,0.1140180038640698,0.22641783833560733,0.0,9,-584.6884
Early Churners,,0.3516968038087173,0.3762728991272767,0.6032219218395909,310,-993.1771999999999
Bonus Opportunists,0.0,0.30211722464715385,0.4458133045268313,0.7714366018670683,178,-640.4387999999999
High-Value Core,131.0,0.16711885206665086,0.13478229914004958,0.012461119784621203,0,2632.5127999999986
High-Value Core,171.0,0.08930431542481272,0.12214367003068755,0.03267613352779841,0,9492.385399999997
Casual Regulars,,0.2244197822866507,0.154040753030941,0.0,6,-2345.6472
High-Value Core,60.0,0.15558077082767233,0.10920912809260533,0.014614640751346457,0,16313.818600000002
High-Value Core,102.0,0.23312550545916574,0.13794862523657186,0.057937042681486736,0,-1605.9097999999994
Minimal Engagers,,0.44531647116119094,0.2812069097851076,0.13809237990998396,17,-843.1302
High-Value Core,81.0,0.21328890051638064,0.13033583825665543,0.02680847646469119,0,11262.020399999998
Bonus Opportunists,0.0,0.2762891438787012,0.5235107179042328,0.8909564755455888,296,-625.1146000000008
Bonus Opportunists,4.0,0.9793700426045107,0.7929021004579644,0.8115493957099879,265,-7736.970800000001
Early Churners,,0.19247433820432952,0.2561125268515578,0.42168315791133865,201,-443.1386000000002
High-Value Core,119.0,0.47223173473706104,0.14079672715173253,0.054846899133857006,0,219.96619999999984
High-Value Core,204.0,0.15555263398586114,0.10259509301251493,0.01428757026994187,0,6693.240600000001
Casual Regulars,,0.6707137123843044,0.36785170288619984,0.10288769892262413,6,-1828.4861999999998
Bonus Opportunists,3.0,0.9228188064663466,0.6308579281445058,0.8111740914643246,187,-624.9331999999999
High-Value Core,,0.22855923793976987,0.12773989976815975,0.07241868098054191,0,469.8045999999995
Bonus Opportunists,0.0,0.4472549539146957,0.24819736641712198,0.9302488611041139,228,605.2168000000001
High-Value Core,151.0,0.18234911979260432,0.14565437838141573,0.11731017024679666,1,-3574.8346
Bonus Opportunists,1.0,0.9608978844173304,0.5533113777245935,0.8152638778606749,155,-1112.04
Minimal Engagers,,0.14661550858007713,0.19937308921467137,0.10340619309692632,4,-404.1626
High-Value Core,144.0,0.17409308951788297,0.139632654869993,0.1323113951925443,0,-1435.3987999999995
Casual Regulars,,0.3958493621091237,0.1467737071560031,0.06656539965825563,0,-68.99860000000012
High-Value Core,117.0,0.16449954747096712,0.1478611263320776,0.06499768662928884,1,999.223
High-Value Core,85.0,0.14754366940153243,0.15548664852245953,0.08456857143545518,0,2065.611000000001
Bonus Opportunists,1.0,0.5138914774306408,0.29518666928525095,0.8009096502968946,189,-1879.4770000000008
Borderline Opportunists,,0.17465087010862246,0.2562775138515323,0.05236458927764755,14,327.4714
High-Value Core,188.0,0.15376435637149785,0.1744595460405939,0.07002124681853235,5,1041.1825999999996
High-Value Core,104.0,0.17093731065455042,0.14146073608707815,0.018653781934975407,0,23244.23440000001
High-Value Core,121.0,0.31398075465312447,0.09958726649037733,0.00705044480931517,3,14383.6314
High-Value Core,124.0,0.39008350583252244,0.12412578957997708,0.016026431381104635,0,4207.8160000000025
High-Value Core,83.0,0.1424410231876928,0.1454372753460953,0.029382856102589328,0,11343.147200000003
High-Value Core,267.0,0.14642649169776234,0.15685320831525995,0.07542773784772432,0,2165.6062
Minimal Engagers,,0.19326910059486238,0.378902393959951,0.12179835356713528,17,-454.7668
Minimal Engagers,,0.0,0.5007014368823866,0.0,15,-2179.2978
Early Churners,,0.15272520448898194,0.37382948927833903,0.5835567041459453,209,-1193.445
Minimal Engagers,,0.1860101802972158,0.36595661840391946,0.12480758321743773,1,-1911.9533999999999
Minimal Engagers,,0.010387628389558892,0.4583013760650242,0.43577633756205186,21,-170.6816
High-Value Core,160.0,0.25587594802760616,0.09852479590866026,0.010241478095545462,0,867.9039999999968
High-Value Core,118.0,0.3693065184619351,0.10938997772230244,0.07089266538634048,2,-2643.4064000000008
Early Churners,,0.0279340454612726,0.24312972081795003,0.5112040882063605,215,48.67000000000007
High-Value Core,132.0,0.17592213739591486,0.11775253202026643,0.007131182175534545,0,4761.6860000000015
High-Value Core,88.0,0.11584682207813517,0.13575567159637567,0.0249216908605916,1,15651.104400000002
Early Churners,,0.05252911811592507,0.25997543424649383,0.236069106748548,204,111.09299999999985
High-Value Core,97.0,0.21516650700590095,0.09178622318787129,0.007795592302485469,0,14969.696200000002
Casual Regulars,,0.23245096511343144,0.22297232323375252,0.03457965326522888,7,-696.9295999999999
High-Value Core,,0.1530265490933658,0.16476158145874287,0.058063544384886236,1,411.5454000000004
High-Value Core,273.0,0.20430624985677479,0.1634456595574808,0.06130086963391181,0,-10473.3514
High-Value Core,143.0,0.203019753179046,0.11439180288499223,0.07501222305879847,2,69.73320000000012
High-Value Core,290.0,0.4707958195214657,0.16233132442442294,0.1057924827209293,2,-10081.9834
Early Churners,,0.16503770662525424,0.2953377462716942,0.545722944456281,216,-1127.9868
High-Value Core,110.0,0.32323721571630265,0.11095359958298587,0.011120547777162466,0,11587.473
High-Value Core,66.0,0.3644102586031962,0.113732955416661,0.0041617780756931805,0,19261.665199999996
Early Churners,86.0,0.13420530417364618,0.2448049312367148,0.5674526931538989,204,-1320.7098
High-Value Core,137.0,0.23309671654227246,0.10651027015436856,0.01727249481927282,0,8301.4744
High-Value Core,80.0,0.2011024866237547,0.11447408854362895,0.009631192846913042,0,18220.267799999998
High-Value Core,78.0,0.15789854555997693,0.1196370416077743,0.011457441840006901,0,25558.823600000003
High-Value Core,140.0,0.1430015282924697,0.21163413582644264,0.03274657861414963,0,-1902.505
Borderline Opportunists,,0.07524469924519413,0.3645643621585216,0.5199319801188341,235,-1211.5837999999999
High-Value Core,116.0,0.1406641543428432,0.19097458681893653,0.09392235043588727,0,-1683.7434000000003
High-Value Core,126.0,0.19810887504534017,0.11360242914003016,0.08696856607929741,0,3908.7025999999996
High-Value Core,116.0,0.16346431519642593,0.10896763891378275,0.00878987594074345,0,3164.750200000002
High-Value Core,148.0,0.1870296949760204,0.22722112699825275,0.13572063868535852,1,634.4264000000003
Early Churners,,0.23186225796753132,0.16078923664720468,0.4668434367322701,209,-772.9291999999999
Borderline Opportunists,,0.03583607137243227,0.42334640563733145,0.5135233933359925,203,-1400.1753999999999
High-Value Core,125.0,0.11463185862284116,0.12936183335945278,0.005875219455196729,0,7680.580800000002
Bonus Opportunists,0.0,0.4265254742904781,0.3987879396261869,0.9715208616308323,216,1520.058000000001
Casual Regulars,314.0,0.12711959520056015,0.26242879464206853,0.12988058962089408,2,1030.3186000000003
High-Value Core,117.0,0.17150377097157188,0.12789777886782983,0.0014087930863726282,0,15909.690599999998
Early Churners,114.0,0.07800626482511196,0.2316224219413952,0.4656365621822057,210,-1396.8886
Early Churners,,0.11591182808206643,0.4738048108241996,0.2590294790627867,219,-418.0236
High-Value Core,164.0,0.38142297657895624,0.13589841106550665,0.07930068051244314,0,364.19640000000027
Bonus Opportunists,17.0,0.9781641552482333,0.9454317827112363,0.8248956820809901,313,-2448.9314
Casual Regulars,,0.07111908728768787,0.24325883518418778,0.13387923013014832,0,-518.1561999999999
Early Churners,126.0,0.13682804537064666,0.17905057920926853,0.4597109259645638,205,248.39020000000028
High-Value Core,157.0,0.22053990577702617,0.1477985242638688,0.14588261575266812,0,-2934.2328
High-Value Core,253.0,0.21722793506935986,0.1672659861788904,0.06884445536333784,3,-9902.4542
High-Value Core,81.0,0.4113024362948858,0.1336560834939003,0.010645282184524027,0,18238.417600000004
High-Value Core,78.0,0.48817876631562546,0.20227303986425443,0.024323796526578026,0,17002.7614
Bonus Opportunists,15.0,0.4100976219529422,0.3717983499252497,0.9456784427070389,274,-10076.4478
Casual Regulars,,0.6642417463901948,0.3377492853673801,0.05590948764156544,2,250.67759999999998
Casual Regulars,,0.1785677212537767,0.2829448585131703,0.10090979693644217,0,-127.96059999999994
Early Churners,,0.7474995613923281,0.45165759018962237,0.47452926525342526,204,-66.49360000000001
Bonus Opportunists,,0.3555940535815396,0.42815167412797256,0.8648580018368206,318,-259.21619999999984
High-Value Core,134.0,0.19831837748601877,0.14649375337506948,0.10372953169796016,0,2683.2972000000004
High-Value Core,300.0,0.1394122416929473,0.13975136336382873,0.055845146661163726,3,-9945.0458
Casual Regulars,,0.24800520893309275,0.1378443338523006,0.16792326490922035,1,-396.59299999999985
High-Value Core,67.0,0.20630632002016003,0.11853851814687448,0.005774753068340641,0,13253.123800000001
Bonus Opportunists,3.0,0.5795172071504581,0.43151521328704145,0.5410171546629907,204,5988.860200000001
High-Value Core,191.0,0.30991580082177794,0.12689130320135877,0.052879966260435986,1,5.731999999999971
Casual Regulars,,0.15606766945658557,0.27337513332483565,0.08077363212233246,19,-43.35299999999995
Early Churners,,0.5605599743904628,0.32839177938944575,0.6066616027599405,266,-141.38359999999994
Casual Regulars,,0.22638116842238545,0.29874139680641243,0.09674064047622868,3,-51.408799999999985
High-Value Core,123.0,0.19219841843432772,0.16257051959386223,0.0769404029602305,0,-196.66719999999987
High-Value Core,237.0,0.13875568139791228,0.14123827510792425,0.0734252859735782,3,2106.5961999999995
Bonus Opportunists,4.0,0.9531951825256157,0.5508521660218556,0.831265164002363,272,-9300.3206
High-Value Core,299.0,0.12713947744325377,0.14857525677629363,0.09703138689938959,0,-10083.4532
Casual Regulars,,0.12682847999041835,0.3560804890862051,0.05420997335108753,2,-1291.5951999999997
High-Value Core,126.0,0.16469169968940778,0.20626892478253567,0.10855878047909748,0,-2698.625
Casual Regulars,,0.19981802086764067,0.10719850217164345,0.09076999935644207,5,-562.2298000000001
Casual Regulars,,0.3839243459330649,0.14589318209209284,0.031541086928683175,14,-912.6288
Casual Regulars,,0.10433206329142705,0.2801221994738966,0.13087603193805053,7,-1337.9812
Bonus Opportunists,0.0,0.30514455760606163,0.4428570178091473,0.8220806731102416,133,3611.1416000000017
Early Churners,,0.5056303062873378,0.15341378739827252,0.5567589975836749,204,-56.28180000000009
High-Value Core,86.0,0.15043754854483904,0.12952012072417018,0.007984699299478279,0,13176.158600000002
Bonus Opportunists,24.0,0.2827988630769106,0.48762639410848024,0.7070163959214052,289,-9755.723999999998
Casual Regulars,,0.4928424894665352,0.234390032449201,0.06639434330972041,4,45.4042000000004
High-Value Core,83.0,0.16076572463990182,0.1255599490910457,0.007829016639545388,1,20304.4304
Early Churners,,0.08521686952264937,0.6352282634362314,0.45604074665359345,209,-35.37939999999992
High-Value Core,67.0,0.2379621080133413,0.11237809112538553,0.009722394746635419,1,17577.808399999998
High-Value Core,144.0,0.38977932329500803,0.12925989201284696,0.023209681301798516,0,2556.8358000000007
High-Value Core,90.0,0.38343222016262907,0.13390429187541,0.009984662917563919,0,17197.9122
Casual Regulars,,0.17163957778415395,0.20433320324480597,0.07253083206585632,1,-1812.346
Bonus Opportunists,1.0,0.530285160764998,0.28883397719314063,0.8730539989769073,234,400.846
Early Churners,40.0,0.04072048764117818,0.3505128620669359,0.5764760155005073,212,-1154.2892000000002
Casual Regulars,,0.17644161847279308,0.37644904099632465,0.08530995608606391,23,-548.5122
Casual Regulars,,0.6193077521815029,0.30223422155600543,0.01555351935781996,4,-41.69239999999991
High-Value Core,303.0,0.15437732177541952,0.22001339348676896,0.06272279034970578,7,1176.9415999999997
Bonus Opportunists,1.0,0.22055723828913862,0.5835169112000534,0.9251498492070718,309,-5675.3096
Casual Regulars,,0.38097001552117327,0.18099694534990243,0.07116689163215108,13,-546.4336
High-Value Core,131.0,0.14292706219565987,0.10825408414001977,0.006472405062146444,0,4200.795200000004
Casual Regulars,,0.13793647874188,0.21008433948660343,0.19605063340587295,6,-1185.623
Casual Regulars,,0.40013961651713426,0.16155640942923002,0.059987194739317594,0,347.4642000000001
Bonus Opportunists,,0.456696730075988,0.46996165116817074,0.680486630530846,290,-314.1425999999997
High-Value Core,99.0,0.437389409410452,0.12478006867115993,0.007745940206561559,0,9891.6676
High-Value Core,,0.4710112134012545,0.1585549175946503,0.07186128726746216,3,-4.002600000000257
High-Value Core,48.0,0.1518291694621105,0.11449559969265705,0.004403035424000299,0,25048.994799999997
Bonus Opportunists,7.0,0.13082769547019332,0.6995200014107039,0.862266357325687,174,-7774.9002
Early Churners,,0.08972683374570996,0.2941320969342184,0.4907315029132413,204,21.20640000000003
High-Value Core,110.0,0.15876086171982523,0.1467748263402564,0.005768698701508042,0,22736.819799999997
High-Value Core,72.0,0.1615119825517325,0.11379913140949718,0.01001938088416666,1,15775.740000000002
High-Value Core,77.0,0.15402144949216756,0.17524831111502456,0.08258339041409125,3,3435.944
Early Churners,,0.5003277733265351,0.1858114120108972,0.613808811388165,205,712.4923999999999
Casual Regulars,,0.0758942199021736,0.3588409765059837,0.12268760462606537,19,-1894.0294
High-Value Core,273.0,0.19380052076025853,0.17937897137888079,0.07162505226276085,0,-10042.7398
Borderline Opportunists,,0.6404322419070587,0.4895274229409705,0.0,37,-652.5636
Casual Regulars,210.0,0.10959666662364685,0.2564971094951551,0.07758092213695023,4,-4092.4431999999997
Early Churners,,0.1469723788724879,0.3730986821339091,0.6153087923072853,221,-1810.3074000000001
Minimal Engagers,,0.683687298110125,0.26892289818722326,0.11214286377306648,2,-527.6288
High-Value Core,146.0,0.18374368942948083,0.1007107256387771,0.002164311814277153,0,6175.102600000002
Casual Regulars,,0.08258511830256486,0.18142048861377744,0.15577382382282942,7,-367.80940000000004
High-Value Core,97.0,0.3508435782660954,0.11811378326841768,0.006181274795127541,0,5887.959600000002
Bonus Opportunists,4.0,0.46735707765316176,0.42023899491273803,0.8363102672790163,154,-6682.6482000000005
Casual Regulars,,0.21092809160933484,0.17729571640866157,0.13093523793214773,7,-1120.8436
Casual Regulars,,0.1887105865337628,0.2682760240043136,0.06383299156302882,9,-185.26619999999997
Early Churners,,0.07421939558019221,0.22310598565028017,0.6281036883177014,206,-477.98199999999997
Casual Regulars,,0.5309838525263278,0.28208678057781833,0.0204232702308407,4,-118.26519999999994
High-Value Core,65.0,0.16114332776286633,0.10401719966261214,0.015369945184399245,2,19373.559
High-Value Core,149.0,0.19319614338229693,0.127919622654373,0.0035332132867344434,0,1070.292400000002
High-Value Core,165.0,0.13716308047344133,0.17005314832035018,0.003327633353547813,1,810.1031999999977
Casual Regulars,194.0,0.4461358826304831,0.11003445163618047,0.15048725317937797,9,1189.4258
High-Value Core,,0.15405801233804123,0.13443544701176022,0.10210683682798084,0,-430.4821999999999
High-Value Core,69.0,0.4106470087464311,0.12697582049122627,0.01808481636814118,0,22913.851000000002
Bonus Opportunists,7.0,0.996400812801027,0.9489853500604474,0.5785547025318379,216,194.87760000000026
Early Churners,,0.3135366992080257,0.2024657469975314,0.5992964749103495,201,-1351.3735999999997
High-Value Core,87.0,0.409423893980334,0.12470247107529475,0.003236541500070681,1,20144.994
Bonus Opportunists,0.0,0.5129191160405449,0.34194396167758334,0.6419129770533359,184,7413.409
High-Value Core,70.0,0.3846455948778742,0.1185018462255659,0.025032194994957995,0,19086.212199999998
High-Value Core,247.0,0.15979057275436623,0.15009803400748872,0.08508528668881928,1,-2533.4876
Casual Regulars,,0.14440438733002156,0.47338690677786394,0.15070970182556243,3,-2246.8376
Early Churners,,0.09017165723521214,0.25994523147194853,0.6150966307315734,210,-1542.1658
Bonus Opportunists,0.0,0.3938020000070869,0.4544554631884173,0.8504729055158986,145,4724.6143999999995
Early Churners,105.0,0.12238394552871874,0.29905036861543477,0.5567288323984078,211,1030.0406
High-Value Core,76.0,0.35765510393863964,0.11365235452072735,0.005569316927841693,0,24241.3842
High-Value Core,79.0,0.4353496772182377,0.16734428858834105,0.10756107604111409,4,4355.977400000002
Casual Regulars,,0.1628597019577439,0.19965948600243594,0.07721996291578354,1,216.09979999999996
Borderline Opportunists,,0.3997879012745825,0.14672539203768944,0.10867984180733133,6,-248.277
High-Value Core,108.0,0.1871373952577066,0.14864032055200216,0.06109378777556365,4,880.9885999999992
High-Value Core,147.0,0.20014216874808594,0.1494582232617441,0.08043902267762845,2,2682.5472000000004
Casual Regulars,,0.6195997649101742,0.19239870286225078,0.05348633261327773,12,124.19560000000001
Early Churners,,0.4399122450117222,0.23559540286695363,0.5778614078601455,204,-951.4328
High-Value Core,142.0,0.21953789110882307,0.1258777452141829,0.009806286267128053,0,8137.548999999999
Bonus Opportunists,0.0,0.34510785932656735,0.30583935070532786,0.7847045117185238,180,115.89260000000104
Early Churners,,0.21241929915454694,0.15407053494614248,0.6393104142245122,213,-890.1934000000001
Minimal Engagers,,0.0,0.22339154185193502,0.28675172578817393,278,-411.4028
Bonus Opportunists,44.0,0.28360601983564065,0.5201208000035381,0.7152953013738184,181,-10514.001400000001
Borderline Opportunists,,0.8441874801238128,0.5621375681837371,0.8618948895933181,243,-385.5474
High-Value Core,114.0,0.2107182444084107,0.21481072854674021,0.0748946051646101,1,64.8789999999999
High-Value Core,132.0,0.19474389876251902,0.17056201878227636,0.12588033525468215,1,3050.2474
High-Value Core,119.0,0.4288502391565092,0.13214959602721088,0.0859421196647381,3,1804.4215999999997
Casual Regulars,,0.10391087177170134,0.29002996767116945,0.1807155465286838,16,-129.94440000000003
Casual Regulars,,0.7732588087378662,0.5430328650315539,0.046796980134476515,9,-1930.6191999999999
High-Value Core,133.0,0.2429068758065296,0.1147463291981144,0.010820008442073753,1,17419.725599999998
Bonus Opportunists,32.0,0.4818584233081925,0.3082759181934966,0.8906764169522253,307,-10906.3392
High-Value Core,71.0,0.1844395796423263,0.15283781990203418,0.08771546307815971,0,4122.0448
Casual Regulars,,0.18996316616190287,0.31226788997847493,0.08096376081278599,7,-223.9491999999998
High-Value Core,139.0,0.13259527271724741,0.20169805866077026,0.055826323680878726,4,-236.64480000000003
Casual Regulars,,0.24747690697033561,0.238679251119746,0.07927966975379258,0,-586.8797999999999
High-Value Core,171.0,0.19862944601456323,0.1537537734212066,0.062388885111345146,1,-2682.1412
Bonus Opportunists,38.0,0.8961558300673754,0.6447971745281069,0.579272422849449,151,-8996.0802
Bonus Opportunists,,0.35728209940189154,0.31691527177487755,0.8293865866629271,110,258.8184000000001
Casual Regulars,,0.21015398927447515,0.21691988472393714,0.07691040168400765,2,-662.713
Bonus Opportunists,,0.1623922891465919,0.710481860840967,0.6060262246832352,169,159.48220000000015
Bonus Opportunists,0.0,0.33984527358652566,0.48665274207116554,0.8403535400264319,193,-544.6459999999988
High-Value Core,128.0,0.4337303158215846,0.16603421245858602,0.08213227694937669,1,131.66940000000022
High-Value Core,93.0,0.22314669330556552,0.14835564150947078,0.005495774527138688,0,17679.555000000004
Casual Regulars,,0.09431399778963613,0.181575042766383,0.06233932629472223,0,-62.00559999999973
Bonus Opportunists,5.0,0.3845961965968679,0.4897288377948752,0.7113283734536633,174,-3686.6349999999998
Bonus Opportunists,50.0,0.1192324775147952,0.782917162442988,0.643588698808658,308,-4606.3734
Casual Regulars,,0.7095498904364718,0.3363151091543992,0.06419240635102506,34,-1840.3494
Casual Regulars,,0.1980022021984518,0.23065368538064301,0.03385515861865125,2,-1911.7426
High-Value Core,79.0,0.18707763315450823,0.10453825160129315,0.018948093194384466,0,15139.889199999994
Early Churners,98.0,0.4992482755777789,0.19592561652691654,0.40275436834809597,202,970.0866000000001
Bonus Opportunists,0.0,0.22522469950050225,0.6178552838221713,0.810937517460073,128,-2779.4192000000003
Minimal Engagers,,0.07874318556396064,0.3660189742212733,0.45727366211666604,236,-2058.022
High-Value Core,108.0,0.38321243858300263,0.11737955585639406,0.02846597315306829,1,8452.6894
High-Value Core,152.0,0.19744522526871536,0.24181746206453703,0.03344623227537076,1,-1132.297
Borderline Opportunists,,0.0,0.25757481241374275,0.21785502931418507,222,-2316.7924
Borderline Opportunists,,0.14478660156627576,0.4182891331247268,0.13261959292055786,50,-300.65780000000007
Casual Regulars,,0.6061634953794894,0.24387926297051102,0.1850994526367115,5,-1969.9614000000001
Casual Regulars,,0.15318417574267457,0.19534087660862975,0.0,21,-1439.7278000000001
High-Value Core,150.0,0.13270057556850529,0.1835199589146045,0.060857270797903325,2,2033.3616000000002
Early Churners,,0.07341649953093064,0.1372998151058686,0.6616258165596225,208,-218.68039999999974
Early Churners,,0.24520230828978934,0.29877266883704884,0.3548731683802693,219,-1470.6444
High-Value Core,190.0,0.1639447605770791,0.144283059398226,0.07077699298797656,0,-7415.1316
Minimal Engagers,,0.3854041244545336,0.22172275180933157,0.04607190988361757,30,-1913.1354
Casual Regulars,,0.1280996865437104,0.23500219556792062,0.0044604262995547065,1,-999.3141999999999
Casual Regulars,,0.10847293052047975,0.23532997452056925,0.059666606983886906,1,38.93360000000007
High-Value Core,127.0,0.1876236910104084,0.15384503870352947,0.06788283597072396,0,3612.852600000001
Early Churners,,0.008066644103672138,0.2175893630763078,0.5744422943264528,205,281.54819999999995
Minimal Engagers,,0.02655062779934471,0.2101900863827213,0.20678731753325166,20,-823.9086
High-Value Core,138.0,0.20556473588036014,0.1788423657981002,0.10582745609053627,5,299.99720000000025
High-Value Core,130.0,0.11568597868107981,0.19285752185688587,0.09810028159741502,3,-371.26800000000003
Bonus Opportunists,,0.25205499375521967,0.5894573762748442,0.7544530813834882,310,-547.0996000000002
High-Value Core,144.0,0.15396620022943214,0.24241153694798928,0.09468253754873486,0,1262.2533999999996
Early Churners,,0.017774463713621055,0.3372235455598134,0.5809930511876905,225,-2015.5548
Early Churners,,0.16644871424558125,0.27803625200243454,0.5768633448211735,202,-1791.2608
Early Churners,106.0,0.11126281792199451,0.3021007182516159,0.531289975778498,203,506.7542000000001
Casual Regulars,,0.5516989678178434,0.20138075741706862,0.08376260751982754,25,-11.462200000000053
Bonus Opportunists,,0.34552759779484576,0.501642341821872,0.9793460476668611,320,-317.79619999999977
High-Value Core,89.0,0.24750396089924945,0.10053159907435727,0.0029362092668208588,0,13017.226999999999
Casual Regulars,,0.12300093553259783,0.2446922545252007,0.05719220900384551,1,77.73880000000008
High-Value Core,119.0,0.46266079269166654,0.13584124033499928,0.06758991739780265,1,-1860.406
Early Churners,,0.1383789008817476,0.1809525752639522,0.49578187545020813,206,-1479.4071999999999
Casual Regulars,,0.07347624511982288,0.37483599815086294,0.15133007895393358,1,-1086.4646
High-Value Core,141.0,0.16272202179979453,0.12462459074958723,0.04604030812698683,0,11795.173999999999
High-Value Core,119.0,0.20800973132487638,0.15605281065418528,0.03275460361271191,0,2829.8979999999974
High-Value Core,92.0,0.1526902981713359,0.2313950249141411,0.09032129237606222,3,2164.2400000000002
High-Value Core,,0.12997385871394274,0.14753258830345478,0.09558370766537255,8,480.1086000000005
Early Churners,121.0,0.06810069086197114,0.40526717937287443,0.4677256068472081,201,-3051.7602
High-Value Core,216.0,0.18949812009762032,0.15664392529055132,0.03117312674488384,6,-3362.7834000000003
Casual Regulars,,0.42732468254381856,0.13575790790082287,0.10935681901089166,1,-760.825
Minimal Engagers,,0.03804985758131114,0.319656330603757,0.27879970853849717,6,-973.5550000000001
Bonus Opportunists,,0.42267004666443103,0.36658631213955045,0.628927210687159,191,455.62199999999984
High-Value Core,85.0,0.40672224322629325,0.12648826831833226,0.019790927786092698,0,13993.459200000001
Bonus Opportunists,3.0,0.4596075896248091,0.3947300723559156,0.7545613393473931,312,-4152.5312
Minimal Engagers,,0.0,0.3625519205457526,0.0,17,-985.821
High-Value Core,209.0,0.15238409587411628,0.1607987879562805,0.10372023321267963,2,-341.18460000000005
Bonus Opportunists,8.0,0.23878262436800315,0.5059266851293702,0.8594573751987179,312,-1170.6026000000002
Bonus Opportunists,0.0,0.49362869047710517,0.30536388585448343,0.8272303407537803,169,-630.2187999999996
High-Value Core,159.0,0.16165151821853388,0.14989099619796475,0.02595107628852632,0,-1436.3315999999995
High-Value Core,107.0,0.3500687667557854,0.09776248668528323,0.004384436254278581,1,12112.1018
High-Value Core,257.0,0.16662925179825794,0.1552831867324941,0.03539353710603329,0,-9891.5524
Bonus Opportunists,1.0,0.36521545592963084,0.425792603291522,0.7217878698516906,137,-4751.3706
Early Churners,,0.1188287089274761,0.2890796974443507,0.537397389684445,211,-254.86080000000004
Casual Regulars,248.0,0.1091806008788938,0.17767418485158434,0.05520781761803525,7,1387.7152
High-Value Core,,0.1526049051239179,0.1826425966338634,0.049306702431072005,0,763.2442000000001
High-Value Core,364.0,0.46521941039317044,0.16020988317626328,0.12111582745065215,0,781.9735999999998
High-Value Core,108.0,0.15310316119281606,0.15948332662070053,0.04310416110696653,0,208.41280000000006
Casual Regulars,,0.14590520448986935,0.31424975275553774,0.11110635419950368,9,-809.6282
High-Value Core,72.0,0.19127754920645582,0.11852657741605624,0.012165873500417075,0,25925.0202
Bonus Opportunists,5.0,0.9726662183783024,0.5804057225779632,0.6354854964955755,214,2885.9636
High-Value Core,153.0,0.45483970950262004,0.14470788067473445,0.05264838491712898,0,-1680.5178000000005
High-Value Core,129.0,0.17324681828658953,0.11859169306869066,0.004195954192789376,1,20948.250799999998
High-Value Core,130.0,0.3423068657744496,0.10869299974625989,0.00590648549518066,0,9194.680399999996
Casual Regulars,264.0,0.13896635733962778,0.2078444763438483,0.06693574808399005,2,-2604.4206000000004
High-Value Core,78.0,0.2301169714679083,0.13581230859048937,0.008339795710750778,0,11683.9608
Bonus Opportunists,0.0,0.2911777922195244,0.5114518808302982,0.7753146783782,158,2122.4588000000003
High-Value Core,149.0,0.06525031626273342,0.16016743647288967,0.09132319882592951,1,1589.6109999999999
High-Value Core,145.0,0.15875099451864053,0.12810740233714152,0.0038161029284612853,0,7261.091
High-Value Core,72.0,0.2449187057692489,0.10025875782536159,0.009400549546572469,0,18039.8382
High-Value Core,135.0,0.09212595564781924,0.142755766458977,0.04695372040401305,3,-2335.1348
High-Value Core,91.0,0.15912176284075238,0.15620982899782287,0.0030629000639394947,0,10300.649400000002
Casual Regulars,,0.09625947998560856,0.22757300324914465,0.10469506417358034,1,-1301.6863999999998
High-Value Core,77.0,0.37825561614046893,0.11383472204986542,0.012906357501381893,0,20094.449999999997
High-Value Core,75.0,0.13816080370764566,0.150921725597648,0.0777481199112211,0,3752.2726000000002
High-Value Core,76.0,0.13490660519845332,0.16340363103113253,0.09610456339161928,1,-1604.5408000000007
Casual Regulars,,0.16652376550389233,0.26374410602481185,0.04280984583788814,4,-970.2890000000001
Casual Regulars,,0.5438603408709114,0.2326392887971119,0.017974946604312612,3,-596.3932000000001
Casual Regulars,,0.41294643420335403,0.15304608872874736,0.1305983120882612,0,-376.8478
Early Churners,,0.18873885832881698,0.2136774853275059,0.6295378090138535,215,793.0884000000001
High-Value Core,,0.46528497227572657,0.1691378683865842,0.058453368954356225,0,250.7510000000002
High-Value Core,171.0,0.1454185686884362,0.15855275762987645,0.04356979332943656,0,329.7528000000002
Casual Regulars,,0.13549807622940965,0.3062412057091949,0.1490027596947159,1,-541.0976
High-Value Core,246.0,0.423308750347359,0.13354886512347658,0.07065561743687727,1,-8033.0044
Bonus Opportunists,28.0,0.645818193372335,0.3438316387731438,0.7613018349329331,232,-8174.3852
Bonus Opportunists,3.0,0.1936977469305371,0.5952111372883775,0.8296196093614477,198,-6281.9988
High-Value Core,130.0,0.4008613867655687,0.13701651416131783,0.0034279602737756465,0,7812.278399999999
Early Churners,,0.07548399239370988,0.3992669446780683,0.6528133538417606,212,70.41499999999996
High-Value Core,256.0,0.13078886160420714,0.12608126585326543,0.06262252105982344,3,2284.4664000000002
Bonus Opportunists,1.0,0.23422772461159425,0.5062280588326636,0.8146329474225923,107,-877.3183999999992
High-Value Core,243.0,0.15957203546220675,0.16359221282770067,0.047228242772261925,0,-8253.351
High-Value Core,363.0,0.09337915174204402,0.19822876337754625,0.12189920313517794,1,808.3396000000002
Early Churners,,0.10383232515872509,0.32025857718662054,0.6012863599901307,205,-1754.5446
Minimal Engagers,,0.05201979295254392,0.27317572625000724,0.33142345363989123,0,-489.8646
High-Value Core,135.0,0.0938508642548053,0.1360367814539325,0.11359112436545285,2,2024.5564000000008
High-Value Core,99.0,0.16990447878615483,0.1610083719112993,0.04947913545633398,0,-1510.8414000000002
Casual Regulars,298.0,0.38098993393065167,0.11793076418520143,0.10107610801221076,4,-1214.9948000000002
Bonus Opportunists,0.0,0.21014580708217878,0.5403844950137943,0.5918681398335233,164,3476.4038
Early Churners,,0.29732540623071657,0.19143681177211355,0.42475064236541593,206,-1278.8732
Minimal Engagers,,0.08784906619710146,0.19292184695889975,0.339893600118139,38,-486.0147999999999
Early Churners,,0.07636839619840903,0.26913649898496744,0.3837517413735411,202,8.650200000000098
Casual Regulars,,0.18873443104386747,0.24414449820289735,0.15849861911261326,6,-1262.8092000000001
Bonus Opportunists,12.0,0.38985795543154805,0.4583534631639958,0.8573107913908525,130,-4385.3442000000005
High-Value Core,183.0,0.10664416351391635,0.18290909318106843,0.07918883839472668,0,-7174.5148
Early Churners,,0.6084629584491897,0.23156664803133745,0.5004713161356422,204,160.2554
Bonus Opportunists,24.0,0.2936636101837984,0.474905410778039,0.6416487301210877,261,-8708.3044
High-Value Core,61.0,0.19284780286268663,0.12698547318479958,0.012433127050027346,0,17272.4192
Early Churners,,0.05295149922690925,0.31439815852404024,0.5984063896187666,228,-567.474
Bonus Opportunists,1.0,0.24238068723157244,0.5982460455046329,0.7111447706101304,107,-3810.9723999999997
Casual Regulars,,0.11225225589148867,0.2552611828444173,0.063746898909856,4,558.5442
High-Value Core,98.0,0.1551746272150071,0.11382731132687857,0.049171491468485,1,-107.03480000000036
High-Value Core,151.0,0.13712758774807673,0.15378364386961846,0.06972072091140637,0,2159.9289999999996
High-Value Core,141.0,0.18972786642749548,0.1739222611226371,0.07186015246094732,0,-163.37540000000035
High-Value Core,112.0,0.14582658479196564,0.12830026085335158,0.017323775632573927,3,11017.8966
Casual Regulars,,0.128470261059363,0.14618972197166952,0.029639619372193872,0,-2098.5968
High-Value Core,120.0,0.39855145943493536,0.1344204294457244,0.06441382936394449,4,-2182.3286
Bonus Opportunists,21.0,0.3901680672072824,0.39469658032851435,0.6931384904557666,154,-9057.2716
High-Value Core,134.0,0.10196994106460146,0.1433817426422265,0.10921024991622431,1,-2136.4398
High-Value Core,174.0,0.17524077599147114,0.14932650206985978,0.046942241616373954,4,124.4386000000004
High-Value Core,,0.4522629807524397,0.1688978522130764,0.09443261883360261,1,-423.9319999999998
High-Value Core,116.0,0.4362314632974139,0.15172634635111684,0.0,0,12204.816400000002
High-Value Core,132.0,0.41720072790568874,0.13767835284805918,0.08581923845547194,0,-2438.6336000000006
High-Value Core,,0.15053350447731548,0.12116855279938722,0.09302839448601763,0,586.8931999999995
High-Value Core,226.0,0.40304362101828456,0.15867522176305618,0.007890585975060396,0,2040.5389999999998
High-Value Core,141.0,0.3993881859475954,0.13069432549962975,0.07517661758129074,1,-2435.1609999999996
Early Churners,,0.6490174154517149,0.31502685813598064,0.6667488769567094,215,-253.17839999999995
Casual Regulars,,0.45365647337234427,0.15485230989493193,0.04552990061192057,7,-506.3151999999999
Bonus Opportunists,,0.3328156471512945,0.39894285968021964,0.9249857093441736,314,692.0995999999996
High-Value Core,133.0,0.3940539328490763,0.1354885363508418,0.07334058983358355,0,1097.3884000000007
Early Churners,,0.3970952957012148,0.1802801032494522,0.38689066466749594,211,-306.545
High-Value Core,129.0,0.14423135214366672,0.14765338355628208,0.06311716220192243,8,380.0978000000009
High-Value Core,322.0,0.1478002041070598,0.12817710581410208,0.06255466073350319,0,1176.0852000000004
Early Churners,78.0,0.11665460673257991,0.23328152104123434,0.5698822885536624,206,-2750.902
Early Churners,,0.1930423732930709,0.2542115300073409,0.4953988707437582,208,-883.0126
High-Value Core,66.0,0.18116878054653532,0.12072169991936649,0.002882668818912126,0,20968.9464
High-Value Core,121.0,0.3396462903135482,0.10992674151971105,0.0896547387548832,1,-2885.7792
Early Churners,,0.12245696418950323,0.26704710730004677,0.5321942880998516,213,681.0378000000001
Casual Regulars,,0.4588902491312001,0.2039300938635475,0.0559947195017376,7,-490.976
Early Churners,,0.05413725858158576,0.3078070097448582,0.4629562245751455,212,105.36580000000026
High-Value Core,201.0,0.13827531860696166,0.1981034564425752,0.0693535428532485,1,-3764.0184000000004
High-Value Core,89.0,0.18509808039307077,0.17763815563803845,0.1146056802732883,1,-1791.5241999999998
Bonus Opportunists,,0.04805042990854259,0.5804656107099695,0.7467810866012886,215,-480.71939999999995
Casual Regulars,,0.10757069814105805,0.15967990055036202,0.17960489365339066,16,-1415.0606
Early Churners,,0.06360921139083514,0.3384491874862754,0.5274496568094916,216,-455.28520000000003
High-Value Core,228.0,0.12416061601791496,0.1550191098514822,0.0927958234038725,7,-561.2196000000004
High-Value Core,95.0,0.1637534981165022,0.15014224754365732,0.0699776177477375,1,-2406.1012
Casual Regulars,337.0,0.15270109265456777,0.13301285534804386,0.15924558044878745,3,1048.3109999999997
Bonus Opportunists,,0.4069423178992956,0.4402642360910379,0.8868653751345129,124,747.6311999999998
Casual Regulars,,0.09167522313327214,0.4091832540816341,0.022630938034716414,22,-1535.9798
High-Value Core,103.0,0.42827400893641465,0.1094540894241579,0.01863919132836896,0,6889.634399999999
High-Value Core,295.0,0.1548273960382878,0.2109710119314695,0.048083630774841984,0,-10558.948
Bonus Opportunists,0.0,0.45166683596697177,0.35221461064069487,0.7660012914479852,116,2293.3694000000014
Bonus Opportunists,5.0,0.4294916854784724,0.39429758268995707,0.796568376899614,129,-8081.044000000002
Minimal Engagers,,0.08478978070996807,0.4958592165143999,0.08962338477682838,30,-957.5722
High-Value Core,273.0,0.3490416443510664,0.129763393383328,0.07520881533693272,0,-9862.6564
High-Value Core,92.0,0.08887251923493449,0.13340002105268936,0.11780579662428761,5,601.6741999999999
High-Value Core,177.0,0.17412037292780064,0.14999470310742902,0.05630004873093393,0,-115.30639999999948
High-Value Core,305.0,0.3973699592062367,0.15556956420094192,0.1266983284044984,0,-10534.2926
High-Value Core,95.0,0.13176207751515145,0.16418938500197178,0.0821085761935487,1,-2527.4895999999994
Minimal Engagers,,0.3748626764861456,0.16083134530796617,0.04629775806648492,8,-454.23
High-Value Core,180.0,0.1356131307286717,0.1451732488204214,0.11213475726270399,6,-3694.7072
High-Value Core,141.0,0.15936647600232137,0.20448246775250445,0.10849528705850425,0,1554.6404000000002
High-Value Core,134.0,0.15678564325776212,0.15999768201016779,0.03827771421571259,3,144.8340000000003
High-Value Core,258.0,0.11957275560399534,0.19372805163021148,0.10722089240520016,0,1840.5726
High-Value Core,200.0,0.19388807938095,0.14691533791694492,0.06749290421827524,12,-1881.2015999999999
Early Churners,,0.0,0.25385564647165715,0.4662225068656318,222,235.11079999999993
Minimal Engagers,,0.22071676889754463,0.3241099335411581,0.6907264156094719,254,-1745.059
Early Churners,,0.577398165263935,0.33824244874473397,0.49193445177249656,200,-520.2074
High-Value Core,321.0,0.1396956989457428,0.1616995191133966,0.11633228748127854,2,973.6873999999998
High-Value Core,,0.1337869061938895,0.16519483884894676,0.1230193163618109,5,708.4284000000002
Early Churners,,0.07559884546047334,0.27006175624381645,0.5596933152958047,201,484.55359999999996
High-Value Core,214.0,0.17760446445613545,0.1621719987037178,0.06042856159463229,7,-2272.7825999999995
High-Value Core,112.0,0.16160777019983635,0.10274592965451426,0.02316947404527276,0,5579.712599999999
Early Churners,,0.5196305022394467,0.2582261467884012,0.5721879021785232,221,-1502.2288
High-Value Core,112.0,0.1811206055487535,0.11680072096666916,0.004002463638261253,0,7515.4313999999995
Casual Regulars,,0.2312634072627981,0.3198428021006722,0.02853865975180157,3,122.03579999999988
Bonus Opportunists,3.0,0.4553307442422757,0.395891857463586,0.6230671116124057,139,-397.2522000000008
Casual Regulars,168.0,0.2937499551263324,0.20292770982716626,0.08670502695302083,4,1477.7746
Casual Regulars,,0.4224489742370794,0.14611027474399552,0.10630594872604651,5,-1361.5313999999998
Early Churners,,0.3817979736648469,0.1895583510454427,0.39895129566072013,209,543.7823999999998
Casual Regulars,,0.5810242190525029,0.2126071445939825,0.107893829387872,2,357.32460000000015
High-Value Core,173.0,0.18554316723790878,0.1810143391693107,0.061278104319159844,9,2553.442000000001
High-Value Core,125.0,0.17571920783390305,0.14446201996364055,0.06741082657047937,0,156.71959999999945
Casual Regulars,,0.15200664622274096,0.21319084561297907,0.04144076876387453,2,-271.9674
Casual Regulars,,0.16326067259471536,0.14006021205549032,0.015007216907581443,14,-340.67200000000014
High-Value Core,262.0,0.19241193323590297,0.16821948804597175,0.0676923873943731,0,-9249.303799999998
Bonus Opportunists,4.0,0.2237952312823081,0.511569194578693,0.7597166497976071,149,-6200.004
High-Value Core,,0.10954887458350265,0.16721691279581513,0.06976019375841382,0,647.2570000000001
High-Value Core,74.0,0.19951951227770026,0.17974539390339894,0.08256461469890443,2,3593.673800000001
Casual Regulars,,0.05273894402187679,0.39415166256791834,0.04615289855752307,10,-1709.6906
Minimal Engagers,,0.04339398699325749,0.547357817090491,0.20319794187871534,4,-2441.0978
High-Value Core,60.0,0.19198684158004062,0.11302993576398342,0.024737907075027578,0,10098.856600000001
Casual Regulars,,0.5958663135944816,0.2677680735426564,0.08968923394399429,3,131.558
Minimal Engagers,,0.13324909473270619,0.21938804961519312,0.0,39,-876.033
High-Value Core,271.0,0.5484107350530201,0.17495839778083724,0.09284382798555979,1,2154.7264000000005
High-Value Core,136.0,0.20471264156643473,0.13634679005420192,0.060127051628168365,7,-1312.3915999999995
Minimal Engagers,,0.3341226668230671,0.36634310505029366,0.3341226668230671,202,-1072.7196
High-Value Core,141.0,0.13339711329552384,0.15414208474973323,0.06269282858203488,2,-59.944200000000365
Casual Regulars,,0.25933609108221606,0.1754896686860759,0.04193932223858535,46,-207.20079999999996
Casual Regulars,,0.0868049423827824,0.1720549526191043,0.03131806217782151,5,-814.5992
Casual Regulars,,0.5432113421602411,0.21276179504975098,0.08876785140089137,7,-1650.7853999999998
Minimal Engagers,,0.7420192952046512,0.5841271769861601,0.0,86,-446.5774
High-Value Core,174.0,0.4038497504138352,0.16666332022340566,0.04833361674455246,1,-1253.8610000000003
Borderline Opportunists,,0.04321855300832927,0.26257271648872615,0.0,73,-285.1432
Bonus Opportunists,53.0,0.25993282391827216,0.5240810724406342,0.7004850594519225,228,-11040.518800000002
Casual Regulars,,0.13682356675438812,0.21714505332437412,0.09897934900359347,15,-95.73860000000002
Casual Regulars,239.0,0.21591760484554123,0.1269675654399924,0.06591517898353375,2,-4336.7447999999995
Bonus Opportunists,1.0,0.42920217258889864,0.3765380404753387,0.7134818345184315,308,-3070.4986
Early Churners,,0.057450025833348184,0.3612253817694093,0.43983724990646555,201,398.06399999999996
High-Value Core,278.0,0.17634644177108183,0.17781714066069768,0.042423011132493665,2,-10062.759600000001
Early Churners,84.0,0.08628738700293827,0.19792298047198217,0.5692261604170056,204,-2964.338
Casual Regulars,,0.08606658366822989,0.20735075634292308,0.10069237037944909,8,-269.8620000000001
High-Value Core,84.0,0.17184633445139313,0.13922923960479366,0.026657184212366805,0,12699.3524
High-Value Core,80.0,0.21277649776534854,0.11034734386187003,0.024918771988369674,1,5802.1404
Minimal Engagers,,0.0627742921838278,0.2522603304247834,0.1844092836062177,50,-885.7212
High-Value Core,,0.22444035087628803,0.12040493154841224,0.09846175296505912,0,113.95939999999928
Casual Regulars,,0.1786628387448601,0.1156662089678152,0.013161833515161672,4,148.90779999999995
Bonus Opportunists,0.0,0.9917760906435129,0.5572243599488829,0.838950687626257,157,-4774.5026
Minimal Engagers,,0.18867886354173652,0.20048448428685609,0.08509806802947098,10,-1612.1814
High-Value Core,233.0,0.07817168538999449,0.17164450860324681,0.0912863578512832,7,-7944.4710000000005
Casual Regulars,,0.05628838177814948,0.35681055601472855,0.18331700489853045,5,-907.0550000000001
High-Value Core,,0.13859080469658672,0.22750819833922578,0.09056271491792951,0,571.2539999999999
Casual Regulars,214.0,0.19234013473404987,0.1383992818426152,0.054848929648769515,0,-2621.584
High-Value Core,159.0,0.14322367947036524,0.13468825953042568,0.09140088157404523,1,2714.3444
High-Value Core,95.0,0.21094495528379778,0.1306991030247279,0.004187897161216718,0,18513.8226
Early Churners,,0.0601020561073482,0.3686053245828009,0.5467914689320682,211,-1357.8358000000003
High-Value Core,87.0,0.16826548229871646,0.14105392326616648,0.008519347475333191,1,5998.821599999999
High-Value Core,170.0,0.15409864854162583,0.14893808862335955,0.08508588354673659,2,-3079.6775999999995
Bonus Opportunists,30.0,0.5418566809377946,0.37731820651540854,0.7328748103131986,312,-1278.5128
High-Value Core,71.0,0.14102720541783711,0.16439175028689235,0.092406524777015,1,2197.4908000000005
Minimal Engagers,,0.07646283772466902,0.22513169759156457,0.27918510605829394,45,-1092.5308
Minimal Engagers,,0.26589875760757986,0.39463321826905806,0.3048236287829473,213,-2362.5066
Early Churners,,0.09654550785280376,0.2554393236638838,0.6983776308880578,208,629.9174000000003
High-Value Core,305.0,0.14416461828788496,0.14210971433070096,0.07894633213608099,0,-8661.257599999999
Minimal Engagers,,0.0,0.401947584424802,0.0,14,-557.8782
High-Value Core,161.0,0.1341911742222088,0.17214792863725498,0.037198360314645844,0,-1656.7035999999998
Casual Regulars,,0.27525881798422375,0.2399504555876131,0.1893577631489989,5,-82.8922
Casual Regulars,,0.2152166765084819,0.16277873996604697,0.1142205282370625,8,-103.904
Casual Regulars,,0.06799939941340613,0.2950169289861083,0.01879767909442442,1,-436.74619999999993
Casual Regulars,,0.14246316465036202,0.22535360523877287,0.028918727806557732,5,-283.6608
High-Value Core,150.0,0.5140934340862008,0.15905912029491323,0.03775649224553037,1,2806.487
Bonus Opportunists,13.0,0.8972080375669493,0.37925721708678667,0.8582371615094899,181,-1060.1812
Early Churners,,0.058439394418029374,0.4842956285614149,0.5002429010150615,218,-497.2445999999999
High-Value Core,195.0,0.4583433479610218,0.15684759523738667,0.08890163296086251,2,2400.6108000000004
High-Value Core,203.0,0.18460923578664107,0.13010704429397124,0.06880996657949433,4,-3196.6328
Casual Regulars,,0.2542201551432632,0.1943149903641893,0.039897769464525445,1,390.145
High-Value Core,163.0,0.12593210686428583,0.20221067508496152,0.08246586600152829,6,-2770.7680000000005
High-Value Core,149.0,0.1878222804413497,0.10895868670367836,0.013125127663159862,0,11387.003
Early Churners,,0.07683121599644821,0.2005241246609945,0.49139967481536656,200,-1089.1234
Early Churners,34.0,0.15189098239354662,0.26081033961276245,0.5414820301734119,215,-869.9954
Early Churners,,0.13879766700449478,0.1763354952084099,0.5803520170750135,208,-1103.5906
Casual Regulars,,0.2004820019026615,0.2140235499776141,0.0276238888206093,19,-159.42279999999994
Early Churners,,0.21171996358954429,0.3303815250722266,0.4636201395227732,228,-126.07019999999994
Bonus Opportunists,,0.10942599956561325,0.7394429328518896,0.6761072653807826,240,-750.6004
Early Churners,,0.6049793954986299,0.322620962226297,0.4871748015263963,206,-241.50559999999996
Casual Regulars,208.0,0.21300317256454399,0.1729440216885607,0.12962970369020355,2,-4099.617200000001
Early Churners,124.0,0.202918316395728,0.1741014108946842,0.5699845665959841,221,504.9630000000001
High-Value Core,,0.15546061915928297,0.1670469375483585,0.10808258901051761,0,-6.076199999999972
Bonus Opportunists,57.0,0.9696961549862669,0.530261069893021,0.6922560046640847,220,-10538.324
Bonus Opportunists,21.0,0.32557781887235543,0.4838643747144267,0.7781978655848862,282,-6265.125400000002
Bonus Opportunists,36.0,0.25456343844765983,0.5560322186904517,0.6773093443752053,205,-4441.4576
High-Value Core,113.0,0.1512578754974231,0.17618837434344656,0.10765197281009095,0,4390.5356
High-Value Core,132.0,0.2200679599664379,0.1566876316856088,0.054855214760510994,0,-2859.5628
High-Value Core,113.0,0.20239295698499762,0.11878133884727543,0.005242378747608337,1,11620.345399999998
High-Value Core,86.0,0.1720819923304132,0.12477112006542451,0.014882292320342353,0,20619.246600000002
High-Value Core,256.0,0.1459076711163855,0.16493546472383838,0.0594713513984303,0,-9681.2922
Casual Regulars,321.0,0.14765228029273234,0.14742491614253203,0.18164432409467646,0,-4902.5964
High-Value Core,101.0,0.20876165179607922,0.17431375989029974,0.05957319788813997,4,3661.5258000000003
Casual Regulars,228.0,0.18523436787789854,0.1549665075987236,0.04121396467447951,2,-4256.2268
Bonus Opportunists,14.0,0.5361789789308796,0.3312771068905739,0.7991521426561559,293,-9060.9078
High-Value Core,57.0,0.17019058241889065,0.14415995848314922,0.09546528687789049,0,404.66939999999977
Borderline Opportunists,,0.16030102537416388,0.17107652198332576,0.11589061984049735,0,-21.576999999999884
Casual Regulars,,0.26079743745821926,0.27908684409166384,0.03531909211869159,2,-896.7717999999999
Early Churners,,0.0895085837316644,0.32950353682275607,0.5776165059125705,216,-187.10720000000003
Minimal Engagers,,0.3330177098411146,0.19915064092570003,0.14168584338089676,26,-190.77079999999995
High-Value Core,137.0,0.1706529508835118,0.1704636676096918,0.07238180393917816,1,1154.1468000000004
Early Churners,,0.07984510287188464,0.3291744762436697,0.4849046272752226,203,201.67860000000007
Casual Regulars,,0.08993741364688748,0.29220660933919196,0.053781900114180436,0,247.98640000000023
Early Churners,,0.1723990642128118,0.268674634742628,0.3450770370993497,200,278.94600000000037
High-Value Core,86.0,0.18085037929282044,0.09876893128269842,0.02285114571574504,0,15890.716600000003
Casual Regulars,,0.22087291612411353,0.1906942116063127,0.05503767003817957,5,-1058.1372000000001
Early Churners,,0.6400420223105525,0.32293819777083954,0.5621956043927159,201,669.5581999999997
Casual Regulars,,0.0908512857106801,0.39478428344460575,0.07975203577549911,1,-1502.6736
High-Value Core,300.0,0.1864365516394205,0.15711160720060818,0.022215882233718908,3,2069.4792000000007
High-Value Core,122.0,0.1957638534546834,0.17369894991235235,0.09612674585636571,0,-2105.9489999999996
High-Value Core,248.0,0.47422173403587364,0.18289339797982912,0.06944423650693503,4,-8527.115000000002
High-Value Core,137.0,0.3387418282391033,0.1167043338906617,0.0013092316770982417,1,7188.8896
Bonus Opportunists,23.0,0.5731008795376464,0.3578532797259526,0.8984088122423322,143,-10580.047
Minimal Engagers,,0.0,0.3447732815668658,0.13730013607756422,30,-2105.936
High-Value Core,155.0,0.2578173234036063,0.12628772276425865,0.004446971059302617,0,10439.476999999997
Early Churners,,0.06574558781746087,0.2815709052546148,0.6221278552826047,213,-1251.1272
Bonus Opportunists,,0.9960829408303578,0.5601402406258305,0.8879333730237544,207,846.0036
Early Churners,,0.117977722572339,0.15343966106019863,0.2604956730402024,217,-2236.0262000000002
High-Value Core,,0.15145431451064817,0.13856854071480965,0.04676239078571519,4,744.2806000000005
Minimal Engagers,,0.12578650898494684,0.18054171253479998,0.19129436514889772,22,-427.1782
Early Churners,,0.16818712659412,0.22841017307521605,0.5876943429102571,201,-29.315200000000004
Bonus Opportunists,8.0,0.2061127447656818,0.5235398096184082,0.645236820911697,109,-2344.8882
Casual Regulars,,0.11272511011684343,0.1883145614544314,0.10039874878427645,4,-1098.1546000000003
Casual Regulars,,0.10972551164363002,0.17989225390458774,0.21054200420274322,12,279.3085999999994
Early Churners,,0.20272829065353348,0.1564099925681653,0.6673701576204102,205,-104.54359999999997
Casual Regulars,305.0,0.22693674881559672,0.14523526738989978,0.08943874999752939,4,1019.0432000000003
Bonus Opportunists,1.0,0.21852868591451044,0.5714521577794152,0.8780988708640896,307,-4228.795
High-Value Core,124.0,0.14465748463359182,0.11367995639998633,0.009557447946885513,1,9157.4302
High-Value Core,152.0,0.15033638747703007,0.11676167573796516,0.003856493787050201,0,1825.800400000001
Bonus Opportunists,6.0,0.27254855453340365,0.5303082079617115,0.8616575701166758,266,-5662.2518
Borderline Opportunists,,0.3549180106672749,0.1873428762526054,0.34137542905443935,10,-270.2506
High-Value Core,102.0,0.14988258268637922,0.13247888709688507,0.05949258652256438,0,-2365.9828
Early Churners,,0.6675098393944988,0.37875088487857356,0.5472720694111132,218,-22.875
Minimal Engagers,,0.0,0.5791906340868834,0.3010142792976299,317,-561.7068
High-Value Core,81.0,0.1616308752028925,0.21322697377878813,0.10092043915830338,0,1561.3874
Early Churners,,0.2174208215633851,0.31392084812119336,0.5584638368898368,209,-1414.3126
High-Value Core,,0.4612348287145997,0.16335890357311392,0.06632442487941859,3,556.5405999999998
Borderline Opportunists,,0.04902264612978569,0.18261151412369162,0.21642127357471375,207,-114.04500000000007
High-Value Core,73.0,0.39565836734955173,0.11883984881093645,0.023338209913476553,0,10247.4224
Casual Regulars,,0.42934032835311625,0.15685287216645294,0.05247476665182375,10,-116.5927999999999
High-Value Core,157.0,0.17471743047749397,0.1696576184347435,0.10149662806044858,1,-3386.5153999999998
Bonus Opportunists,2.0,0.2326410795692864,0.601375145272881,0.8997932937739689,113,-3067.7286000000004
Bonus Opportunists,5.0,0.4563977715375808,0.3839894624127046,0.8825162556319707,117,-7326.5658
High-Value Core,117.0,0.3084091267056304,0.0981280813199211,0.020548087928326304,1,8653.608999999999
High-Value Core,107.0,0.15630944851991146,0.22678577069336603,0.07902636385991904,7,348.99860000000035
Minimal Engagers,,0.09864097378601903,0.34804063557382087,0.008143786282565582,16,-264.72860000000003
Bonus Opportunists,1.0,0.3840209088359222,0.41685578363159587,0.6707275305595141,118,1363.4858000000013
Bonus Opportunists,8.0,0.2515005534334691,0.4369763563347824,0.7705931994644498,214,-5605.470999999998
Casual Regulars,,0.23754125514344968,0.22621730426171005,0.11291995876903355,12,-1200.2566
Casual Regulars,,0.1755244184985704,0.19172560990830687,0.06151723977671171,8,-740.9503999999997
High-Value Core,91.0,0.3385515894674645,0.11214370558697707,0.04210534012807783,0,10202.319000000001
Casual Regulars,,0.0823151484238716,0.3583121682381881,0.2025307762551852,6,-40.851400000000126
High-Value Core,183.0,0.36899756317535887,0.12311882405743259,0.011902473459100537,0,-1394.946399999999
Casual Regulars,,0.23056818997303768,0.14911291008669048,0.15810673965961683,1,277.89300000000003
Bonus Opportunists,1.0,0.9978767779989856,0.7567078669357539,0.8770003123337691,226,-2702.9930000000004
Casual Regulars,,0.1430181650876322,0.28018890002903535,0.07824138699574189,1,-1832.759
Bonus Opportunists,,0.41001529855192764,0.36891684678874004,0.8125368681737033,307,-583.7685999999999
Casual Regulars,,0.15321101833227685,0.21320237834057615,0.12865584930898344,4,-299.2859999999999
Bonus Opportunists,0.0,0.37181399869797677,0.4432951911591769,0.6438296881762812,298,7352.192800000001
High-Value Core,112.0,0.1774339379742203,0.1691069097935398,0.046957480171472485,2,902.2950000000005
High-Value Core,296.0,0.21051318963375268,0.13422556959082074,0.0542918624391863,1,1464.8401999999996
Casual Regulars,,0.05033858634073341,0.22709040132377362,0.1067683954140463,1,-1265.6902
High-Value Core,152.0,0.5153252303743913,0.19860678405213994,0.05341639089171565,0,-876.7346000000002
High-Value Core,161.0,0.3843123121786698,0.15370835828045154,0.09312433369743636,9,1416.6870000000004
High-Value Core,177.0,0.10924217120193974,0.1256315790972379,0.008370344256360891,1,-5453.781199999999
High-Value Core,101.0,0.19781945726739225,0.12879369359715687,0.019216270068515562,1,7532.1446
High-Value Core,136.0,0.2791961349616495,0.12289682894736262,0.03498437736463433,1,-2539.285999999999
Early Churners,,0.14430996555690728,0.2745805801120183,0.6082723632489402,222,-535.6578000000001
Casual Regulars,,0.15029830741676453,0.24678156964690748,0.08712727747172469,13,-358.08079999999995
High-Value Core,70.0,0.10823446999596541,0.129791031938578,0.06671637300322404,1,1984.2035999999998
Casual Regulars,,0.15753723835507727,0.17302965576581403,0.1509377173286963,5,-1429.8532
High-Value Core,149.0,0.1844385881405519,0.13919264341972182,0.018183281807663276,0,7032.453600000004
Bonus Opportunists,7.0,0.34035413421543304,0.4510574091818489,0.7765343565459986,268,-8285.8694
Casual Regulars,,0.22178615828019993,0.33209157005619466,0.01594350847391949,0,-1170.3267999999998
Early Churners,,0.3324004895290423,0.35707573712635465,0.6640399839105839,310,-1431.53
High-Value Core,96.0,0.4551236642999973,0.17377372504476876,0.09028412564878997,0,-1125.2452000000003
Minimal Engagers,,0.04044448611299479,0.7177282176952829,0.12048511901781968,13,-380.27660000000003
High-Value Core,259.0,0.3532706915958517,0.12836153341980722,0.111525103085046,2,-8481.0414
High-Value Core,91.0,0.19920828756172135,0.10998103380737775,0.014255178641737462,0,9892.762200000003
Casual Regulars,,0.16225071000654506,0.14102936727568255,0.05335840614809096,8,-401.76699999999994
Early Churners,,0.1196041550785357,0.24584097975242364,0.5238812933829773,202,-312.2381999999999
Casual Regulars,156.0,0.43550051620355923,0.14099149270339217,0.08214217433391628,5,-512.4119999999998
Casual Regulars,,0.1946976667905937,0.16803272081072337,0.06512693196448412,0,-726.8548000000001
Early Churners,,0.09851390167726942,0.2230032206734116,0.5258528073592943,202,-837.8694
Casual Regulars,,0.2740075078230046,0.1659744026084965,0.11002074827592381,15,349.0343999999999
High-Value Core,154.0,0.17880953588351267,0.15356808998582772,0.10237680205586501,0,3685.6576000000005
Early Churners,,0.037865509761388284,0.24230656953866025,0.46132478801025434,202,-1692.9
Casual Regulars,,0.07929428200100233,0.33884726525664255,0.04017216267765629,2,-293.9174
High-Value Core,187.0,0.5174645331772363,0.15741904238342314,0.07444411306777712,1,2518.684000000001
Early Churners,,0.4166483465230555,0.280168139483955,0.4956474619999597,218,-73.32940000000002
Casual Regulars,194.0,0.1968737618361695,0.13016096965570534,0.1695007333140368,0,1088.5418
Casual Regulars,,0.05381938025576878,0.3794790597508096,0.07315609042695227,22,-321.0464000000002
Casual Regulars,,0.13386394316181807,0.21502618682574456,0.06519759097407518,11,-2213.7526000000003
Early Churners,77.0,0.11498191258381589,0.36839728560158586,0.531265106743777,206,-1393.7060000000001
High-Value Core,122.0,0.14312860722758453,0.1153737032934394,0.0696791031972238,1,-679.7802000000001
Bonus Opportunists,0.0,0.27528450652923864,0.5014779863434482,0.8428155798650201,199,-884.8319999999994
High-Value Core,141.0,0.1770882855736113,0.10949085503773581,0.004903432994389241,2,13426.766000000001
High-Value Core,,0.18106282206802488,0.1374468949999007,0.06612622115163479,0,181.9114000000004
Early Churners,,0.48418147795608163,0.2256453475970578,0.5199208204308114,203,-414.289
Casual Regulars,,0.12325725922842022,0.1985283576614935,0.07871406859767834,0,-1207.5116
High-Value Core,194.0,0.4185210114318724,0.14099855762731656,0.05162022452223788,6,2507.6110000000003
Casual Regulars,132.0,0.20755886015228495,0.13763160429211937,0.1002536176693867,9,-400.5405999999998
Early Churners,,0.658909500013234,0.3267667021840304,0.4538474761286067,201,675.2444
Bonus Opportunists,14.0,0.16751720069847,0.625685911521113,0.49452460947605803,307,-6691.9328000000005
Bonus Opportunists,10.0,0.18066315882453862,0.560087611397988,0.7735192372971817,206,-8212.6734
Minimal Engagers,,0.0,0.3473219390797995,0.0,64,-688.6428
High-Value Core,227.0,0.1642403890221432,0.17641872580858503,0.09027130111849213,0,-3817.2302000000004
High-Value Core,240.0,0.12429315052097625,0.11497999342322754,0.06538231569485661,4,-880.6235999999999
Casual Regulars,,0.2476004963362787,0.14681216170516076,0.045878980456902446,5,197.26919999999996
Minimal Engagers,,0.35594019888007417,0.2455012286417606,0.26625031233945384,34,-1528.6606
High-Value Core,127.0,0.43112499812032196,0.1487478160556676,0.004810117955236038,1,19039.3446
High-Value Core,146.0,0.20196465877822398,0.12163525009453373,0.0756137002934834,0,507.3308000000002
Early Churners,,0.5908129699248121,0.26223219351126853,0.7207922262303157,250,-316.45439999999996
Casual Regulars,,0.13614155279055898,0.21022394081108933,0.08080330033541319,4,77.77119999999991
High-Value Core,162.0,0.17775019450087687,0.1568683890739102,0.01829190055019573,1,8360.8846
Minimal Engagers,,0.07731664480364683,0.26057800927278435,0.08079221124471038,25,-916.4328
Minimal Engagers,,0.5738956335848636,0.5109211293258169,0.5738956335848636,265,-474.9268
Early Churners,143.0,0.09165430445413633,0.188274763885656,0.5313433972634041,203,-4640.0401999999995
High-Value Core,,0.4294947781514096,0.14208160032395178,0.05990330935401515,0,629.1438000000003
Casual Regulars,,0.21142746174063373,0.10555828165093353,0.02804483784152677,6,-1260.7397999999998
High-Value Core,106.0,0.17127014960866105,0.11234327383530744,0.00827570882284212,0,6021.043800000001
High-Value Core,261.0,0.20524337930729925,0.2156623010558552,0.02351798538084749,0,1506.0740000000005
Early Churners,,0.23490069710253092,0.2441531821417109,0.42539878939395864,212,350.54920000000004
Casual Regulars,,0.14715065683113765,0.24852396788372058,0.03591620204319669,12,-1688.3312
Bonus Opportunists,0.0,0.389710549317185,0.44797707977661816,0.79172474414401,195,6296.364
High-Value Core,103.0,0.10857041185638529,0.19926132050377768,0.10637401805371809,3,1639.1139999999996
High-Value Core,205.0,0.4472993713789137,0.16037831994875407,0.09099714725481112,1,-541.5782000000004
Minimal Engagers,,0.048633255052258774,0.5659047891060366,0.18089719832766588,227,-299.6294
Casual Regulars,,0.5783805431890872,0.35366344395148624,0.019091160998253302,0,-231.57380000000006
Early Churners,,0.49782514773543707,0.23559563012740276,0.626299685047863,207,-809.8178000000001
Casual Regulars,,0.24376472464906251,0.19919572612537959,0.0,12,-1474.016
High-Value Core,116.0,0.48424014034909163,0.13689983988618346,0.047962873031840915,1,-418.1987999999992
High-Value Core,132.0,0.20069875545899063,0.10455609924611693,0.0036327995705339837,0,2978.5420000000013
High-Value Core,153.0,0.25326821271479744,0.1487487409651866,0.08570489354271671,1,1189.0656
Casual Regulars,281.0,0.24568087716322914,0.14295263634139696,0.04766835536980408,3,-4055.1172000000006
High-Value Core,108.0,0.21572715349704108,0.15371790668604893,0.05438457641368671,1,-1273.1278000000011
Casual Regulars,,0.1422851094537151,0.1665625906851062,0.1823569016957575,7,-70.36059999999986
High-Value Core,57.0,0.169083973579579,0.18711119309045618,0.17201678148583904,7,2338.9858000000004
Bonus Opportunists,8.0,0.2571957238988006,0.5637868963000776,0.871215695320483,307,-900.6343999999995
Bonus Opportunists,0.0,0.4642696624319665,0.3841992157228929,0.9542860894951957,233,-3901.9357999999993
Casual Regulars,343.0,0.3179093167662334,0.1256305403929543,0.037630438725706886,8,845.5637999999997
Early Churners,,0.44540297451760397,0.1990605510829528,0.5885899730579376,201,-80.29219999999998
Bonus Opportunists,1.0,0.9583846447918841,0.4771036107028168,0.7315361529520833,162,1420.0146000000004
High-Value Core,113.0,0.12424013916249695,0.17192240004660558,0.1497162016373727,0,3263.7996
Casual Regulars,,0.09387519478550302,0.2103472027307572,0.07532490130563374,3,-324.1647999999999
High-Value Core,302.0,0.15208038683912772,0.2266595906746474,0.1226811925487256,0,1362.6188000000002
Minimal Engagers,,0.056050272343331944,0.43310961416120053,0.6523998643811283,216,-174.3816
High-Value Core,155.0,0.23153728747205743,0.12596158594958728,0.001604981384826673,2,4287.413999999995
Bonus Opportunists,3.0,0.9727836422931685,0.5865366702534089,0.6797156748206963,301,-2732.3648
Minimal Engagers,,0.1930472868084816,0.3193966836313624,0.18288170337137433,8,-918.6192
Early Churners,,0.27984898393839536,0.20257454991945484,0.4787290651947123,212,-177.2901999999999
High-Value Core,295.0,0.16636353832301315,0.1269069985389287,0.10144077476778725,2,-8756.7346
High-Value Core,,0.19574060793967124,0.13956482238198403,0.047951874610590396,2,504.058
Minimal Engagers,,0.0,0.31137891129724826,0.26060949596503524,15,-1719.5532
Bonus Opportunists,,0.2542403030494252,0.5122263725385262,0.9284756930716659,320,-957.5887999999998
Borderline Opportunists,,0.5707545043167205,0.2705977204462757,0.1435804415721892,13,-1476.1662000000001
Minimal Engagers,,0.7332992696160056,0.3869006787540941,0.1155588048482229,15,-301.9398
High-Value Core,159.0,0.16747949620893743,0.13739972630657835,0.11429034294869592,0,1778.9553999999998
Casual Regulars,,0.19936929765628172,0.1820447741032965,0.050501826036279306,0,-582.9456000000002
Casual Regulars,,0.019423456140802924,0.35418879470305653,0.027513683026680946,18,-1140.2409999999998
Bonus Opportunists,6.0,0.13949725238791316,0.661574203080864,0.8471982098776629,114,5335.193199999998
High-Value Core,140.0,0.12517231272240475,0.14744545931674394,0.0654243950205478,2,2808.1196000000004
Casual Regulars,263.0,0.11648466201243611,0.17708487368823933,0.022652412870706712,1,-2738.5824000000002
Minimal Engagers,,0.7586337308411005,0.3263976520102494,0.0,4,-2092.6478
High-Value Core,124.0,0.14580911914034358,0.18066386731754508,0.125735268618387,0,2077.7162000000008
High-Value Core,102.0,0.1460431333977226,0.16954972503774637,0.059416039130323915,0,-1690.9650000000001
Minimal Engagers,,0.10950821873617865,0.34817211409268883,0.034698086795576004,8,-362.9838
High-Value Core,226.0,0.12574725604360473,0.137934249010608,0.1369722569472643,4,-2469.7729999999997
Borderline Opportunists,,0.0,0.3467497791868384,0.09240997000438372,1,-2142.0582
Early Churners,157.0,0.5224951154694093,0.2650088025038202,0.5198871431678737,202,-4623.2972
Casual Regulars,,0.6083606085636101,0.24002968833847074,0.09665073027548443,0,-228.0822
Casual Regulars,,0.598654700052274,0.2299881996598977,0.04582941687303294,2,-899.7398000000003
High-Value Core,70.0,0.21305697642667937,0.11106434733510066,0.010724329439049591,0,20869.988799999996
Casual Regulars,,0.20204549351392176,0.1551958851298391,0.139524960701342,1,-588.7832
High-Value Core,111.0,0.22783734450157953,0.15630415932416433,0.08245260603046352,6,561.0118000000002
High-Value Core,142.0,0.4712385902819678,0.1613703109195585,0.10769157306364732,0,-7180.1882
High-Value Core,117.0,0.1907073681448761,0.11935144331502376,0.05900336290781133,0,299.1252000000004
High-Value Core,62.0,0.15052204553890502,0.09955468602889506,0.012444319981860139,0,24668.794800000003
High-Value Core,168.0,0.19528675753855965,0.10717462529798247,0.07962693905770502,0,-2479.4011999999993
Casual Regulars,,0.16497968887053943,0.2743841827322413,0.1343769547933217,11,-2199.3822
Minimal Engagers,,0.6753320673585599,0.32375525737282224,0.1236942281842131,15,-1481.2995999999998
Early Churners,,0.22082052534486718,0.19718184824040624,0.5657284108445911,202,-1406.0185999999999
Early Churners,,0.09404686647629665,0.14131181894671643,0.613565345240289,213,-99.83539999999994
High-Value Core,310.0,0.20022751855791346,0.17648409797106535,0.0509732644612302,5,1357.5120000000006
High-Value Core,135.0,0.20249936295440596,0.11462631770890967,0.014682559207269588,0,3869.9929999999986
Casual Regulars,270.0,0.10026550752801937,0.16895351201089753,0.07792861824875807,10,-2765.6264
Early Churners,,0.1996802332927626,0.3240367908467554,0.5149836649225736,234,-19.37880000000007
Casual Regulars,,0.2218978390322891,0.18880635982143984,0.08243399236118705,3,229.58980000000008
High-Value Core,64.0,0.13658557880247305,0.12375784287573412,0.02125932614803179,1,21635.923600000006
Borderline Opportunists,,0.1382158829403847,0.2642190388393471,0.04311308670921801,10,-978.9024
Early Churners,,0.10103418433578537,0.18261568717680027,0.4049593730467811,219,-1384.02
High-Value Core,117.0,0.42045473332316924,0.11773372058336076,0.0032769604119127177,0,10651.555800000004
High-Value Core,234.0,0.17562519912306693,0.17261437733791926,0.0816006261705851,2,1952.0766000000003
High-Value Core,80.0,0.20604630033849408,0.13877473403610394,0.11655144860885859,0,3619.1966
High-Value Core,248.0,0.15388401055930603,0.16345645708483303,0.041616035642053364,0,-9481.103
High-Value Core,208.0,0.522234225774435,0.1728613422289116,0.06511349298395422,0,-7390.3794
Casual Regulars,,0.2664129548009254,0.2137652066805772,0.12902240939998694,11,-22.450400000000002
High-Value Core,112.0,0.19499597051633927,0.21468071798169996,0.09993690794708314,2,-154.5381999999995
Casual Regulars,,0.23182526286475238,0.13575963495891463,0.034498183183379584,1,-564.0065999999999
High-Value Core,191.0,0.20600798280524496,0.14365294068011036,0.07502674126425159,2,-7458.769199999999
Early Churners,,0.5895697290732265,0.3803133202742903,0.6981892621675015,210,-275.31960000000004
Bonus Opportunists,12.0,0.22156539805806003,0.5414416373151676,0.6312388659727427,283,-7134.385000000001
Casual Regulars,,0.11274252547755649,0.23682932512907118,0.0555168952156278,0,294.88300000000027
High-Value Core,175.0,0.18650710231721468,0.1403627168822942,0.10316033343557757,7,82.33719999999994
High-Value Core,,0.3503222215962445,0.11157523040644513,0.11006790149977776,0,-207.29880000000048
High-Value Core,115.0,0.11787171729322528,0.1906792967172603,0.1300103081396957,4,263.25319999999965
Casual Regulars,,0.6427858437823878,0.3546219772818465,0.0762647765705908,4,-80.16980000000012
Minimal Engagers,,0.3172188657692449,0.3501255641934681,0.0,36,-2161.8314
High-Value Core,295.0,0.20529497357659737,0.14685563655084835,0.06557843772966605,0,-1008.2307999999998
Casual Regulars,,0.20746965499550196,0.19066046547247278,0.026506817845656522,5,-640.2044
Early Churners,,0.13015764719210993,0.1799352100814264,0.46008339818442046,225,-243.19260000000008
Early Churners,,0.097898473456763,0.42265474013912485,0.6988788722876117,210,146.3492
Bonus Opportunists,7.0,0.1421466404249993,0.723317210849012,0.7159515749289671,114,-6088.0662
Early Churners,,0.06116552630461905,0.3462470347723143,0.5630324749884335,202,-1262.3737999999998
High-Value Core,110.0,0.3713038585379876,0.12380844987709341,0.0708743644963786,0,736.6455999999998
Early Churners,,0.017779155886818145,0.4867985456722119,0.5302865467158492,201,102.43580000000009
High-Value Core,171.0,0.18313256001640887,0.12158447206996267,0.015943037427574438,1,12730.290799999999
Casual Regulars,,0.5065434189632606,0.2208830041238964,0.04066497660339753,25,109.98939999999993
Casual Regulars,,0.20280918063611858,0.23880111781726546,0.05644450065807862,10,-519.6742
Casual Regulars,,0.15220913722154011,0.14288013461679097,0.13064519766576466,1,-339.7954000000001
High-Value Core,99.0,0.1090028928600388,0.18085590440903057,0.1314182859078847,0,-2712.3788
High-Value Core,124.0,0.2296781283535638,0.11137991324877092,0.002501650905949716,0,7703.511600000002
High-Value Core,259.0,0.5494820637396932,0.17561845319616534,0.0855452351832876,3,-8478.2206
High-Value Core,224.0,0.17995802511042205,0.15774400380317147,0.07032047492843835,2,-7500.0005999999985
Borderline Opportunists,,0.5468858390087421,0.4022547401168671,0.5468858390087421,86,-447.81579999999997
Bonus Opportunists,16.0,0.9582198787401285,0.7015126495694005,0.42302342743369453,169,-1271.857
Casual Regulars,,0.5530129152129837,0.2510934179119062,0.1613363935891815,0,-374.2756
High-Value Core,72.0,0.45214561649039364,0.13786718203727136,0.07770034135131912,2,3987.8103999999994
Bonus Opportunists,,0.9677715787586411,0.6066427954263951,0.6563917874725865,125,210.13880000000017
Casual Regulars,,0.5184441356928456,0.31591592048773703,0.26716095940496837,4,-640.5152
High-Value Core,80.0,0.15274341841367056,0.13936339275473156,0.0014058800348498905,0,19468.4832
Casual Regulars,,0.15281952563784396,0.18062683269378976,0.11691945348604348,82,-1382.5468
High-Value Core,85.0,0.542710760252322,0.21289844143967673,0.10324633921050048,1,1426.1886
Bonus Opportunists,1.0,0.9894416345769006,0.5048108805715324,0.7720067310427737,284,-2091.3492
Early Churners,,0.5442488442485341,0.24843502537901352,0.3914480938715537,204,-639.1967999999999
Bonus Opportunists,,0.38917889781012294,0.32747898482184656,0.7218468850763382,144,15.781600000000253
High-Value Core,134.0,0.21185604145733494,0.13532338282810372,0.0022672024239233763,0,8018.800799999997
High-Value Core,199.0,0.22313621887212165,0.1568188045213222,0.10966233697760339,0,-7339.0792
High-Value Core,176.0,0.22854617581854123,0.1393074330902947,0.04492159637994284,7,-1427.2765999999992
Bonus Opportunists,23.0,0.4758939438482319,0.333169296437421,0.5902995086552706,135,-4111.446
Early Churners,73.0,0.07609265595021487,0.42338038182961124,0.4137233888153376,207,707.9616000000001
High-Value Core,220.0,0.17818346899241583,0.12151595498187312,0.11682350600959178,6,1733.6194
High-Value Core,163.0,0.1490518862338177,0.14338501696679526,0.03992865487733633,3,-2779.9131999999995
Casual Regulars,,0.3241303970243344,0.13235136990468266,0.13227627221759794,47,-389.2774
High-Value Core,221.0,0.2174624511462752,0.15822489523817496,0.029220336256613126,1,2085.5679999999998
Casual Regulars,,0.1719836690096532,0.34518092754200397,0.044662429454316636,4,320.03600000000006
Bonus Opportunists,3.0,0.9422191747863485,0.40344517473712327,0.5566921551745673,125,5654.6572000000015
Early Churners,,0.12462320607028013,0.2763587420922688,0.49137635961947534,212,-897.9118
Early Churners,,0.024635918545545272,0.2054302441827781,0.5711316759302334,201,336.3563999999999
High-Value Core,151.0,0.1301355787198399,0.14316835666807132,0.0912954628731185,2,3716.1164
High-Value Core,285.0,0.13725338057876268,0.14621230991689005,0.12740264346917324,1,1702.0740000000005
Bonus Opportunists,37.0,0.27131761416404465,0.48870443319735657,0.6287666001104313,308,-9933.5702
Casual Regulars,,0.4362079860014096,0.18772219984706473,0.08475344496561109,3,-1306.2359999999999
High-Value Core,,0.3820678892847014,0.1276428236949529,0.08526633154475834,1,374.3604
Casual Regulars,,0.25376998014653024,0.14248885911716544,0.13459245253098923,7,-1419.1094
Bonus Opportunists,0.0,0.4186461446225219,0.3690592702425861,0.7305042947478477,115,4518.877200000001
Casual Regulars,319.0,0.1437171783012326,0.14191788769795788,0.11361759332927798,1,-4408.7408
High-Value Core,158.0,0.25227559456809473,0.12886962796181697,0.09233508833657848,2,2817.410400000001
Bonus Opportunists,7.0,0.9824794056482833,0.6603270275843474,0.7862200704554141,196,-7778.153799999999
Bonus Opportunists,,0.48705380864003034,0.3235329628463539,0.9375117104772974,311,167.538
Bonus Opportunists,0.0,0.11878350454672526,0.7666277332294915,0.7951496623746981,147,-5754.690999999999
Casual Regulars,,0.5427388368006757,0.2706730851490308,0.037354026948387915,0,-1963.1529999999998
Casual Regulars,,0.14473644754772555,0.3104470204390924,0.17689988660708633,15,-1479.6728000000003
Bonus Opportunists,0.0,0.9441671548610838,0.7533281432536166,0.8320798002836615,233,-3545.0919999999987
Casual Regulars,,0.14920138288148285,0.20524984470977334,0.10947531039044356,21,-1677.4968000000001
Casual Regulars,,0.051079292450926156,0.19811610369164298,0.06662089172255002,11,-209.4842
Early Churners,,0.1045164029862591,0.2657001441157684,0.500854883585406,213,750.8272
High-Value Core,103.0,0.17217252780119216,0.13431000032907342,0.0037679448825416,2,17337.9862
Casual Regulars,,0.09066049374864864,0.21025274507682598,0.08510619472452194,0,223.33159999999987
High-Value Core,285.0,0.39482292988388606,0.14694164228095663,0.06770667259593027,4,-10322.909
Casual Regulars,,0.5493502130830099,0.2634104521864352,0.007980347087337815,1,-991.4888000000001
High-Value Core,60.0,0.09180564884538912,0.16755584950701066,0.11035454583185206,7,1538.1915999999997
Early Churners,,0.054001358194376875,0.26956580052789214,0.5462663620109114,218,-120.24540000000002
Minimal Engagers,,0.19504694360607847,0.36203953710523995,0.0,89,-1754.5412
High-Value Core,122.0,0.2485609867923369,0.1289308647451802,0.08750132085473782,1,-2481.1312000000003
Early Churners,,0.6140097893071523,0.2627667418224089,0.5292953869175105,220,-224.55499999999995
High-Value Core,72.0,0.2569751587719741,0.1637736419631954,0.0999711004771261,2,2493.1290000000004
High-Value Core,86.0,0.21032894892558893,0.12478395307632714,0.01180119439065576,0,21107.647399999998
High-Value Core,86.0,0.3790482441225981,0.11114165460364686,0.009915049356126665,0,20797.0294
Casual Regulars,,0.40502007008792473,0.17826104339606272,0.07155323594569235,16,-1132.838
High-Value Core,167.0,0.38597848333568213,0.12506265429922078,0.08870467030255086,0,325.3047999999999
Bonus Opportunists,10.0,0.3461948376066778,0.4102350715511677,0.8374752283216691,123,-7153.7948
Casual Regulars,,0.12475293386737187,0.1808305205217719,0.028082381951183302,7,-408.98479999999995
Casual Regulars,257.0,0.2348716412826769,0.19795467581523515,0.09260627827608175,1,-4124.6998
High-Value Core,249.0,0.21826498650246987,0.16063327752205736,0.09979947166268179,0,-2545.3278
Minimal Engagers,,0.0,0.2781599682340475,0.47660495856313495,228,-2386.4462
Minimal Engagers,,0.0,0.24022532086931667,0.11166129188624611,8,-1690.6622
High-Value Core,98.0,0.19289710167848614,0.11652590230225497,0.0198606478421093,0,16526.967799999995
High-Value Core,239.0,0.17149543565283507,0.170406457639064,0.08924315203948771,0,2245.1702000000005
Casual Regulars,,0.042767801584657414,0.27706285632581956,0.011437997389480807,12,-2096.3454
High-Value Core,292.0,0.07723632742051822,0.17770977143164127,0.0651856686046538,2,-2401.4646
Casual Regulars,,0.6214683442500568,0.27020471384179184,0.09960149254772668,8,-69.3467999999998
Casual Regulars,,0.0882564592454096,0.14749541961940218,0.07901964891129809,7,-512.7410000000001
Casual Regulars,,0.2918690963229543,0.18101236803282086,0.12999542899384545,13,172.6963999999998
High-Value Core,145.0,0.12352033263527579,0.1718760255174245,0.03835970147498481,1,983.6091999999999
High-Value Core,82.0,0.14779721047868943,0.14984336676129698,0.09330490914592154,0,637.1404000000002
High-Value Core,123.0,0.10342129038270376,0.17424130131614837,0.08831641299500442,2,360.79779999999937
Early Churners,,0.16092984600725188,0.2343348737245483,0.5015865023915932,206,423.35159999999996
High-Value Core,223.0,0.16452639038231698,0.20867229359368245,0.059928164025074775,10,-2108.1566000000003
Bonus Opportunists,53.0,0.9198575182885221,0.6694512689296427,0.8587083946420793,195,-11154.8934
Casual Regulars,,0.10204433189924335,0.23748650171782212,0.09997143304206522,31,-221.3564
Bonus Opportunists,0.0,0.5409666186550482,0.3621613776839515,0.8371089012375091,184,-756.7636000000002
High-Value Core,107.0,0.13085312550998668,0.1305685126991823,0.10548579729746893,0,-1927.0969999999998
High-Value Core,81.0,0.16414581508102244,0.11562625826485266,0.006346941500351866,0,14117.9752
Early Churners,,0.11829420615589777,0.26394519989979004,0.6173710812729122,205,239.58040000000005
Casual Regulars,,0.169238075679006,0.2160914135138396,0.034221015930211394,6,-1514.4096
Early Churners,44.0,0.034006032770799804,0.40803040344323926,0.6219014711567541,203,-1169.4008000000001
Casual Regulars,301.0,0.54636765416753,0.2668115988658172,0.04775425811509605,4,-1515.2920000000001
Early Churners,,0.10847091465694392,0.2851600870474769,0.7045011792684881,214,-2315.4168
Casual Regulars,,0.09968739000992824,0.3105373101333416,0.08197618224200914,3,213.15060000000017
Casual Regulars,284.0,0.15650529826591017,0.13390129739822385,0.07076959209711231,1,-1249.9279999999999
High-Value Core,186.0,0.162573275903121,0.1892424682732455,0.06678887253921541,1,-2740.0959999999995
High-Value Core,110.0,0.19325230858319203,0.13757744939957575,0.09251553140403107,4,-517.6259999999997
High-Value Core,,0.45823256986446964,0.15637508146836357,0.11774737225792496,0,735.5050000000001
Borderline Opportunists,,0.4851645811518055,0.18214314923739602,0.0,18,-1605.7554
High-Value Core,62.0,0.3427837642584717,0.09906804471620403,0.012965011389017057,0,21914.0472
Minimal Engagers,,0.24959461124019433,0.3558203482947272,0.04320828292338869,8,-1081.4718
Minimal Engagers,,0.8431307651350535,0.7354774439643346,0.1635931271675469,37,-444.4072
Bonus Opportunists,8.0,0.21635769629940857,0.5760592651346972,0.6672718818593669,167,-5999.170400000001
High-Value Core,193.0,0.19415713062118972,0.1405172618628784,0.10015079213673328,0,2802.362
Casual Regulars,,0.17955258280362174,0.2263146686422096,0.02990704797450285,3,-184.48239999999998
High-Value Core,126.0,0.18011051321193536,0.15311919069098837,0.1122891848216234,0,3826.982
High-Value Core,276.0,0.46515329891337903,0.15563017641368287,0.09639637955365084,0,-10074.834200000001
High-Value Core,137.0,0.21761768953668922,0.15536386674231684,0.1268928258994143,0,-3626.2028
High-Value Core,153.0,0.4081172202569793,0.13682329737332005,0.05211818329768115,0,553.1124
High-Value Core,244.0,0.21396097793571844,0.10488159276306361,0.07711098562782093,0,2394.7331999999997
Bonus Opportunists,20.0,0.9772244774338876,0.5516838242467452,0.7555593045740004,142,-6704.740399999999
Casual Regulars,216.0,0.11959185391697112,0.3065353207505251,0.08937527616849075,3,-2523.8218
High-Value Core,113.0,0.1895991013770619,0.12877933282615908,0.0031885682124136614,0,16315.303799999998
Bonus Opportunists,5.0,0.1376177974170381,0.6602263971081944,0.7828783707797344,112,-6159.2354000000005
High-Value Core,94.0,0.18532098915921982,0.11706390651436296,0.056275463635740534,1,3777.9811999999993
Early Churners,,0.07703653292678853,0.2696748767066424,0.4891345389889997,202,779.3942000000002
Bonus Opportunists,4.0,0.2955681334671174,0.5068274066151104,0.8989421022312902,138,-7411.1012
Bonus Opportunists,4.0,0.9564644889437863,0.7310195701820502,0.7350668247989367,148,-7760.8336
High-Value Core,136.0,0.12393332648779248,0.16687240711404028,0.10627486326648855,0,691.5844000000006
Casual Regulars,,0.2743769743204905,0.15906506145670588,0.08344915298331929,10,245.69959999999992
Casual Regulars,,0.23443151386123157,0.1635660128330375,0.04723364348287282,0,-86.86939999999959
High-Value Core,265.0,0.17173319119938169,0.17575349376285387,0.056803245407293805,2,-9981.633600000001
High-Value Core,274.0,0.12481530448588055,0.21543948671701205,0.08481455196737515,0,-9911.743199999999
Casual Regulars,302.0,0.0979310079765866,0.21684531563504578,0.07352117965653096,5,1086.0094000000004
Casual Regulars,,0.17987531823283587,0.17797178612820966,0.11732000292567119,14,-1919.1306
High-Value Core,118.0,0.20818765468319173,0.10671760856546617,0.012787014508663297,0,8301.893199999999
High-Value Core,115.0,0.49892691357353613,0.1320973728535417,0.11517996820070169,4,1301.942
High-Value Core,201.0,0.44083134639962723,0.14184759829570198,0.0,0,-4122.8848
High-Value Core,90.0,0.17231121650193526,0.13921429890255407,0.006853547251167936,1,16006.270600000003
High-Value Core,120.0,0.2161172367680822,0.09748750027683067,0.010152410463315003,0,11368.09900000001
Minimal Engagers,,0.0,0.36844899278812254,0.04469396380427309,5,-2441.473
Casual Regulars,,0.42098572922400157,0.19789984964338234,0.08184961022192859,1,-730.0971999999999
High-Value Core,227.0,0.21477806643731415,0.14151775427907004,0.1250481423418109,2,-8286.9802
High-Value Core,231.0,0.15093558176038854,0.18000559022100435,0.06661091435659401,0,-634.3663999999999
Minimal Engagers,,0.1528196289401445,0.4537222070783473,0.04227142691866763,47,-195.74720000000002
High-Value Core,186.0,0.11829268252014134,0.11483545095144349,0.0012891597224375974,0,12992.947599999998
Minimal Engagers,,0.43126496020792954,0.4427585314859282,0.0,20,-663.9878
High-Value Core,115.0,0.18223193377843377,0.11850336862195211,0.02598247873728789,0,5104.946
High-Value Core,82.0,0.18615882961003208,0.10213593031935525,0.005956503006412076,2,16539.484000000004
Bonus Opportunists,6.0,0.3013351815796924,0.517923142021635,0.8674200300557531,141,-3524.0469999999987
Early Churners,,0.13470025365531746,0.18806720751501468,0.48137025427398894,208,-579.3152
Casual Regulars,,0.3755645559682163,0.10791598358803536,0.046986460594852654,4,-1317.0098
Minimal Engagers,,0.28582274418422765,0.16011538857296914,0.043225034757760995,18,-351.68780000000004
High-Value Core,155.0,0.1816128855093578,0.13027650387720308,0.017108865594403343,0,4634.328800000003
Early Churners,,0.11520216747167313,0.30707809911926714,0.5959844273165305,221,29.721800000000258
Casual Regulars,,0.22637155126002503,0.1501541711341092,0.02619668610417799,3,-750.3462000000002
Early Churners,,0.1339998294885138,0.2110444934888266,0.5113140805489826,217,-78.3409999999999
Casual Regulars,,0.11015378660193705,0.19122739012849224,0.009240502245913404,2,-103.98799999999994
Early Churners,,0.32580825322798007,0.1791136961185556,0.4331773865244062,209,44.492800000000216
Early Churners,,0.587267243779781,0.21389627564846386,0.582765127453896,209,-909.2395999999999
High-Value Core,120.0,0.4390410773695342,0.14163670173755982,0.08673418039904389,2,399.91120000000046
High-Value Core,247.0,0.16727856031950722,0.12972188205810103,0.09855800905129321,5,-3908.2248
Bonus Opportunists,10.0,0.2704767842998526,0.5346804114484579,0.7576417191265757,154,-7414.5962
High-Value Core,297.0,0.191423829108248,0.15501810120942902,0.08677408804961231,0,1884.4381999999996
Minimal Engagers,,0.15901967829111147,0.3155808868677861,0.23826537930094277,2,-559.1646
High-Value Core,103.0,0.17604721917046723,0.1253566264176377,0.02566850545233823,1,14456.488199999998
Casual Regulars,,0.05774548311076199,0.3090492657056253,0.09579779122961048,0,-334.3600000000001
High-Value Core,133.0,0.19048675537360285,0.15803601686488725,0.07579034953509291,0,216.48919999999998
High-Value Core,69.0,0.18719934893473333,0.1210697091672077,0.018943436054749296,0,21498.085600000006
Early Churners,,0.1319305790201198,0.21232145203222264,0.39842206833919847,202,-901.482
Casual Regulars,203.0,0.1359650462177943,0.1687437427613281,0.11268220132381473,1,-1131.1982
Casual Regulars,,0.15019005872747604,0.21430996556745477,0.15095120488652292,0,290.1242
High-Value Core,150.0,0.178508357471239,0.12556263555317615,0.007985836336083707,0,14054.786599999996
Bonus Opportunists,,0.9731829371970555,0.4467466820211268,0.9287889471330316,108,185.51200000000017
High-Value Core,142.0,0.1216331394222965,0.1700333941017051,0.16005724421162296,0,-1177.3308000000006
Borderline Opportunists,,0.4640564127131382,0.19382161767806294,0.0,22,-942.1916
High-Value Core,196.0,0.5338056454724206,0.17739071377468493,0.13165090154543024,2,-3762.9957999999997
High-Value Core,196.0,0.1461053438936441,0.15198980522251487,0.11171935281700018,0,-1783.795
High-Value Core,108.0,0.1451562298086962,0.15941453816576148,0.09363361340020095,0,-2569.1051999999995
Early Churners,,0.17448047856743792,0.17441592836529146,0.5585307854295534,214,-910.9194
Casual Regulars,,0.24342848711155815,0.2730909608425713,0.10021289798440526,9,54.82540000000017
High-Value Core,176.0,0.14305498366685884,0.22771419169954438,0.05998128780184286,4,-3577.112
Casual Regulars,,0.5529270369676947,0.2586023073303454,0.11124461730795943,20,-1137.692
Early Churners,,0.019947404690399302,0.2801603021958661,0.5489436344105862,205,-1027.1957999999997
High-Value Core,310.0,0.15566299733246297,0.13048812591364461,0.18617462062514314,0,1038.4986000000004
Early Churners,,0.540463513998364,0.2084674015126945,0.6240132470052229,231,-90.1715999999999
High-Value Core,121.0,0.3684839964433954,0.1142224391496325,0.05955978874471087,0,1268.9816
High-Value Core,229.0,0.4356736562311239,0.15427168092596605,0.07564436447209526,0,-9110.2408
Early Churners,,0.21402465446335486,0.25133686170979663,0.496109914551234,211,300.6464000000002
Casual Regulars,,0.0737774955586898,0.2641074143211235,0.035745786475950364,4,-1030.8576
High-Value Core,83.0,0.4028613511512519,0.10983349065433194,0.008957874907429525,0,21311.5948
Minimal Engagers,,0.0,0.2997361977604308,0.3402968114036185,8,-444.0318
High-Value Core,103.0,0.17337188088053213,0.13516451982460212,0.007771460267665312,0,15618.239
Early Churners,,0.7116111538345012,0.4032104163985804,0.6803085173107083,208,-958.9415999999999
Casual Regulars,,0.14905136629104057,0.1862979313593075,0.04262389198320353,9,-67.69759999999997
High-Value Core,286.0,0.1237356897799517,0.15031811601436051,0.07537392781129844,2,-8958.5692
Casual Regulars,242.0,0.20309897785249212,0.1269744620970418,0.17770209576443832,6,-4564.8544
Early Churners,,0.10207127899549447,0.2675482065621246,0.40599225187706417,202,-236.62779999999975
Casual Regulars,,0.2470758168028225,0.25615144995665357,0.046194878041592585,6,29.344400000000064
Bonus Opportunists,3.0,0.941513243422906,0.46560389388339735,0.7935565122376047,116,3519.722200000001
Early Churners,124.0,0.07458899274042613,0.23073113610019202,0.5429153454473082,201,-1587.5221999999999
High-Value Core,207.0,0.5741684309763999,0.17711106720477288,0.12559905337664545,2,-2344.0658
Casual Regulars,,0.09480446362985019,0.3095569885697409,0.0,8,-325.9394000000002
Bonus Opportunists,1.0,0.2773841809152904,0.5224018668656225,0.8336795504879055,107,7142.449200000001
Casual Regulars,268.0,0.16851331084653592,0.17524863753128586,0.045428688291088384,6,-2795.682
Bonus Opportunists,,0.42843424699543237,0.4367074269234405,0.8030795525189875,118,749.7922000000003
Bonus Opportunists,2.0,0.9966004181580357,0.8340235086352268,0.7141335798768285,135,173.41060000000016
High-Value Core,172.0,0.4782504939506865,0.16218930518789987,0.06164829935410136,0,-887.2811999999999
Casual Regulars,,0.1549651125933403,0.16368091656873762,0.15233600742233147,1,-464.92100000000005
High-Value Core,81.0,0.4804152849254073,0.19531690269781368,0.1375225720490953,3,933.2284
Casual Regulars,,0.6124566536160365,0.2884031223390825,0.10096106815247874,1,111.65939999999989
High-Value Core,107.0,0.19522766708490888,0.12514672593948584,0.008806842621489367,1,14012.633400000002
Bonus Opportunists,38.0,0.9566565721267811,0.604771144788425,0.7049445959108875,153,-10072.337800000001
High-Value Core,96.0,0.23757586248637372,0.11562777827939931,0.01683693529290718,0,12193.856400000002
Bonus Opportunists,3.0,0.34114283726513944,0.4346851658486103,0.7247154876868933,110,-7616.893000000002
Early Churners,,0.614779883514718,0.24201241268704854,0.6488322486533682,210,-1923.7944
High-Value Core,200.0,0.16599396258442506,0.16939720381655626,0.10443064445018313,1,-7527.2446
High-Value Core,87.0,0.15167065013989978,0.10601532150122604,0.005487225563689746,2,19258.2182
High-Value Core,158.0,0.26107503455168846,0.13173593804367326,0.09550529602057892,0,1319.7032000000004
High-Value Core,282.0,0.1757034633897238,0.14163538613142196,0.04294982992861222,0,-9893.5646
Bonus Opportunists,,0.22097107402958777,0.5883705676109197,0.7458398069406119,287,-196.22280000000023
Casual Regulars,,0.12308002272711065,0.32685640244308245,0.06918218061396482,1,-1863.4856
Bonus Opportunists,16.0,0.25262827044441677,0.4867149638026744,0.5957669121085856,272,-6463.8292
Early Churners,,0.15811347135290252,0.3459647464078762,0.3590848008276568,206,-1053.0238
High-Value Core,167.0,0.1511816010343187,0.14388262368668217,0.057511773191089896,4,1639.2246
High-Value Core,86.0,0.181165605641923,0.15620969037454688,0.09473732846158053,1,-1572.2388
High-Value Core,96.0,0.17001861691218503,0.14015605963681238,0.015281833822308572,0,9622.874200000002
High-Value Core,229.0,0.20172068675268898,0.1289842728072551,0.0409583414051287,0,-7421.5854
High-Value Core,,0.28777568691332883,0.13928113492548624,0.06486918178053348,5,72.57880000000023
Bonus Opportunists,1.0,0.9250863718790864,0.6571914897761113,0.6841268361474767,130,3158.666799999999
Casual Regulars,,0.2567176516354523,0.18835645288734923,0.1032996064997162,4,-870.4967999999999
Early Churners,,0.5525054003235245,0.25265671234522347,0.6195410203493036,209,-1993.9252000000001
High-Value Core,75.0,0.4519365770543435,0.13048296302726026,0.06957211314282073,10,2486.561200000001
Early Churners,101.0,0.6486210818135552,0.3315183820567398,0.5357749734534775,201,645.9128000000001
High-Value Core,68.0,0.151825823324682,0.19183183125246647,0.08777826944344536,0,2319.8967999999995
Bonus Opportunists,4.0,0.10639384208110768,0.7631599989943899,0.8006668036260747,246,-4415.816999999999
Bonus Opportunists,3.0,0.9754031818253448,0.7185229200107657,0.7591286703654033,127,-4032.735199999999
Early Churners,,0.07019172242581836,0.33594201513896677,0.4139527944448518,200,-1036.9382
Bonus Opportunists,1.0,0.6348711619004991,0.41759493376540363,0.9328331779792407,221,4580.761399999998
Casual Regulars,,0.04202491789612257,0.29261083639742663,0.04487806679705676,8,106.4878
Early Churners,,0.1188359175942698,0.28886635103468283,0.6740601207074085,224,-35.60799999999995
High-Value Core,258.0,0.20913604279896753,0.1594083763182488,0.0713429793304113,0,2549.5074000000004
Casual Regulars,,0.1599036439447401,0.2259253300499186,0.07659693454959077,0,-462.5684
High-Value Core,155.0,0.22479667532021388,0.15181273485189717,0.08913511468844389,0,-3032.8979999999997
High-Value Core,70.0,0.18470537827000802,0.14911137328739282,0.09939162764639349,0,-1320.7841999999991
Bonus Opportunists,44.0,0.30060661327963445,0.4831972634316671,0.6369911833127161,158,-10281.598
High-Value Core,115.0,0.23231816352164475,0.14859125580014618,0.058865140275363284,2,700.8044
High-Value Core,104.0,0.4664162077905243,0.15242878561496495,0.08224667032475133,1,2947.1611999999996
High-Value Core,256.0,0.11913939273904595,0.18113175720334596,0.07339506429149643,3,-9845.7072
Casual Regulars,,0.07491782223258045,0.3572768142197607,0.09004554568056199,2,380.8614000000001
High-Value Core,76.0,0.16243553909539946,0.14180302388002322,0.007342744430622179,0,18123.558600000004
Early Churners,,0.042524497218449114,0.29987408731324505,0.5778739301541044,211,-167.8420000000001
High-Value Core,147.0,0.1952813101946918,0.17054192775719046,0.05868934378443488,2,2884.1112
High-Value Core,250.0,0.1870322274724336,0.1518769378240424,0.1063058861164293,2,-9835.958999999999
High-Value Core,124.0,0.3453410062445378,0.1038306280553545,0.015456907385688735,0,7816.3796
Bonus Opportunists,0.0,0.39640563604881635,0.40373169243972923,0.7299700362401718,224,5314.4187999999995
Bonus Opportunists,2.0,0.38090343260865994,0.429881083968047,0.7683786598549609,136,439.6443999999992
High-Value Core,102.0,0.1473811799718163,0.10764703136966831,0.0,0,10317.118999999999
High-Value Core,,0.1983382166456296,0.14430921943261035,0.0264387979510655,2,446.3578000000002
High-Value Core,270.0,0.18030015974102448,0.1282904885515336,0.07480001942023283,0,-9829.300599999999
Casual Regulars,,0.12811506923936747,0.23456851191578423,0.07422628744795622,11,-817.5097999999999
Early Churners,,0.07303186940257154,0.2060821098010227,0.529858876321793,201,65.17280000000005
High-Value Core,169.0,0.1908385083665672,0.15128158053851662,0.10161241094042255,1,-7257.001799999999
Early Churners,,0.10214912815311603,0.2385835895928074,0.40736886772344677,201,-665.8429999999998
Casual Regulars,,0.13738946228177185,0.1818728855341454,0.13343047829234095,22,-567.8176
Bonus Opportunists,,1.0,0.491222221918739,0.9600452263036936,225,307.31780000000003
Casual Regulars,,0.30416615018384513,0.15465587019079188,0.05439642733138064,4,-615.9212000000001
Casual Regulars,281.0,0.42374308505328034,0.1185083004990092,0.06896129645389744,4,-4194.8153999999995
Minimal Engagers,,0.11211611007700589,0.24454645430282085,0.5318888428574231,227,-426.6886
High-Value Core,190.0,0.15928606117072225,0.15308615399413095,0.0666804790275858,2,-87.8117999999995
High-Value Core,227.0,0.17264955671103496,0.14318059124118782,0.07038802126899321,2,-9009.119599999998
Casual Regulars,,0.10634938266359173,0.2391120326100951,0.0496385111658546,26,-604.4444000000001
Early Churners,,0.2710685993176894,0.3113549225247731,0.45682603460786,216,-1797.0164
Casual Regulars,,0.2255120455163185,0.14189746952825336,0.0664136820757281,4,-87.78879999999992
High-Value Core,88.0,0.16038152333601574,0.1378256660125896,0.007973729333209728,0,14492.397
High-Value Core,255.0,0.2496586065678662,0.15451940129582992,0.054959872466983445,7,1581.8248000000003
High-Value Core,111.0,0.19751896625316637,0.1239754126280001,0.01181322241650778,0,14398.321600000003
Bonus Opportunists,8.0,0.9655125254695269,0.7277533714818271,0.7063490796785774,193,-5941.123
Early Churners,,0.17240540327969106,0.3626093633382418,0.4464162022924563,205,116.25980000000027
Early Churners,98.0,0.1297026545743704,0.2534787811888367,0.559568483391154,223,-1407.4256
High-Value Core,352.0,0.12308012305138924,0.1289026235976523,0.045538127355561085,1,1130.799000000001
High-Value Core,95.0,0.18223589244851798,0.13289028006161477,0.001382219632598234,0,24587.813400000003
Casual Regulars,,0.12200570870627242,0.23307612730917074,0.1704688015422827,2,-1509.8755999999998
High-Value Core,209.0,0.49280150306571197,0.1894111933217972,0.04097796660865974,0,-8811.3334
Casual Regulars,,0.17512262797803688,0.10582036822898366,0.07935145790391966,6,-343.8478
Bonus Opportunists,33.0,0.8856842946795496,0.48956879598895764,0.7395956189741052,281,-10455.4524
High-Value Core,125.0,0.15366982486083902,0.12885131614911827,0.0718087271032077,3,3919.6864000000005
Bonus Opportunists,,1.0,0.7944818272881417,0.6164321691576543,183,808.3802000000001
High-Value Core,105.0,0.13583543593570652,0.14605757732918473,0.11719406702100613,1,-3027.1857999999993
Casual Regulars,,0.06537282406369642,0.2830876228953365,0.07562146593904465,1,-1551.3482
High-Value Core,105.0,0.16174051493578312,0.15870904126364402,0.05357098267823025,0,-1458.3135999999995
Casual Regulars,,0.09422367210586813,0.2828981550869381,0.0779053551870514,5,-1519.3338
Casual Regulars,,0.16700152094749499,0.26127927415536417,0.12635862274310464,6,-473.2162000000001
High-Value Core,115.0,0.14040757848251464,0.22747641443105146,0.10734970212379182,1,263.69839999999976
High-Value Core,121.0,0.157482884524977,0.11273229526037709,0.003937454446327233,0,7443.424999999999
Casual Regulars,,0.09081608035599512,0.25031506636029016,0.0,12,81.44759999999997
Borderline Opportunists,,0.5536313324975022,0.21000666763349554,0.5351246008203846,219,-281.6146
Bonus Opportunists,1.0,0.48917723226544013,0.3891637689977538,0.6006854111875809,235,4010.8946000000005
Casual Regulars,,0.24867937169577903,0.22952593395930196,0.03200463054740746,0,-822.6796
High-Value Core,187.0,0.15434144205733216,0.1695977503889011,0.040031031077146256,1,-3820.9656
High-Value Core,,0.1478432071254232,0.14002005989068553,0.10844502417746678,3,-30.541399999999612
Bonus Opportunists,45.0,0.9920976765486681,0.7818350098212442,0.699902538863321,184,-10377.3938
Casual Regulars,,0.5416702350650244,0.23412083134758813,0.04183576195015661,13,-1087.729
High-Value Core,,0.22612915413276485,0.13091068318235086,0.037843133616090915,4,484.73680000000013
Casual Regulars,,0.15193193557674395,0.2265594785254839,0.10001481870374448,7,-1327.624
High-Value Core,240.0,0.12984721050165055,0.1263190975446852,0.1015841708338987,2,2097.2311999999993
Casual Regulars,,0.09052491595730865,0.22467602369198483,0.0752347419947728,12,68.35080000000005
High-Value Core,246.0,0.2553484524410246,0.16063666068819626,0.06699981382622489,0,1674.1260000000002
Casual Regulars,,0.002820834645719395,0.30303371733678525,0.11241541075297555,2,-2097.0992
Early Churners,,0.2678490807416649,0.20008630393278404,0.46601354530799866,219,-361.42179999999996
Bonus Opportunists,0.0,0.3665913615617634,0.4497979099650017,0.703634959060149,225,-346.33960000000025
High-Value Core,149.0,0.3312578830529675,0.11578923093519675,0.0032537317298716884,1,8866.6686
Early Churners,,0.09973687786688644,0.4293340232343976,0.4223938078119252,202,93.10860000000002
Bonus Opportunists,12.0,0.21079879270031385,0.5855113871440619,0.7886608576214005,210,-9483.424599999998
Early Churners,88.0,0.14965319486960904,0.29164072976698446,0.5221048889667615,206,687.1220000000001
Casual Regulars,,0.055177700685240486,0.28169686385910997,0.015432678882134343,2,-1604.1216
Casual Regulars,282.0,0.5524156298795572,0.18764536747508057,0.12211327184256222,0,536.3256000000003
High-Value Core,147.0,0.2472240138899498,0.12654580976026641,0.007394101592403386,2,9719.218399999998
Bonus Opportunists,1.0,0.4599872504698823,0.34988849868104654,0.5968313193882692,134,-266.91859999999997
Early Churners,,0.16921884519784977,0.18118228566404623,0.3351514269230977,207,-358.124
High-Value Core,103.0,0.17302224575198472,0.09921318876375491,0.003935781839391811,3,8305.7892
Casual Regulars,197.0,0.1332827030105757,0.1569189483959529,0.10157852359216805,4,-588.3656000000003
High-Value Core,156.0,0.2131916284424733,0.1813203887309845,0.06529402317988137,2,-2051.9628000000002
High-Value Core,74.0,0.2276577024314145,0.1040759946566556,0.006228351454600916,0,18465.235800000002
Casual Regulars,,0.20835279507710558,0.26178869478828193,0.15417500741399764,4,-1768.384
High-Value Core,207.0,0.10863095131763548,0.13186060404311076,0.10202730405959567,0,-1801.0316000000003
Minimal Engagers,,0.22200674842174006,0.14244359784220556,0.18315615702779187,0,-869.256
Early Churners,,0.15571738582176503,0.32820546676471973,0.5985645711503341,207,-582.2334000000001
High-Value Core,104.0,0.20799565107520865,0.11101964391868806,0.007988718542172894,1,17369.681999999997
High-Value Core,88.0,0.20636424543270224,0.1471927950585336,0.07697159438492274,1,3072.0684
High-Value Core,204.0,0.12342042005346479,0.1331544878827658,0.05694064303563459,2,-3672.7566
High-Value Core,222.0,0.5039697770389137,0.17337766202623636,0.0818724013506928,8,-9570.672
High-Value Core,213.0,0.11349096671164505,0.17460356443145522,0.05501661723845922,0,-33.58939999999984
Early Churners,,0.26568612110780787,0.2098599451557299,0.37293841000318784,213,-1160.7468000000001
High-Value Core,,0.31330926607565684,0.11714038374607613,0.05668541172849566,1,-836.4422
Minimal Engagers,,0.31211849959291627,0.5705989163904338,1.0,347,-1155.5374
Bonus Opportunists,1.0,0.9070471529583493,0.5264272965285224,0.8057293049396789,123,-1131.5248000000001
Casual Regulars,,0.40305588010247373,0.1493612774549293,0.0781250719598136,17,-72.07620000000043
High-Value Core,123.0,0.3409201744418694,0.10529813482586445,0.01284424201312879,0,10515.656
High-Value Core,96.0,0.16830563497606751,0.11428690913382496,0.020416108154834547,0,7078.025799999999
Bonus Opportunists,3.0,0.23317356923106933,0.5801048526557956,0.8951868469807986,122,-9401.1748
Casual Regulars,,0.49318557085478176,0.18030304946519535,0.05355935671000697,2,354.1078000000001
Bonus Opportunists,20.0,0.20673484111487941,0.6001129229463675,0.5043072481279361,138,-5724.5664
Early Churners,,0.17300436679449363,0.2829144389044296,0.4366040314361246,206,-531.5262000000002
Casual Regulars,356.0,0.5157590579759219,0.19944152759689168,0.08758576845346215,4,459.82259999999985
High-Value Core,99.0,0.15242356791380085,0.10963810867034049,0.01648869831296214,0,21714.967200000003
Bonus Opportunists,18.0,0.2987398834272429,0.49900214262253106,0.6686026642802866,111,-3193.7291999999998
High-Value Core,160.0,0.1926493998821669,0.11200819219870159,0.0006514070939002804,0,6067.874400000001
Casual Regulars,,0.03573961604618882,0.2688420173356247,0.09307859386024377,1,-1766.302
High-Value Core,80.0,0.1780637317715322,0.17466044666087716,0.08839886482588612,2,1866.3433999999997
High-Value Core,82.0,0.4395475296991381,0.1591731198962795,0.10201921475819149,1,1002.3912
Early Churners,,0.09746971100124466,0.20997222452690156,0.7165632040504105,207,-995.1038
Casual Regulars,,0.15643247847175742,0.27308675155759615,0.0884264610721811,2,-1438.3819999999998
Borderline Opportunists,,0.31565363877204416,0.45412629730604076,0.8090499817293199,151,-658.7328
Casual Regulars,,0.23482835943613342,0.17072675220936556,0.1051024998652006,13,-1054.4478000000001
Casual Regulars,,0.4259668400074429,0.17408014334368316,0.0248357179931643,17,-91.55599999999998
Minimal Engagers,,0.8987145488310955,0.3124282440332178,0.156719577528296,21,-238.30200000000002
Casual Regulars,,0.24509787703128771,0.14042240401059067,0.13289364553122343,1,-1668.0468
High-Value Core,185.0,0.19965767004467694,0.1300630104784559,0.004773290347223501,0,10224.2356
Borderline Opportunists,,0.3600391985525169,0.29259304274100456,0.07163214577517112,21,-1794.8829999999998
High-Value Core,189.0,0.1982820227129622,0.14139657640193737,0.07390534163090115,6,1266.7147999999997
Bonus Opportunists,8.0,0.2920537025750426,0.48023110260399704,0.7943001644814258,194,-7508.451599999999
High-Value Core,340.0,0.18862974461748,0.1400301615488722,0.06345642906468311,0,978.3067999999998
Early Churners,,0.4756677379494463,0.22127067839398282,0.6153595225926788,201,-474.07899999999995
Bonus Opportunists,27.0,0.46922102189721937,0.3594782764816416,0.8003507561440498,167,-10246.256
High-Value Core,187.0,0.5482205988333746,0.18030524335898196,0.059038199157940105,0,2552.897
High-Value Core,110.0,0.4481008854145294,0.1175396084333092,0.004810420078754567,0,9398.411199999999
Early Churners,,0.47686875069509455,0.2584118337104238,0.5169283879343063,208,-397.95079999999996
Casual Regulars,,0.24815553057741147,0.21682651437260345,0.060025477707006385,33,-99.47500000000002
Minimal Engagers,,0.21860933073830893,0.15694120444179288,0.08984121579652063,135,-1069.5965999999999
High-Value Core,,0.1839256256370522,0.12279322179155087,0.08850088543313489,1,377.80420000000004
Casual Regulars,,0.17187155109367733,0.15206193624333478,0.13360281896150525,2,-795.0800000000002
Early Churners,,0.17250753012544026,0.3175570581207364,0.672576778965385,201,211.2066000000001
Minimal Engagers,,0.2776377083616984,0.19257946243727467,0.188245190905024,22,-435.47839999999997
High-Value Core,169.0,0.3989757430180892,0.15231252133708406,0.03409831399354596,1,-3501.8490000000006
Casual Regulars,353.0,0.1839692827409551,0.15666852186543825,0.05040218374245072,1,355.7028
High-Value Core,,0.18152876357911665,0.1410550884902716,0.09545638046576914,0,781.203
High-Value Core,60.0,0.1713024752934091,0.11674044353238533,0.021035987598958236,0,21198.864799999992
High-Value Core,318.0,0.16186740128160348,0.15904200495040066,0.18940065031656267,0,-10729.6286
Early Churners,,0.07328856288852102,0.25906845763615044,0.5400908090005706,230,531.3416
Early Churners,,0.10637969481010463,0.2339640398517573,0.6669157230784515,200,-49.100200000000086
High-Value Core,80.0,0.16016361614789074,0.14137253107904407,0.09385822058192589,0,1717.7743999999993
Casual Regulars,239.0,0.16815705274422302,0.17051656897715922,0.004222992376671228,8,-3967.1522
Casual Regulars,,0.10654320460130101,0.26515249565264354,0.010917076558557115,2,-35.3531999999999
Casual Regulars,,0.17377300343732413,0.18731065458208265,0.021537612064806626,5,-563.2256
High-Value Core,208.0,0.15594951117412537,0.13199571143971364,0.0786386278754648,1,-7421.447000000001
High-Value Core,283.0,0.0937547569419621,0.144724535048253,0.049845441153135196,0,-970.3637999999996
Bonus Opportunists,,0.2433385290097357,0.5766650475412418,0.8223201827506118,106,544.4614000000001
Bonus Opportunists,1.0,0.2282945989549756,0.517279802832447,0.6767023008956303,113,1752.5248000000001
Borderline Opportunists,,0.15968040787223947,0.25998038941844354,0.02056948064490744,3,-529.0448000000001
Bonus Opportunists,4.0,0.9771696467061388,0.617881147932679,0.8328802779627886,261,1624.2576
Casual Regulars,,0.08907978517219628,0.3196914993274438,0.016569693715031048,3,-1797.0354
Borderline Opportunists,,0.19485428282110587,0.2309767626699104,0.1588574632474667,71,-186.21900000000005
Casual Regulars,,0.10294579421055342,0.24728960165918185,0.06485048391685176,26,-698.7362
Bonus Opportunists,0.0,0.32652779160620465,0.27241493387066223,0.7838159330273887,155,751.8278
Casual Regulars,,0.2570746972268239,0.18281878460257844,0.0617892621472396,0,-12.222000000000207
Casual Regulars,,0.44753665614909627,0.2512864060617473,0.1465656795800336,7,-665.4889999999999
High-Value Core,277.0,0.21996381643711574,0.16649382382905623,0.060326325743268475,1,-1169.3542
Bonus Opportunists,,0.021574745204934267,0.8943326615106524,0.9390475902178219,313,-495.4143999999999
Bonus Opportunists,0.0,0.29881301013352696,0.5005026857701954,0.7653321622439296,190,-1909.7218000000012
Early Churners,,0.33533921761507257,0.20775340937504275,0.5279650905632697,202,-1022.7202000000002
Casual Regulars,,0.05080598168190332,0.40983493734994797,0.11643466196609167,1,-1074.5774000000001
High-Value Core,270.0,0.1781190933441223,0.11656978324788221,0.0787603475894517,1,1590.1374
High-Value Core,155.0,0.37276795068471513,0.13312012131593162,0.008569797633988362,0,2312.8520000000026
High-Value Core,107.0,0.1613967008119601,0.14584764664738487,0.006694470606378345,0,8415.517599999997
Early Churners,147.0,0.09602201446573998,0.24149935110309573,0.6415253871402287,201,-1531.8366
High-Value Core,213.0,0.17574699701530389,0.17287333415103018,0.045675269207885075,1,-3475.4112000000005
High-Value Core,357.0,0.43658874557942406,0.1479527449779968,0.05766897420655892,4,893.7709999999997
Casual Regulars,,0.20829204251895145,0.17693171933207708,0.16698428831575832,0,-1540.257
Bonus Opportunists,,0.9267139421601382,0.5394717764137251,0.739410695025386,308,-340.3008000000002
Casual Regulars,,0.1692915460590665,0.15066793533176895,0.028246113724448234,1,224.87139999999988
High-Value Core,100.0,0.14067992382405398,0.12423636039738714,0.010494605972066856,0,9169.387
Casual Regulars,,0.16942971950126243,0.3182877905063978,0.12914211036264145,9,29.07280000000003
High-Value Core,245.0,0.17511550404229434,0.13706994611401463,0.04821489629581771,0,-9878.592799999999
Bonus Opportunists,9.0,0.944873260119994,0.5563643266244339,0.6659081363487876,214,-6550.119
High-Value Core,117.0,0.17457162838406803,0.13482932379436494,0.10684589956953408,1,1634.5289999999995
Bonus Opportunists,2.0,0.19770254652547403,0.5258742583959756,0.6494022039058794,307,637.1202000000003
Casual Regulars,,0.581188218340329,0.28052774353754373,0.06459362846498175,5,-525.0114000000001
Bonus Opportunists,10.0,0.5286415523292682,0.4636517765681037,0.7505525801365941,308,-2452.2178000000004
Casual Regulars,,0.07576034606876443,0.3810111644695463,0.09035192294132213,15,-1712.1432
High-Value Core,156.0,0.5033804864443207,0.20211007774866302,0.05161477615524068,0,2969.9452
Casual Regulars,,0.15125635266792886,0.22974315756505354,0.09814536590600732,44,-578.1719999999999
Casual Regulars,199.0,0.19412083618371678,0.12747176037537242,0.019148417858809587,0,1545.9235999999999
High-Value Core,132.0,0.22073012814605586,0.1230441001624495,0.12410772290963011,1,-415.64959999999974
Casual Regulars,,0.23195928503653435,0.17019501735649817,0.07420281077865669,0,-1057.6291999999999
Bonus Opportunists,11.0,0.36414389624404403,0.39857497589926494,0.6689133141531215,109,-6837.5244
High-Value Core,141.0,0.4701378330618131,0.15435903832246026,0.08045434089490268,1,1049.0385999999999
Casual Regulars,,0.166408426766122,0.31106834370393144,0.0936530320549662,8,-1360.4861999999998
Borderline Opportunists,,0.0,0.25026447264687196,0.25467871948244136,2,-2061.8746
Bonus Opportunists,,0.9939890853745224,0.4929051974294419,0.8748274758129334,324,28.24759999999992
Bonus Opportunists,14.0,0.3413284026695556,0.455870767460115,0.7494455614680524,148,-6656.2422000000015
High-Value Core,90.0,0.3900294867048011,0.1181653938594566,0.0017598073758296866,0,13470.221000000005
High-Value Core,88.0,0.3977223888008446,0.1247627502404687,0.018910246134028478,0,14698.7984
Early Churners,,0.10646229783577055,0.3229655486311104,0.3720072291262318,201,-803.3789999999992
Casual Regulars,,0.09910157446000896,0.1897839038463758,0.15893290640596058,3,4.880400000000122
Early Churners,,0.16237088331878355,0.2483145472479404,0.6490759746008448,205,49.72239999999999
Casual Regulars,,0.2336094246310964,0.13508276823353618,0.14375028480291635,10,146.1300000000001
High-Value Core,152.0,0.18199049722199878,0.15411759421955504,0.06142186472736734,6,1198.6669999999995
Early Churners,,0.14256173425127136,0.3158416063186228,0.4251326720408217,202,92.15019999999981
High-Value Core,147.0,0.18002828827062034,0.13761936400646105,0.0005134028788551912,0,1445.348399999999
High-Value Core,69.0,0.1406742015655171,0.1246612070265097,0.018811782226493143,0,19961.292999999998
Bonus Opportunists,4.0,0.23671279028753586,0.5550750538768094,0.8745722433270647,309,-7072.764999999999
Early Churners,,0.08431272781869593,0.3845860712120817,0.5840101993479757,204,-1488.2938
High-Value Core,107.0,0.1581227006573003,0.13755236497782028,0.015646293520008712,0,22592.900599999997
Bonus Opportunists,5.0,0.9480878237558102,0.5599424253635695,0.738752313772034,131,-1659.4156000000003
Early Churners,,0.5634486379515762,0.2385678500918834,0.6190428303144121,204,-1209.5800000000002
Bonus Opportunists,20.0,0.503464674817807,0.39830146520572046,0.7188316172146847,177,-9769.945
Casual Regulars,,0.13708419695074056,0.1476738625011412,0.2525280736417459,20,-1795.4034
Casual Regulars,,0.4451551279576757,0.15891482744413601,0.018379120289948314,0,6.177000000000021
High-Value Core,345.0,0.23514921767263625,0.1397556182799829,0.09716531342648856,2,907.7016000000003
Minimal Engagers,,0.0,0.37929402981805244,0.094999952439384,40,-331.79359999999997
High-Value Core,,0.16255378543081223,0.15723791959731262,0.09912211986446981,0,53.46019999999953
High-Value Core,245.0,0.3625897087676028,0.13633865752121668,0.09846824851783126,0,-9654.2626
Casual Regulars,,0.09271546712688253,0.19468363483532594,0.09613887422532529,4,137.2772
High-Value Core,101.0,0.12041128053636789,0.12328541995055392,0.0044957420795296,0,10678.542600000004
Early Churners,,0.17552247664974022,0.28563264426401863,0.485472923312501,234,-312.91540000000003
High-Value Core,138.0,0.21083542153272358,0.16555213518938772,0.07063516981157786,1,3392.1954000000005
Casual Regulars,,0.1785739226583641,0.15233098098569256,0.025616507114382982,2,-550.128
High-Value Core,91.0,0.21818829497351325,0.12676382216876758,0.005208937668499691,0,18113.0214
Bonus Opportunists,0.0,0.2885343573926725,0.5422764675293634,0.8960084930251909,174,2619.495000000001
Bonus Opportunists,3.0,0.1282804744691006,0.6570014644914159,0.6532668382594415,309,-2256.0887999999995
High-Value Core,62.0,0.17648601577979856,0.10009167073097254,0.00948977978837423,0,22356.258
Bonus Opportunists,12.0,0.3113918088334182,0.5210184230538635,0.8918285507715995,312,-3366.3673999999996
Early Churners,,0.09270172381730293,0.3728439325429732,0.45408052464701576,217,-1325.7154
Casual Regulars,,0.2118566390206298,0.15957925218655905,0.04995240041438186,4,-1228.1428
Casual Regulars,,0.39986436231960804,0.13626725382652585,0.012446352514049158,2,-905.3915999999999
Early Churners,,0.08452985656378308,0.264675317578143,0.5249533538630078,201,-1244.8298
High-Value Core,115.0,0.1267210894883446,0.10047278920383797,0.004652032297980801,3,7632.449800000002
Minimal Engagers,,0.018300827878722226,0.26375163064576823,0.2770972997070968,218,-2359.989
Casual Regulars,,0.5346976879019918,0.23267267730275423,0.1691874334500844,5,-805.3714
High-Value Core,207.0,0.12466405171522922,0.11721728383007964,0.03967385450362005,3,-3355.6787999999992
Casual Regulars,,0.4066338874239931,0.18180468984312115,0.06194127737224951,0,-550.0178000000001
High-Value Core,135.0,0.2061964223050885,0.17131242130034385,0.1550760475223623,0,461.855
Bonus Opportunists,0.0,0.20921659563996908,0.36289057026037247,0.8883315568753488,113,1073.4622
High-Value Core,332.0,0.11020005889409225,0.15507894072121495,0.08069637693796243,2,1147.7042000000006
High-Value Core,187.0,0.1647298652561943,0.1535076391291466,0.0342997708577469,2,9.532800000000407
High-Value Core,66.0,0.16520530948753007,0.14362944972960823,0.008001806377279349,0,18376.925599999995
High-Value Core,80.0,0.2243958444233868,0.1166143878574957,0.017993996790317126,0,14728.7244
High-Value Core,123.0,0.15670634788209642,0.17433629712404855,0.1714163592785793,1,-312.4829999999997
Early Churners,,0.5434641967635049,0.22351742464208546,0.5477442144473578,205,-1457.7150000000001
High-Value Core,108.0,0.23253198772792508,0.10738943667825668,0.0011229986627933365,0,9395.742399999997
Casual Regulars,,0.12247474234826801,0.18975283494271236,0.06741136983427733,0,-508.89200000000005
High-Value Core,112.0,0.15205033253250475,0.13675212835946157,0.06807779375207773,0,4278.5306
High-Value Core,101.0,0.45359996901121463,0.162253312781338,0.1401478183084267,0,1240.3159999999998
High-Value Core,313.0,0.16588884790258338,0.15980888555454412,0.07324473415668578,0,-10450.1044
Casual Regulars,253.0,0.17330903706616493,0.22112618493522393,0.09939744108822415,7,-2626.583
Minimal Engagers,,0.062470149609456425,0.39765224554305717,0.0,5,-386.0162
Casual Regulars,,0.21914341272577037,0.3089494839557329,0.07773336543996252,21,-1314.9496
High-Value Core,60.0,0.14103187382068286,0.14593477359046156,0.004714829889707587,0,9218.0324
High-Value Core,,0.18942778822829062,0.21003673927193825,0.10333490191447235,2,455.4784000000004
Casual Regulars,,0.08855791170931383,0.3220992879681044,0.08565933788626177,6,-823.539
High-Value Core,85.0,0.210928573749553,0.14544109272041597,0.05377987319431049,0,1894.692399999999
High-Value Core,95.0,0.12443195653312848,0.14252475051920735,0.09726451935309233,0,924.2538
High-Value Core,78.0,0.37589921002607046,0.12446276010940802,0.01030806551551288,0,22181.445200000006
Bonus Opportunists,6.0,0.299584347789779,0.50201322550838,0.7390845959528617,309,-3575.1132000000002
Casual Regulars,,0.24203698864293577,0.16837414712288615,0.030631086054073504,3,-1312.9926
High-Value Core,88.0,0.19996893216689707,0.1413491173559281,0.0896656197097149,1,-281.70719999999983
Casual Regulars,,0.1355168598423545,0.304606414675898,0.026747602632859236,4,-814.8066
Bonus Opportunists,,0.25081055516771866,0.5179112928126369,0.9207145982820231,147,14.729800000000068
High-Value Core,130.0,0.16966058071702383,0.1556283489063895,0.04297074405980486,0,3429.0768
High-Value Core,230.0,0.16781363206899436,0.15147818618440864,0.06272773276756416,0,-470.59479999999985
Minimal Engagers,,0.4587449222409403,0.29203939108211624,0.07575030939022186,26,-2403.1612
Casual Regulars,,0.12490192302530757,0.2725709439585187,0.07443374634890465,11,-332.4906
Casual Regulars,,0.5023100920446001,0.18760529404965112,0.05699442117667797,1,405.6264000000001
High-Value Core,132.0,0.14611419390217112,0.23672405998566506,0.06778145598054915,0,1802.1409999999996
Casual Regulars,,0.06574217784312376,0.20272991092928622,0.2268060246360999,3,475.98199999999997
High-Value Core,245.0,0.13783246574948407,0.14351776007777214,0.06415469715726149,1,-8504.4876
Early Churners,,0.11827330017170477,0.40003468735544945,0.49985746078810933,202,281.8625999999998
Early Churners,,0.08640410998352781,0.2675572145568979,0.32414240025743135,200,-1661.7594
High-Value Core,59.0,0.41464332144836646,0.12316407165744078,0.017217728757680927,0,16211.817599999995
High-Value Core,171.0,0.16829230831972541,0.14149130952779815,0.06759772392679153,0,-1245.5912000000003
Bonus Opportunists,0.0,0.5047548306111879,0.3147462948227774,0.8759733398985602,151,7267.0146
Early Churners,,0.052534493358178905,0.3825377893283294,0.43006717967065256,202,-880.1662000000001
Bonus Opportunists,,0.10828608699937685,0.7609532148686164,0.7542661408705909,210,642.4738000000002
Early Churners,,0.10254769529386765,0.2740231321435363,0.5895236110286318,215,-227.2138
High-Value Core,128.0,0.22605869049668847,0.12607568345482473,0.005542923536336901,0,5598.050599999999
High-Value Core,70.0,0.2415607785370788,0.10468636199021739,0.030158318686655007,0,10133.695000000003
Bonus Opportunists,,0.20215918827430418,0.5320317909626481,0.8132070760438719,288,573.7646000000004
Early Churners,,0.0656888333229428,0.23065285749177236,0.602859530673694,201,586.9780000000001
Casual Regulars,,0.13017311195323214,0.19989155380791662,0.10647397106038664,7,214.4394000000001
Early Churners,,0.1776321535051975,0.24538785220907394,0.5002189194153325,205,-78.61960000000022
Bonus Opportunists,2.0,0.5368096620716842,0.31820235535983354,0.8911116155606422,123,-4373.671399999999
Casual Regulars,,0.1934812728307153,0.30782368427059575,0.03777771951094147,7,-19.452200000000005
High-Value Core,127.0,0.1581482383391486,0.18608248453741041,0.06336264548824844,1,3114.7502000000004
Casual Regulars,344.0,0.3867204432801221,0.12242522314898806,0.08201548416796557,3,-4603.736199999999
Bonus Opportunists,0.0,0.3016407988902499,0.5137687061821248,0.7100993845265151,215,-3145.6548000000003
Casual Regulars,,0.19089799024413534,0.13757055330588072,0.06374297325195194,13,-556.0601999999999
Minimal Engagers,,0.31385602155049,0.2448825114584959,0.38977612195618233,221,-488.9306
High-Value Core,,0.4966647512348093,0.17731302516161723,0.06586019746989004,0,411.67940000000044
High-Value Core,193.0,0.4532892117892829,0.14192410279349016,0.07662540644702186,2,2457.9349999999995
Early Churners,,0.1889018327556534,0.31711778703043614,0.46600924607569133,202,25.778999999999996
Casual Regulars,,0.12656384069232046,0.3465771197164254,0.1828785108428608,8,-197.68919999999997
High-Value Core,187.0,0.12424238607072914,0.17666305689572828,0.06367438671373427,1,2427.8134000000005
High-Value Core,,0.14554612800710595,0.16347747282795708,0.06431546288884843,7,386.1185999999998
High-Value Core,,0.23312644676579927,0.16637158123451345,0.12046201923561736,2,275.8109999999997
Bonus Opportunists,1.0,0.3037547756904668,0.4582641554903224,0.9220757849534906,165,-4955.021200000001
High-Value Core,114.0,0.3906758537174933,0.12175011080312216,0.003666823380166032,0,8845.451399999998
High-Value Core,60.0,0.1293478101940601,0.12536919017614412,0.026812637846890273,0,14577.672200000005
Early Churners,,0.1434527839920721,0.23760475850781604,0.47327396063216404,211,160.75259999999992
Casual Regulars,,0.5232635370567774,0.32151356203048703,0.1762230262401561,7,-1676.3522
High-Value Core,139.0,0.15862484960363932,0.14375334916420976,0.08374797909075424,0,-2366.532
Casual Regulars,,0.15451293515853323,0.1753445819219541,0.04149523457872037,1,-455.9646
Casual Regulars,,0.09903366499527172,0.17786233533782234,0.02381474116424238,27,-17.296799999999962
High-Value Core,123.0,0.14823053371067152,0.1709724769980327,0.04709736538302453,5,3373.7990000000004
Bonus Opportunists,14.0,0.33186817383161005,0.37699838283655956,0.6624994298503822,286,-7600.855
High-Value Core,77.0,0.18731770579378568,0.13768200721869017,0.008648846351029698,0,16481.100600000005
High-Value Core,219.0,0.2044232631888153,0.16074460179174957,0.11751870103645855,0,-910.2606000000001
Minimal Engagers,,0.0,0.43862206595027564,0.0,7,-394.85179999999997
Casual Regulars,,0.3678015411826074,0.183712564386143,0.20006813201185616,22,-42.45299999999986
Bonus Opportunists,3.0,0.22280258479635234,0.5914786724764637,0.9529905704021604,310,-5252.637
High-Value Core,87.0,0.22433428849596943,0.15337737622462924,0.05763708957552752,2,182.92020000000048
Early Churners,,0.08885275630563819,0.23675761376636992,0.46664697138001027,203,-1114.1226
Casual Regulars,313.0,0.08134637240656599,0.22643009062989103,0.11733942026993997,0,-2949.5146000000004
High-Value Core,90.0,0.4796795488026213,0.18131022703549754,0.05376203119364319,0,2148.395800000001
Early Churners,162.0,0.18685676335807758,0.2466064813637473,0.5522711573462163,202,-3188.8164
High-Value Core,92.0,0.14713968117244713,0.16558311995241842,0.11423347704928022,1,572.3568000000005
High-Value Core,357.0,0.41533839713089404,0.12781931935671412,0.06555816206372748,0,972.6810000000005
High-Value Core,140.0,0.3595727657114202,0.12885256082990376,0.0026787003017519602,0,1190.7176000000036
Casual Regulars,,0.06571399610459394,0.34395492724218074,0.01203554040312112,8,-2233.0036
High-Value Core,219.0,0.116767699775872,0.1360091633912279,0.0508153203584043,2,-407.84600000000046
Casual Regulars,,0.04699129707018327,0.22798757623637128,0.13542007611529264,1,-215.81499999999994
High-Value Core,140.0,0.15493953326571028,0.1602873669920112,0.07784613574674897,1,1063.6336000000001
Casual Regulars,308.0,0.1755426317704201,0.22104876290762218,0.09327743610478605,3,-1513.189
Minimal Engagers,,0.36114106375722166,0.2359430618784982,0.8445222256289768,210,-1083.8908
Casual Regulars,,0.4333547923959181,0.12932303919058893,0.1782704763911894,46,-1957.0568
Bonus Opportunists,18.0,0.5488421973206529,0.44025816946776897,0.7995939683378797,318,-584.2433999999998
Early Churners,,0.07106642152916244,0.24437775679644602,0.5923077387964634,214,-1273.3908
High-Value Core,276.0,0.12439008569543507,0.15431500046812613,0.04740722946021097,3,-10352.0004
Bonus Opportunists,9.0,0.2954189380822491,0.4021322519048473,0.8508291022568867,248,-8227.468800000002
Bonus Opportunists,,0.2965300734131333,0.5533750727021299,0.7844590536000025,306,-961.7202000000002
Casual Regulars,328.0,0.4975954546268667,0.16942301901405107,0.04040194374070535,14,240.4802000000002
Bonus Opportunists,1.0,0.3648763540973556,0.4555045348582373,0.784435001407127,266,-4038.7965999999988
High-Value Core,99.0,0.45379389499357353,0.16156921355743045,0.11404583489542623,4,235.11259999999993
Casual Regulars,,0.05027534477537355,0.17639516832272525,0.021538919093435357,1,-1241.0567999999998
Bonus Opportunists,8.0,0.23587238393091575,0.5717976846527101,0.8337778090111895,192,-5872.735199999999
High-Value Core,104.0,0.15654708675969467,0.1417156910440321,0.1033027930002246,4,424.48239999999987
High-Value Core,163.0,0.13023774914647912,0.12826751915151235,0.006253762130218529,1,3757.6752000000033
Early Churners,,0.0734238269468539,0.41166440517569125,0.6804517725163726,259,-266.45160000000004
High-Value Core,117.0,0.2058986375734151,0.10840564181451386,0.002822811313119401,0,12223.512000000002
Early Churners,80.0,0.15005300681367456,0.22833799248874104,0.5267343465066688,201,-1347.318
High-Value Core,90.0,0.20789520343580228,0.1090761999166099,0.0055473085466179635,0,17269.8196
High-Value Core,340.0,0.12132828256319951,0.21920737720860203,0.0834877626649191,3,1046.6517999999996
Borderline Opportunists,10.0,0.535440293331464,0.4654602209013519,0.8754553690591941,319,-1064.8454000000002
High-Value Core,115.0,0.13859350982279847,0.17507168062180467,0.07679000320682422,0,-1474.4525999999987
Casual Regulars,,0.3837755094071431,0.20556356953942867,0.06284482537401524,10,-841.4852000000001
High-Value Core,352.0,0.199075576558164,0.18942911721340258,0.10946104609046461,4,939.2006000000001
High-Value Core,,0.42008740804616107,0.13891379763096015,0.06042562218660684,6,379.70780000000013
Bonus Opportunists,3.0,0.2905673154108194,0.5197842720678763,0.9294293760351722,187,-6293.0478
Early Churners,,0.14493160223065868,0.20303215769404503,0.5076799508945632,206,-1659.0044
Bonus Opportunists,0.0,0.2977733500340066,0.49495662409071806,0.8232077381452059,192,1371.4752000000008
High-Value Core,97.0,0.11273170385916877,0.17213271253610013,0.06583998098661714,1,3179.0928
Casual Regulars,,0.04939423508862882,0.22374888145420102,0.059430376053319786,4,-2010.5303999999999
High-Value Core,185.0,0.35409425023520563,0.12184497497939153,0.08620948422821273,1,2179.4698000000003
High-Value Core,331.0,0.19335549135437774,0.12113372702568041,0.06510957491214978,10,753.7779999999998
Casual Regulars,,0.111382559668579,0.1344857379485301,0.11215932761570062,24,-325.0144
Casual Regulars,,0.46112762707348465,0.15886409623417114,0.07281715747820726,2,-552.9491999999999
Casual Regulars,,0.35664438619705735,0.16486341330836615,0.03952028140095657,1,-2047.1091999999999
High-Value Core,33.0,0.1591382275533725,0.10661162959709025,0.0566668845610906,0,10350.259999999998
High-Value Core,,0.15855628947730022,0.23085886421308788,0.06705511974358463,5,467.69559999999956
Minimal Engagers,,0.20658382031118488,0.5423499288707212,0.0,68,-2533.4672
Casual Regulars,,0.22855383325253215,0.23163359706566897,0.07448550917160976,3,217.3986
High-Value Core,81.0,0.36672330456505625,0.11851123683213416,0.01377673651762211,0,23076.281000000003
Casual Regulars,,0.11935298190716277,0.3307139613041424,0.0708596629610991,0,-1582.9897999999998
Minimal Engagers,,0.0,0.3291885717485634,0.04682439968287668,52,-2480.9296
Casual Regulars,315.0,0.15863419701626186,0.22718080691317832,0.050820182445110225,7,-1495.7966000000001
High-Value Core,114.0,0.3970224989046159,0.12768041058053695,0.0030611959974020317,0,7997.621599999999
Casual Regulars,,0.24652402806360066,0.3490711736431712,0.061582567989730094,9,-723.1118
High-Value Core,131.0,0.21480215543093514,0.12459498677657156,0.023807229582578884,1,3432.851800000002
High-Value Core,,0.10744947260397934,0.15232777903733347,0.09848231555299136,1,495.2202000000002
High-Value Core,143.0,0.15405653734448638,0.17300657529166266,0.11828631883130554,0,321.7006000000001
High-Value Core,149.0,0.1718080007980082,0.16426744137888427,0.042473862696023955,0,3265.6244
Bonus Opportunists,0.0,0.38730944652973887,0.36884118517930986,0.8326133633794229,176,-1927.2753999999995
Casual Regulars,,0.05108358866537324,0.15762963509887437,0.08364881827231034,5,-974.1432
Early Churners,,0.11130252925294763,0.27090796569547476,0.5174380105760179,231,-1797.391
High-Value Core,64.0,0.3749206298973636,0.1519600275098123,0.08918393266467022,1,3936.4942
Bonus Opportunists,34.0,0.4022745323149405,0.42746362394763526,0.7016553201621286,309,1102.9791999999998
Bonus Opportunists,0.0,0.32064367919596415,0.44429808426268286,0.8354627330925307,109,3800.642599999999
Casual Regulars,,0.2784625618886922,0.24974715946524118,0.11156733870828034,14,-22.75400000000002
Bonus Opportunists,13.0,0.1600624761882204,0.6767872154812875,0.8331930992503906,220,-7169.328999999999
Casual Regulars,281.0,0.2561370807368913,0.17046652727506945,0.038593346862395426,1,727.481
Early Churners,,0.0921303518807419,0.23343244964795337,0.402494092041674,223,-2002.3316
High-Value Core,195.0,0.21620209127203746,0.1327388434632618,0.08364225091646701,0,2683.318799999999
High-Value Core,97.0,0.08911123086419495,0.19213477322706946,0.0538093853933268,1,3414.3506
Early Churners,,0.0951701795426089,0.24721371365722553,0.47981149590096367,208,246.27120000000014
High-Value Core,303.0,0.11545534025190866,0.16574784877684673,0.10304955041992263,2,-8951.4752
Casual Regulars,,0.12689130353213474,0.19099535934324077,0.07767089037710553,1,-1149.9437999999998
Casual Regulars,,0.3299974879229596,0.23123883280543217,0.17194122470404913,1,-431.4114000000002
Early Churners,,0.609615991376963,0.33206433719655876,0.4249982782755206,211,-101.00159999999971
High-Value Core,190.0,0.11024890505190937,0.15463913515341218,0.11470075558949978,2,-7903.1486
Casual Regulars,,0.379138461453349,0.1340822417476684,0.11963705232603974,5,367.62919999999997
High-Value Core,157.0,0.1888492620587972,0.14961839581564945,0.017872023708364722,0,10144.8812
High-Value Core,115.0,0.16811477664186816,0.1300768610889658,0.0724600769184476,2,-2119.0024
High-Value Core,170.0,0.47488809765486156,0.15842605589584158,0.0025316929936647667,2,-1868.4889999999996
High-Value Core,75.0,0.20052487768464133,0.10814528410013098,0.015941001905833377,0,8928.491200000002
High-Value Core,120.0,0.17264944673578905,0.11005448411699023,0.01059857901101912,1,21490.933600000004
Casual Regulars,,0.19365825453490723,0.18329506120549663,0.051509503625329245,11,131.61159999999995
Casual Regulars,,0.1731723007325323,0.3403977671026304,0.0,5,-137.38559999999995
Casual Regulars,,0.09954966506004166,0.16382060670929238,0.06222791148470116,8,-1527.7004
Casual Regulars,,0.13536688119709409,0.27954659936707665,0.12847578693761535,9,-1437.0678
Casual Regulars,,0.1521433863491868,0.10720877772434839,0.06651314800002735,0,-727.6543999999999
High-Value Core,79.0,0.22807648113302412,0.11429169120966307,0.014346675521374409,0,10392.853200000001
Casual Regulars,,0.0877293299481179,0.39112660573755736,0.11770559664422123,1,-1837.6399999999999
Casual Regulars,,0.35021523480483857,0.18620645067114366,0.26387453291010476,11,-1834.4922
Early Churners,,0.586952369973624,0.3352426037011923,0.6917666450450699,226,81.20899999999995
Casual Regulars,,0.13734336580120896,0.22467316942335236,0.04456381681545774,0,55.051199999999994
Minimal Engagers,,0.3648162939297125,0.20675108128803002,0.20703509898181605,0,-392.8288
Early Churners,,0.17860255890206975,0.21786549553525608,0.6018137939449429,202,-385.4401999999998
High-Value Core,90.0,0.14694449336563115,0.16600518810859496,0.12974339416395933,1,-2947.6031999999996
High-Value Core,166.0,0.14206722034770744,0.14239259344308391,0.0,0,15443.972999999998
Casual Regulars,,0.18991136775196646,0.26830549782882396,0.09256841618356604,2,-1599.4838
High-Value Core,,0.15677290208712696,0.13785862415658917,0.12964180420436508,2,-49.45080000000007
Casual Regulars,,0.5768859476094799,0.2605660066602716,0.1002100962405923,39,-511.4125999999999
Early Churners,,0.14684200588394947,0.23621635844939556,0.6155926726634954,209,271.7274000000002
Early Churners,,0.16016403782510932,0.17587198436040363,0.417258605908595,204,-1922.0588
Casual Regulars,,0.13012259609783053,0.19709837928917803,0.08195352733216377,2,122.54080000000022
Bonus Opportunists,1.0,0.9775491083991531,0.6435946262497971,0.7973184127275657,194,-1230.2423999999992
Bonus Opportunists,0.0,0.39057705638802054,0.40940038465343165,0.696174188038367,167,3.133199999999306
Casual Regulars,,0.19157071620677443,0.34163098118832635,0.16864110859071665,5,-2098.4912
Casual Regulars,,0.094907825717911,0.22883895287511505,0.08143159733711743,7,-548.7367999999999
High-Value Core,179.0,0.2073844866367093,0.1848752772183756,0.053079757949358375,0,-1508.4485999999997
Casual Regulars,,0.0709660896757473,0.19406702925599728,0.11168920718002759,7,403.82439999999997
High-Value Core,73.0,0.16776603457830716,0.15422357495771655,0.07507457357582979,0,2065.290000000001
High-Value Core,73.0,0.24529461586679818,0.10044567373086037,0.016667252044054365,0,15608.379400000002
Borderline Opportunists,,0.1300383028295347,0.44189201278183976,0.07974798494094706,0,-447.3742
High-Value Core,100.0,0.16759182228980268,0.17138382120931683,0.0789895988587586,2,1006.0767999999998
High-Value Core,163.0,0.17731017606041352,0.16980446528181287,0.09361848014381972,3,437.3310000000006
High-Value Core,265.0,0.43165450843502784,0.1503636013261246,0.07554861318333411,0,-10247.5886
Borderline Opportunists,,0.08124708646842171,0.18597966476750344,0.16179223801147818,5,-41.82860000000005
Casual Regulars,354.0,0.24531435199434212,0.21336507716825698,0.0382589288637718,1,477.3248
Minimal Engagers,,0.7086050396259057,0.5320198336992625,0.043788117276160665,13,-925.6696
High-Value Core,181.0,0.20104979942178294,0.16806013862089847,0.027082884312531242,0,1401.0302000000001
Early Churners,,0.5203926255846536,0.17822432619797485,0.4908344730962488,201,-359.78819999999996
Early Churners,,0.11801910047269677,0.30544509874939607,0.3041535279064282,212,-1128.3616
Bonus Opportunists,26.0,0.9008846864425384,0.42969054245574784,0.8420474479705022,106,-9650.840199999999
High-Value Core,76.0,0.1731485328337742,0.10933970902661318,0.01996538061546773,1,20147.749200000006
Bonus Opportunists,1.0,0.14811808213381567,0.649967749233736,0.9293094121465267,151,-5511.8616
Minimal Engagers,,0.26402842363759865,0.24184877428820406,0.09298500444119337,35,-1608.61
High-Value Core,163.0,0.18838392029395923,0.1744012308596995,0.08635411195122497,2,-3183.6363999999994
Bonus Opportunists,5.0,0.3627382678044259,0.4904148115690479,0.8389265606099251,312,-3665.7088
High-Value Core,,0.16320830158070088,0.13720297586023322,0.06518378547522441,2,-19.865800000000036
High-Value Core,,0.13205460996871102,0.16241088875175333,0.05021903219479313,0,839.3573999999999
Casual Regulars,,0.08483172089728283,0.2364159085484811,0.01627591450253577,0,118.48759999999993
High-Value Core,73.0,0.1784514292837174,0.10326875188977497,0.00239458453965149,0,11967.645400000001
High-Value Core,,0.10187950290911271,0.15980216758562074,0.06288025950222079,1,326.9028000000003
Casual Regulars,,0.38612137215147346,0.15422350004292568,0.12035694906051614,17,-483.3742000000001
Casual Regulars,,0.21893214923008741,0.3192238066774822,0.02138272868349272,1,-1580.8648
High-Value Core,141.0,0.1901137651531204,0.13485539957229636,0.0795937426813356,0,1391.0015999999996
Bonus Opportunists,,0.8113361995067178,0.6510979332167228,0.9394008664302079,249,-213.5442
Bonus Opportunists,15.0,0.29354275758582454,0.3966679783788581,0.7129102189369085,131,-9235.0354
Bonus Opportunists,0.0,0.4299838283855891,0.3797433185960476,0.8751164340858283,198,4433.642200000002
Early Churners,,0.08509621878852422,0.2650397565447699,0.3902135118724665,209,-1708.6772
Minimal Engagers,,0.05348611702379263,0.5257523865698099,0.666838134430727,21,-566.1744
High-Value Core,117.0,0.1607239988783309,0.2114976512370744,0.09851035935978045,5,-563.8722000000002
Bonus Opportunists,42.0,0.4295642131345997,0.3593665671846635,0.7733849158921046,307,-10832.7318
Casual Regulars,162.0,0.26087618546012004,0.13466095701888514,0.1118698544343163,5,1374.3566
High-Value Core,217.0,0.13272751798123383,0.21296548165739093,0.067660521465596,0,-2052.7332
High-Value Core,122.0,0.09487615910345937,0.18168600685279465,0.11351637791328559,0,3750.517599999999
Bonus Opportunists,9.0,0.28765038445848184,0.5190434592978569,0.8518194332752778,195,-4612.305799999999
High-Value Core,120.0,0.19637401211325237,0.14501063083759322,0.051308458976110666,0,-1568.1039999999994
Casual Regulars,,0.30337268894534547,0.1668648041489555,0.152447663819394,27,-2.7053999999999974
High-Value Core,105.0,0.1383981508022468,0.15839802744550432,0.11333783778041248,0,-34.73380000000088
Bonus Opportunists,0.0,0.17956185422433635,0.6819075689042752,0.8810133944298185,209,6961.2166
Casual Regulars,,0.4831412696617211,0.22171904731881908,0.1636473966062617,10,387.58760000000007
High-Value Core,274.0,0.15182818064991646,0.1328679228480029,0.09691107503279575,1,-8224.6914
High-Value Core,204.0,0.28411530712385646,0.10045307641235207,0.010339231732516493,0,7653.5278
Casual Regulars,,0.1830360184062103,0.3356184852012111,0.12609650455561902,1,7.543800000000033
High-Value Core,319.0,0.1279704267983465,0.12615851933598066,0.06279229301725556,2,1352.7774
Early Churners,,0.12061079810053445,0.28496200158298496,0.42119324123631735,221,-1093.5276000000001
Minimal Engagers,,0.0,0.7402861894522583,0.0,31,-1750.9334
High-Value Core,112.0,0.11525926539612338,0.20497900401721966,0.06574179993988234,2,2565.9479999999994
Minimal Engagers,,0.0,0.40897017957008547,0.18295572608132987,25,-2424.4384
High-Value Core,207.0,0.39900365931792986,0.10476400730844898,0.15626874131951682,5,-2130.5233999999996
High-Value Core,,0.26706294270494546,0.1492746851256899,0.05225876274210126,2,22.683599999999842
High-Value Core,84.0,0.15983706970131548,0.10756125414256691,0.004007847136884333,0,8152.751600000001
High-Value Core,136.0,0.18716315790108407,0.1274281379986842,0.09630925375870257,4,2880.2032000000004
Bonus Opportunists,4.0,0.36148321155606,0.43686020401634806,0.8149294631743654,144,1974.8571999999995
Casual Regulars,,0.17120626183682125,0.301154611118657,0.03448453547287309,11,-26.477599999999995
Casual Regulars,,0.176775282890501,0.318687235887559,0.03383575016487283,3,-1186.1936
Casual Regulars,,0.47602167269699114,0.20516565658938402,0.04434415853801233,20,-73.54960000000017
Minimal Engagers,,0.21142053779843872,0.4636708127294246,0.0,30,-867.5486
Minimal Engagers,,0.16094017680803538,0.44476083090902424,0.15818443661398401,7,-349.4684
High-Value Core,105.0,0.10723441559699319,0.14855078446170789,0.034671494816457,0,762.8647999999994
Casual Regulars,,0.16944589767296986,0.2120267773057553,0.03177982289988371,11,494.1156000000001
Casual Regulars,,0.48010410663042746,0.2212133425588624,0.12398298863684622,0,224.15499999999997
High-Value Core,90.0,0.15348355124460505,0.1421402215079826,0.009863771017253909,0,21939.452200000003
Bonus Opportunists,0.0,0.5411337607202247,0.35548401371514565,0.9343184219934623,188,-5410.348400000001
Early Churners,98.0,0.6212739533461785,0.3389070559068288,0.38101485723484435,206,633.0776000000001
Casual Regulars,199.0,0.08716614463501984,0.12839186381649728,0.034886744001631574,10,-658.3491999999999
Casual Regulars,,0.02213749441361523,0.2459810689383037,0.21413505952039047,3,71.03120000000001
High-Value Core,176.0,0.3387043830023258,0.12676903744525234,0.07203254083416054,1,95.01080000000002
Casual Regulars,,0.1597949046738807,0.15427958862498073,0.04879638034276635,2,73.97699999999998
High-Value Core,296.0,0.20906977090001988,0.1706817533228009,0.0709648503377017,1,-10286.1018
Casual Regulars,,0.5079178554809234,0.16851550056303508,0.09291286520295625,3,-61.759000000000015
Casual Regulars,,0.5280134752475285,0.2315116255289495,0.04699649317846179,1,346.30359999999996
Bonus Opportunists,8.0,0.2855124926022028,0.5233967697078359,0.8263038528420714,108,-9202.109400000001
High-Value Core,152.0,0.2427369838546497,0.1186307565712544,0.009283489714069025,4,7354.134599999999
High-Value Core,96.0,0.16439265267017625,0.11707457354656264,0.0031091346596543,0,13757.0216
High-Value Core,126.0,0.1731376856790357,0.14438602011502624,0.13683496256652344,0,1873.8796000000002
High-Value Core,136.0,0.2429666387284321,0.11403817938325488,0.01810643339133642,0,5112.054400000001
High-Value Core,138.0,0.1816394941777359,0.131762893645842,0.08920894232835752,1,-3426.8519999999994
Early Churners,,0.22070128146366177,0.1757298303356204,0.4955171612040944,202,-1820.6724
High-Value Core,,0.11817344840067918,0.14932114619757583,0.08633988886310025,0,288.6064000000001
High-Value Core,107.0,0.18419714331470474,0.12825905331913884,0.0073910962241431725,0,13238.7164
Early Churners,,0.06063077346051256,0.33835569882819544,0.5982775297853702,208,-160.9602
High-Value Core,54.0,0.15400189831285513,0.1464296430703289,0.04994058291489318,0,10552.643
High-Value Core,91.0,0.3822075313592262,0.12496705658680854,0.008361848857291163,0,11895.743199999994
High-Value Core,110.0,0.16095493875042982,0.16891473426672335,0.07240794491842822,1,3505.254000000001
Casual Regulars,,0.5197919447349054,0.24062680055952015,0.08702644825312925,26,-57.56719999999996
Casual Regulars,,0.15659751702120459,0.2587368121842262,0.07206598941389789,16,-978.5834
Casual Regulars,,0.5636232481450948,0.24290865796756098,0.0766056401561698,13,328.624
High-Value Core,110.0,0.4636958290286893,0.17379110727443792,0.09966212267046015,0,3545.1770000000006
Casual Regulars,,0.21847310014364815,0.21357043991338145,0.09233867952021002,2,-2212.247
Early Churners,,0.5341734368559686,0.2893278534829093,0.6264934597814285,220,54.34979999999996
Casual Regulars,,0.19708509502236518,0.14441352536881347,0.1519735240781149,2,-913.3982000000001
High-Value Core,92.0,0.15723500423641681,0.10078766873311126,0.0024505730041698625,0,15551.696
High-Value Core,101.0,0.18370769033384002,0.12198637106994895,0.013457387120256844,0,8001.281200000001
High-Value Core,300.0,0.42945198130032514,0.13334757757091253,0.057379974174276746,0,-8800.9746
Bonus Opportunists,5.0,0.260263542814058,0.5460090179188035,0.7055028389853139,165,-6723.9818000000005
High-Value Core,95.0,0.480522631984287,0.1737892110460971,0.16004487201315115,1,-183.17119999999977
Early Churners,,0.06050489003002663,0.41152430565731707,0.4007276088296423,216,-300.5546
High-Value Core,208.0,0.173365341795666,0.19089747671921392,0.11368288180440433,0,3107.740600000001
High-Value Core,360.0,0.12326447498140569,0.1548119851297346,0.10528263351925403,0,968.8335999999999
Casual Regulars,,0.12072296596135872,0.22742462978992659,0.14994134715830731,3,-179.8206
Minimal Engagers,,0.8946858541912529,0.811553846997358,0.10531414580874711,244,-654.5816
High-Value Core,147.0,0.2640962561599787,0.11764277278771196,0.021159175766270518,0,3302.0620000000017
Bonus Opportunists,48.0,0.08408509472592693,0.8414029117209232,0.2880939986395398,117,-7039.845999999999
Bonus Opportunists,1.0,0.3831168432521043,0.3236649264418417,0.8529846763440089,134,-236.02079999999933
High-Value Core,240.0,0.3974271699629963,0.13800901719304967,0.06009768438643428,2,-8012.3732
Casual Regulars,262.0,0.39345640780428487,0.17639841914053192,0.030983388364218063,0,-1276.9898
Early Churners,,0.15072263876395012,0.24645552670112744,0.32198076097152395,220,-125.59440000000001
High-Value Core,299.0,0.22614915214343279,0.1672583629123946,0.08621450524694006,0,1713.1234000000004
Casual Regulars,,0.12456099266988582,0.23465861459969617,0.20955784522941018,14,-548.3594
High-Value Core,94.0,0.17840130299693005,0.15816192441958712,0.048462942774737165,0,4784.51
High-Value Core,191.0,0.1498300449872754,0.1445401427494719,0.11513091454391218,2,2542.9169999999995
High-Value Core,264.0,0.16550386204746956,0.14670560544513092,0.08872502108379213,1,1742.3648000000003
High-Value Core,89.0,0.1934613988387523,0.09061860587790227,0.002653743415690646,0,8157.4504000000015
High-Value Core,88.0,0.17441258407624838,0.09944038748019293,0.001951529412487402,0,14867.247399999997
Casual Regulars,,0.06629687242674052,0.2900447423353203,0.0,20,-421.89939999999996
Casual Regulars,,0.039561654514852516,0.16480391491530957,0.04731124271834196,33,-154.6343999999999
Casual Regulars,,0.3631813579063874,0.17720901985504595,0.011048998172237206,10,-258.3672
Casual Regulars,,0.4805179962877201,0.2301728411152405,0.04956014306979821,1,96.49919999999997
Casual Regulars,,0.07666528608372394,0.21005412735237475,0.034988364532671144,14,-228.8703999999999
Bonus Opportunists,,0.1669331469722221,0.5736855391843602,0.8569578597941336,314,483.90520000000015
Casual Regulars,,0.5699620360051143,0.26158537488577926,0.07544809821068395,0,-1731.9776
High-Value Core,321.0,0.13586940147891202,0.15927160666642196,0.07666486123320597,1,1270.1694000000002
Bonus Opportunists,7.0,0.39415788353919046,0.401454384985896,0.9322246848734552,129,-7544.0091999999995
High-Value Core,71.0,0.3419164519656884,0.11712955237395255,0.008042288083018902,0,17294.739800000003
High-Value Core,294.0,0.3892565564197288,0.12573958185321651,0.06212716968006651,1,1900.9271999999992
High-Value Core,52.0,0.36652416723544773,0.12066187691466597,0.01858464220216507,1,19126.1836
Casual Regulars,,0.07652258365182911,0.254196475987473,0.059795775341016766,12,-1925.3704
Casual Regulars,,0.15942139978578465,0.22062922512429856,0.04032066655487755,4,-204.2658
Early Churners,,0.48570996806009126,0.15443352505243557,0.5378690469517238,209,192.1748
High-Value Core,191.0,0.17764484826648944,0.14652648296322035,0.0,0,-3017.1862
High-Value Core,110.0,0.5208798375751694,0.20588975121843237,0.05953565468065961,2,-205.59799999999905
Casual Regulars,,0.28506082780732456,0.2108738996291686,0.10162212253081432,10,-500.731
Casual Regulars,,0.22153479253427874,0.24912423846701212,0.08250937577000039,5,192.36979999999983
Early Churners,92.0,0.2324316301898149,0.1955593834844319,0.4316797017950333,204,452.1254000000001
Borderline Opportunists,,0.17639963794374708,0.17266173448457503,0.0,12,-2218.6228
Bonus Opportunists,0.0,0.16555118544782305,0.6511028384215161,0.8193857201432898,197,-3283.5560000000005
High-Value Core,72.0,0.17054539556644366,0.11868553181024466,0.025927438100935594,1,26622.010799999996
Early Churners,130.0,0.5445705680985301,0.3096039411884335,0.4787767449255512,211,-4668.4948
Bonus Opportunists,35.0,0.43002826285912144,0.40789349057122115,0.8456278210362821,312,-10594.9558
Early Churners,,0.13134895261012433,0.3242314430426417,0.4130376616764135,204,-191.0547999999999
Casual Regulars,,0.11878561216160266,0.35122702870505623,0.03330520278880828,1,95.09259999999995
High-Value Core,139.0,0.3215937249381675,0.1159254883646195,0.0029357420733159625,1,5043.149600000001
High-Value Core,160.0,0.1464945554893895,0.20336588632405994,0.10470994299505523,1,-1602.1547999999998
High-Value Core,128.0,0.32855482967152494,0.10094654980244133,0.010647557888515059,0,7444.244200000001
High-Value Core,66.0,0.1944055729729003,0.11383790830649003,0.0019532878457931683,0,21952.655200000005
Casual Regulars,,0.10901245980980606,0.21611739019967752,0.06972191444671783,9,-511.548
Casual Regulars,,0.06678654321932306,0.4360340156923289,0.042690627402541086,5,-651.102
Minimal Engagers,,0.2670480472071848,0.24389069710259997,0.0,71,-291.43679999999995
Casual Regulars,313.0,0.43666140765989586,0.18276492233599254,0.08257802120042258,9,470.01839999999993
High-Value Core,98.0,0.41110046001279393,0.1093608705566437,0.015440258529844026,0,19355.7928
High-Value Core,133.0,0.17844973808559064,0.13761867948051615,0.08960048828338815,0,-2400.5089999999996
Bonus Opportunists,2.0,0.49819881588241655,0.38955434665338995,0.566404201300711,111,1495.7122
Casual Regulars,,0.04810004181755854,0.26820662705962817,0.02728419045767423,5,-265.9426000000001
High-Value Core,138.0,0.1486135802238015,0.15839169782120507,0.001368555883034977,0,9006.419600000001
Bonus Opportunists,6.0,0.9844071430992657,0.7674422578261146,0.950357247761595,255,-5592.9911999999995
Casual Regulars,,0.01603895733258831,0.18373131754862826,0.029264563187003004,10,-1933.6984
Casual Regulars,,0.07817207350755488,0.2766327990377514,0.07309551429604356,5,-442.78319999999997
High-Value Core,153.0,0.4198493515788574,0.17439585138606786,0.04381197841170921,1,3294.2592000000004
Minimal Engagers,,0.1141399458730599,0.7977759627416903,0.0,82,-416.34479999999996
Early Churners,,0.08912426571880853,0.3116569857409134,0.49813725336971154,202,-1304.2259999999999
Borderline Opportunists,,0.0,0.21429521127925738,0.09012506503717609,30,-345.0886
Bonus Opportunists,,0.8898197657761924,0.7623165866576285,0.19453748282314923,313,796.9113999999995
High-Value Core,110.0,0.15490243437345,0.1651797795204334,0.02994914930185269,2,686.3476
High-Value Core,104.0,0.17478058847165392,0.12745728202068687,0.006647516220978458,0,13126.329800000003
Bonus Opportunists,17.0,0.43845519229359364,0.3789135657519297,0.8809653710985467,194,-9858.677199999998
Early Churners,,0.19373657549671564,0.26150577670437825,0.5244606641047777,203,-230.03859999999986
High-Value Core,302.0,0.14604837342814506,0.12375053826655788,0.08987507004080164,0,-10465.267199999998
High-Value Core,142.0,0.24503293931902012,0.09841209691072196,0.009372110302671465,0,14347.709200000001
Bonus Opportunists,2.0,0.3250552537412941,0.4229935453114881,0.8337760346833892,164,602.9055999999991
High-Value Core,204.0,0.15724568064614272,0.1438923528026968,0.01924379979248122,1,-2431.270200000001
Bonus Opportunists,4.0,0.44088795839434686,0.41479384514078455,0.7860652170418402,307,-8750.6636
High-Value Core,322.0,0.3617220447030606,0.13991657242368832,0.06847150854224557,0,-10800.366999999998
Casual Regulars,,0.05404632830304576,0.2671726255070787,0.2110630999503303,5,35.940200000000004
High-Value Core,59.0,0.16549719160012444,0.12344090948349705,0.0,0,9959.6216
High-Value Core,74.0,0.2150545925657101,0.10559575731345801,0.010085540095093952,0,23393.6576
Minimal Engagers,,1.0,0.4231517431885439,0.0,183,-1167.9046
Early Churners,,0.19835597263412783,0.15254542793094159,0.7265446058264581,208,-190.13679999999977
High-Value Core,,0.17794052802398885,0.16833932821326034,0.126779696366274,2,691.1232
High-Value Core,159.0,0.18374716594916188,0.16872217678840973,0.06739854047640804,0,1168.6584000000003
High-Value Core,128.0,0.12714289954253044,0.1870426815541888,0.09819020241336647,0,-2460.079
Casual Regulars,,0.14993928973144022,0.2856349586887551,0.007340328875009615,2,-1415.2215999999999
Casual Regulars,,0.06924684489270538,0.23328457900841196,0.059572342147800585,0,-2042.3486
Early Churners,,0.5957591346546706,0.3195176799443782,0.6286401106439963,207,-216.08759999999995
Borderline Opportunists,,0.00906221177576459,0.2514852696508707,0.04766198948338277,44,-81.27220000000005
High-Value Core,53.0,0.12273530307714806,0.14305860635082512,0.1330524491642525,0,2770.1201999999994
High-Value Core,268.0,0.1608292607146231,0.1727396025483905,0.127583522355167,2,2103.823800000001
High-Value Core,207.0,0.13565810210487778,0.16289450452418713,0.09598240365331626,0,-9886.286399999999
Bonus Opportunists,3.0,0.9666385096560807,0.4779631996255759,0.7932498112150037,297,-7289.5779999999995
High-Value Core,83.0,0.4320912391984576,0.14471955318214472,0.004054221968721212,0,8461.166
High-Value Core,213.0,0.12820710404016383,0.15715043733753525,0.062005280111940834,1,-9266.3252
High-Value Core,160.0,0.3876356311804714,0.12497945752243718,0.006131616966349209,1,8168.975
Early Churners,,0.08247262638801986,0.2816150943437053,0.6881746048869666,203,-1079.7767999999999
Casual Regulars,,0.049130589449894894,0.37492355810816214,0.04465101100458176,1,-99.8166
Casual Regulars,291.0,0.0371624188883292,0.2509875207625355,0.1204674309491071,0,515.9820000000002
High-Value Core,99.0,0.132394283751606,0.16321824686499692,0.11740319355780533,3,855.1796000000008
Bonus Opportunists,5.0,0.09580674327545381,0.7746046907423187,0.6640391565363077,120,606.8740000000003
High-Value Core,96.0,0.18164268210944506,0.12273757920512443,0.0,0,18475.685800000003
Casual Regulars,202.0,0.1399539860312477,0.23140040134027084,0.07088330273420985,2,1011.9370000000004
Bonus Opportunists,44.0,0.5848593036547893,0.3282979711709345,0.3671555724203684,235,-10658.6358
High-Value Core,63.0,0.17410458588705274,0.14762999708006289,0.09587920817735603,1,3176.924400000001
Casual Regulars,,0.0888228011367801,0.257519251661199,0.05206814976072763,5,-1996.9634
Minimal Engagers,,0.02320951697304067,0.3935156530438397,0.055025793501623614,6,-2005.8038
Casual Regulars,,0.6931491501612582,0.3719773139452678,0.008131739604137156,8,-620.5208
Casual Regulars,229.0,0.13522352447305705,0.1843364180787864,0.16810035898752604,1,-4068.5088
Casual Regulars,,0.28276924139757403,0.12824493099136075,0.005426566341011279,1,-152.598
High-Value Core,82.0,0.4103377643224311,0.13021639673925914,0.007695662261253917,0,17467.262600000002
Borderline Opportunists,,0.0523350903955286,0.20892822883847162,0.5976307184545354,204,-436.50739999999996
Early Churners,,0.09740675121106004,0.41066715642256446,0.5024951551302732,208,670.6224
Casual Regulars,,0.14903635583065072,0.15281793804996371,0.20403338532323606,0,-646.5592
High-Value Core,,0.4349171410913096,0.15702661873054646,0.049565336355297356,2,521.1490000000003
Casual Regulars,,0.4101688734554161,0.15115787391414878,0.05905778004324165,0,-490.6453999999994
High-Value Core,267.0,0.48261351098154975,0.15008417910915292,0.06508809709134605,1,-8629.509399999999
Casual Regulars,,0.4324049272113432,0.16348043342042806,0.05297027886010922,8,82.47820000000002
High-Value Core,131.0,0.09373631751101037,0.21626480866279008,0.06991365671844631,0,-670.7076000000002
Bonus Opportunists,10.0,0.5155954542276335,0.4261201161693489,0.5336977951607974,310,883.8386000000005
High-Value Core,112.0,0.20178197912272036,0.11033663666606351,0.077348563585381,0,2635.1740000000004
Casual Regulars,,0.28911153169517484,0.24633333469240862,0.11269131596222488,0,494.66820000000007
Casual Regulars,,0.12830304798045863,0.13502827090194888,0.05301427716585629,4,-203.71680000000015
High-Value Core,98.0,0.2021123318988408,0.09992257728401076,0.01010270151917958,0,23581.8446
Bonus Opportunists,0.0,0.4331686829589873,0.3635828358362366,0.9087958350240868,189,743.1565999999993
High-Value Core,202.0,0.21533188340462284,0.16669020531365933,0.07320219024627549,1,-3340.9678000000004
Early Churners,,0.5671466126491724,0.25513293377103374,0.5615381626918052,201,-1132.8210000000001
High-Value Core,130.0,0.212533916037607,0.1670686562504905,0.08671437673043567,5,2192.4577999999997
High-Value Core,,0.14744985598746416,0.174688035162044,0.04359336167969109,0,103.79239999999982
Casual Regulars,,0.5351323418324608,0.18262465785844362,0.09812945685786274,9,615.262
Bonus Opportunists,2.0,0.3063457229040972,0.48982827994349776,0.8345891936120191,106,-3178.0874
High-Value Core,168.0,0.1797066155461723,0.15502966872965845,0.06397133266815266,3,-143.58719999999948
Borderline Opportunists,,0.09292040391956594,0.2606682979813134,0.0,4,-174.68760000000003
Early Churners,,0.16616822546900992,0.25039564978457557,0.4722286987586436,201,178.11800000000017
Casual Regulars,,0.1938857062674256,0.1527372078220951,0.0,2,-237.74240000000003
Early Churners,,0.4026874075891369,0.1971521535201485,0.36513951167829906,201,-1351.0938
High-Value Core,101.0,0.15566457445360846,0.11550583369542511,0.015154789434930762,0,26852.117
Casual Regulars,310.0,0.42556577728719214,0.15241661279054375,0.09000296804603714,0,633.8006
Bonus Opportunists,17.0,0.30804058458106354,0.5205443162864869,0.9288782417322703,328,-997.0843999999997
Casual Regulars,,0.035724644970910255,0.35489934643773297,0.07192168401991852,15,-722.856
Minimal Engagers,,0.13028020001754542,0.25611868846779295,0.3194329327133959,11,-315.02500000000003
High-Value Core,186.0,0.16226702828777612,0.17251860251484127,0.056143096366516626,0,-1414.9351999999994
Bonus Opportunists,0.0,0.48632768542911875,0.35060540542904944,0.7942483642573558,204,4572.653200000001
High-Value Core,133.0,0.3960605369184685,0.13946436689889113,0.037209898229237225,0,8314.2696
Casual Regulars,,0.1255378213880055,0.20204155583829495,0.09906972273582751,3,-212.9756
High-Value Core,103.0,0.21407767111869974,0.11260130833599577,0.010409407701865875,0,10971.837
Borderline Opportunists,,0.22471622543913217,0.4306162078895666,0.0,4,-2510.9152
Bonus Opportunists,,0.25002306723418655,0.496279755787762,0.8451564176435968,220,-122.45980000000054
Early Churners,,0.09636671898759706,0.20860337399896084,0.4633413424724537,202,-1351.1363999999999
High-Value Core,114.0,0.17930903924092137,0.1048224352454109,0.003172251228327541,1,14939.373000000003
Bonus Opportunists,30.0,0.3698705950102365,0.3231914472382049,0.6724518160363081,312,-1287.5738000000001
High-Value Core,76.0,0.399235829233761,0.13427465722860984,0.06731989047963689,2,2212.4022000000004
Casual Regulars,,0.0,0.2976514515206839,0.06299664939274786,25,-512.0649999999999
High-Value Core,203.0,0.15769413022799328,0.17240061930378062,0.12546741448301083,7,2147.2588
Early Churners,,0.03748379560515186,0.3431076914365814,0.34451159944443155,202,-2072.8282
High-Value Core,,0.17317939598030171,0.23932689778001606,0.09309457258467072,0,570.0688
High-Value Core,96.0,0.479952843953753,0.15511504562494674,0.09470288129169215,0,-2190.6731999999993
High-Value Core,221.0,0.12287552314438924,0.2185908199540501,0.06895342529862097,2,-2165.7771999999995
Bonus Opportunists,11.0,0.43888897494567364,0.3905447331820467,0.758202680693431,270,-2484.8160000000003
High-Value Core,313.0,0.1588479122772597,0.15694490869375005,0.05673153283074158,5,1150.0947999999999
Casual Regulars,,0.3134969613962718,0.1429586880800892,0.0,16,-1928.0988
Bonus Opportunists,48.0,0.991748756393962,0.3902941691203818,0.7569590955932126,108,-10788.865399999999
Bonus Opportunists,50.0,0.9359465718714908,0.608758659378789,0.5545548163198079,234,-11104.8214
High-Value Core,125.0,0.152543935077372,0.10286614268161821,0.004327291582757701,0,5699.990600000001
Casual Regulars,,0.1614683955555597,0.11862205290096776,0.03590201989674211,1,-283.91260000000034
High-Value Core,323.0,0.1594457094886337,0.120781940045523,0.05583808897333923,1,1190.3953999999994
Casual Regulars,,0.04684554525543875,0.37198398196195603,0.06111837011923641,2,-2322.0312
High-Value Core,123.0,0.1651418469357243,0.1476248361717273,0.08160429402762806,8,1386.5134000000003
Early Churners,,0.05213653903188243,0.34223187800562893,0.5025856356574343,202,-192.5107999999999
High-Value Core,100.0,0.20130906639125828,0.18991950368068772,0.11085367491301283,2,2207.6395999999995
High-Value Core,206.0,0.13571680251199003,0.16742354749592425,0.06339926379374586,1,-7373.7404
Early Churners,,0.41626028189437153,0.31534395158227235,0.3362735091792609,210,-829.2511999999999
High-Value Core,154.0,0.313592882464384,0.09655249484471881,0.0016064201309909383,0,-2577.3668000000016
Casual Regulars,,0.1583348788588963,0.29664628532630855,0.042303223881369506,2,-589.9253999999999
High-Value Core,64.0,0.42402264656317845,0.13888661567886978,0.015423575471346856,0,23912.723600000005
Early Churners,,0.6929238261868699,0.3635099333199804,0.7178526662140282,215,-1187.2959999999998
Early Churners,147.0,0.604096815333522,0.35798911273361533,0.5664754599180161,207,-1543.8622
Casual Regulars,,0.5539110423666415,0.2643264571909579,0.07446611347193358,1,-1563.3103999999998
High-Value Core,127.0,0.2220826819078863,0.1043188165007793,0.02736816078662544,0,7492.125800000001
High-Value Core,95.0,0.10533258197761249,0.2306462451117382,0.08337320388190025,1,908.9490000000005
Early Churners,,0.036238566428130656,0.22666647852302724,0.6231984447317888,212,-1846.1236
High-Value Core,94.0,0.2361300656794712,0.14740638698330538,0.10265582168650245,0,-701.6434000000004
High-Value Core,127.0,0.16648358927861678,0.14807531211264086,0.15885165482079783,0,-1239.6724000000004
Casual Regulars,,0.07705870737337409,0.25421057579966533,0.06506322056342015,0,257.60159999999985
Early Churners,,0.6797502943282746,0.293275713177509,0.5932688202488298,203,-544.0893999999996
Early Churners,,0.13551191705025636,0.3448015083535762,0.464939938691268,207,-110.78539999999987
High-Value Core,192.0,0.1786730216172338,0.14178899820896534,0.046505709430674544,1,-3618.4116000000004
Early Churners,,0.07562325112735398,0.28463630581572824,0.5140084454446741,202,-368.5064000000002
Casual Regulars,311.0,0.07120996309696151,0.2686203232737522,0.06812995399780238,0,495.2568
Casual Regulars,,0.19350761384128518,0.1271447343622594,0.05798194799946114,7,-776.8890000000001
High-Value Core,66.0,0.1751313927155464,0.11209760633566097,0.018804766183349912,0,23038.7486
Bonus Opportunists,,0.993014231933541,0.4377709197167865,0.8504035118236047,173,104.17039999999997
Bonus Opportunists,0.0,0.9734731867852161,0.48496072402129026,0.6654203855713617,139,4918.305
Casual Regulars,,0.32021241849831245,0.15268534122569352,0.0,16,-418.93219999999997
Bonus Opportunists,20.0,0.31577555578439576,0.4927760378765597,0.6737172630471051,122,-7997.2484
High-Value Core,145.0,0.14152474486710406,0.1258847775602519,0.0025051638695734344,0,3344.295199999997
High-Value Core,102.0,0.49918908135612533,0.19413890145429136,0.05331019322144555,2,587.8560000000002
High-Value Core,259.0,0.11490954150581661,0.1425042232733632,0.09544649726399748,0,-9606.217999999999
High-Value Core,,0.1870145254537781,0.1666018833004833,0.0864331062049542,4,-396.0482000000002
High-Value Core,152.0,0.20971992915465512,0.12975559609536017,0.09344347864891697,2,1308.6377999999995
Minimal Engagers,,0.0,0.7031040203100327,0.0,161,-506.578
High-Value Core,257.0,0.2267428286212544,0.16690400391660612,0.08056448425681442,0,-9599.978
Casual Regulars,,0.1514578984393166,0.2029521485039903,0.07785044956658772,3,-658.9678
Early Churners,,0.0821968516703019,0.17153224060209943,0.5573929572969154,205,663.1967999999999
Casual Regulars,,0.1314581922601998,0.17600545192942127,0.0708969897558273,26,-47.68599999999992
Bonus Opportunists,9.0,0.18933127999964888,0.5965470856687471,0.7340095203464313,279,-2508.8318
Borderline Opportunists,,0.11420869792909012,0.3073827902929115,0.6312908797107504,227,57.58100000000002
Casual Regulars,,0.4225653585010852,0.15598904027745203,0.05299873203808885,4,-1255.8076
Casual Regulars,,0.17387229067862034,0.14446422157689992,0.13361181148017015,1,249.23479999999995
High-Value Core,137.0,0.1755450929831866,0.12404673525395575,0.007061587094882014,0,12816.074800000002
Bonus Opportunists,17.0,0.9532011738364711,0.5539138895979725,0.6878366398748578,107,-8718.623199999998
High-Value Core,,0.416829413485906,0.1288807085373877,0.029279998124185937,0,239.4742000000001
Minimal Engagers,,0.0,1.0,0.0,86,-2501.7592
Early Churners,,0.11343467014073318,0.3250109411232745,0.4800998907978113,202,-1214.4805999999999
Minimal Engagers,,0.0,0.2480742941970595,0.16392731569542912,186,-2061.208
Bonus Opportunists,2.0,0.39946136691965844,0.43389886266897,0.7422868907317585,237,989.0366000000004
Casual Regulars,196.0,0.4606868887090368,0.17696050946053177,0.05805832854429826,20,-976.0326
High-Value Core,110.0,0.28553163747890786,0.09118749446866223,0.011865527945563966,0,16729.1376
High-Value Core,203.0,0.22492479081634423,0.15968257466663882,0.07592630689560105,0,-1884.7066000000004
Casual Regulars,,0.3269919314311553,0.18025689438147463,0.019732681789030822,15,-2242.6132
High-Value Core,196.0,0.21538373298319732,0.15162942795026965,0.0821458323488209,2,-1946.4021999999995
Bonus Opportunists,21.0,0.05713059890738755,0.8584785948392955,0.8383142444955061,154,-2439.8196000000003
Casual Regulars,,0.39146846121205925,0.17349339381538662,0.07516116890255814,10,217.84939999999995
High-Value Core,80.0,0.10751796044331169,0.15023282137294666,0.09917552134145284,1,2492.242399999999
High-Value Core,129.0,0.4241815790023766,0.1345100514959809,0.03695891177820036,1,341.68539999999985
Casual Regulars,175.0,0.48572061012628104,0.18139128333597682,0.08040827498030566,2,-627.8892000000001
Casual Regulars,,0.5553924138732348,0.20094070606686676,0.2746662997905685,10,-254.0158
High-Value Core,121.0,0.12404613105113357,0.17177406751524235,0.06383406266940678,1,3700.6693999999998
High-Value Core,134.0,0.4894630340725023,0.1892906350936875,0.0855911291331426,0,-2760.1865999999995
High-Value Core,72.0,0.14756904545642124,0.11148924568097558,0.007841085079415897,0,24004.783400000008
Casual Regulars,,0.011071726366503921,0.3120123369469537,0.03831854805328807,0,-464.61580000000004
Early Churners,,0.07918596385963177,0.24895144705912559,0.3797853771454188,231,-630.6743999999999
Casual Regulars,,0.1707085999864706,0.2910014369456216,0.08913737788782901,5,-2017.5641999999998
High-Value Core,184.0,0.1101009773064774,0.19906714111554405,0.0848884331127347,1,2515.613599999999
Casual Regulars,,0.4554953775779218,0.20617781281257305,0.01155360946985095,23,-7.129000000000133
High-Value Core,269.0,0.21706767437048827,0.15282203769766814,0.05470881067232147,3,1521.3991999999994
Bonus Opportunists,,0.35703713020148053,0.4508363399903669,0.7579144142672894,192,-569.2013999999999
Bonus Opportunists,,0.4616966199360793,0.4376066405671491,0.8007016390726522,313,623.0164000000002
Minimal Engagers,,0.031064850307640893,0.5300890531678772,0.0,6,-598.258
Casual Regulars,,0.1906287306518687,0.16582822036697908,0.07099198882156381,4,150.8989999999999
High-Value Core,126.0,0.09700644846106436,0.17652729790051924,0.12827024630531011,0,3474.1122000000005
Casual Regulars,244.0,0.19428318716364362,0.26641303491132684,0.06798902960702842,19,752.2431999999999
Minimal Engagers,,0.0,0.6908234549679755,0.5706157447147836,219,-557.3622
High-Value Core,277.0,0.14186622426438508,0.1897401355744698,0.054929927402235436,1,-9798.337
Early Churners,,0.08622860834508198,0.34381684713606686,0.5690516345202422,201,241.7148000000002
High-Value Core,156.0,0.25067080663375463,0.1339885272847646,0.11804552593663058,4,497.9360000000006
Casual Regulars,,0.1349175837683597,0.21085546515394796,0.0473107063110047,19,343.6976000000001
Early Churners,,0.6247264739292023,0.301496790692876,0.672885246948328,219,-1210.1491999999998
High-Value Core,128.0,0.5091416879524597,0.15095963851630406,0.06101564452172131,1,2063.9924
High-Value Core,138.0,0.20470716758070626,0.22520075482896024,0.08199158576925292,0,315.7059999999997
Casual Regulars,,0.09673893381263397,0.4120045167136892,0.02446251131317503,22,-424.4601999999999
High-Value Core,,0.514666837653901,0.18028542837781378,0.04470748788574175,2,220.45359999999982
Early Churners,,0.09856326296680927,0.46772535474578586,0.4734186478591043,215,-162.2068
High-Value Core,65.0,0.1611185808445325,0.10658719110533871,0.02383252432079383,0,22631.7706
High-Value Core,104.0,0.16292636015227094,0.1327741261826291,0.008515726172402207,0,12285.000199999999
Early Churners,,0.10246428666554205,0.35365345865261755,0.4439718377384958,204,-1073.67
Bonus Opportunists,3.0,0.18384928482213994,0.6341201312147862,0.7351822823831149,178,-6239.0896
Casual Regulars,,0.08078086480860354,0.19741147823687277,0.06686548219950766,7,-978.7362000000003
Early Churners,,0.06031318124528595,0.37030035847777854,0.5714348922684466,204,-1343.3858000000002
Early Churners,,0.28816455767572813,0.2285306574250235,0.5589957624266216,241,-14.712200000000053
High-Value Core,305.0,0.18351294445508737,0.16783700533209675,0.08354908870415581,0,-10333.2078
Bonus Opportunists,37.0,1.0,0.7989970462976972,0.7426266496106787,308,-9226.9838
Casual Regulars,,0.1897517119987518,0.19624923450111134,0.09283281350367652,4,-933.4982
High-Value Core,152.0,0.24966328409885316,0.1265670432811867,0.0,0,9919.6756
Casual Regulars,,0.1970675314105299,0.22592312819148602,0.08013041931165182,0,-165.3320000000001
Casual Regulars,,0.5650875786957468,0.20927284066271934,0.021515382441641227,8,-754.6192
High-Value Core,79.0,0.20621904221539286,0.17240412456587145,0.004571881684627666,0,12302.4934
High-Value Core,278.0,0.21942391860789082,0.11996103936293814,0.048739159316023004,1,-9936.8256
Bonus Opportunists,6.0,0.40439597813885697,0.4761571682416441,0.9493302035548976,308,667.0255999999999
High-Value Core,194.0,0.11532506025484143,0.14735564056337883,0.06274179223410294,1,876.6795999999999
Minimal Engagers,,0.16219059964031132,0.4770083782995775,0.2110668819375797,2,-486.9022
Casual Regulars,,0.13869351956292783,0.39970803938450783,0.091322988477192,4,-1322.4882
High-Value Core,112.0,0.4767928853124509,0.13650494884948583,0.0036013485528171014,0,16059.034800000001
High-Value Core,67.0,0.1835869329526255,0.14790771943360526,0.017706723293013715,1,16474.0064
High-Value Core,154.0,0.18928580818007212,0.1176844199233962,0.003103048556151136,0,5312.810999999998
High-Value Core,115.0,0.20271900558433387,0.15918404913558282,0.10092416079704382,1,-314.40379999999914
Casual Regulars,,0.5512093590154122,0.22448393752277435,0.08851280778844979,3,-122.82160000000005
Casual Regulars,,0.22773408365548495,0.20272718053103475,0.11114734436562489,16,-55.38060000000007
Casual Regulars,,0.38735246473626894,0.1581948675943664,0.06925873547724244,5,297.33479999999986
High-Value Core,251.0,0.21064768311966575,0.12914917930302464,0.12874189844530953,7,-2451.5852
Bonus Opportunists,0.0,0.22989323091632935,0.5958116708772655,0.870873151495084,128,-1744.9939999999997
High-Value Core,,0.12902690897859131,0.17574982084801408,0.04694898038651462,1,224.29120000000012
Casual Regulars,,0.11630415252028942,0.2084667218972736,0.11314938104013855,16,-274.8028
Bonus Opportunists,3.0,0.2826846180985896,0.472928354815271,0.8707127687965331,252,1037.2480000000005
Early Churners,83.0,0.14671572938735175,0.23930584065747196,0.480139886523847,201,843.2602000000002
Borderline Opportunists,,0.23401199657046298,0.21722245686595895,0.08571572860355313,2,-1847.5326
High-Value Core,68.0,0.22677057144986995,0.12242886567097495,0.008963380368014192,1,24722.630800000003
Casual Regulars,,0.6421011143268248,0.3312901562836709,0.1077060481380093,7,-308.4010000000002
High-Value Core,137.0,0.1631829645682791,0.12914324199409433,0.08626187199973796,1,-777.7922000000003
Bonus Opportunists,5.0,0.9849188433973095,0.5952439286209504,0.6935126037629666,110,794.5609999999997
Casual Regulars,,0.13943000586527238,0.24563839256345427,0.07837577628937635,10,184.52840000000003
Casual Regulars,256.0,0.08373887269965113,0.24392007751530712,0.09739576165801818,2,824.1863999999998
Casual Regulars,,0.36190220830882874,0.11587319997784845,0.04690775197048421,0,-706.1253999999994
High-Value Core,78.0,0.428802843139512,0.13604676196899493,0.0034144505767171665,0,14092.362000000001
High-Value Core,112.0,0.13119774630285796,0.16482008235026052,0.0855574765600509,1,-2410.316
Minimal Engagers,,0.7004211895187175,0.5414887763588613,0.0,101,-651.7082
High-Value Core,179.0,0.1514188568061117,0.1446031150539938,0.046136772927632644,3,-1785.1564000000003
Minimal Engagers,,0.5509682480535016,0.2814682144358872,0.048010355174645504,0,-845.055
Bonus Opportunists,12.0,0.4686140485259327,0.3283809179842903,0.680273447940212,145,-3453.7076
High-Value Core,305.0,0.20037253993245688,0.14334487725254635,0.09130003726941201,1,-10568.0672
Minimal Engagers,,0.0,0.2356152132368049,0.0,7,-218.14799999999997
Casual Regulars,,0.16303473410605662,0.11114254353638785,0.08802283438831511,9,-118.85820000000012
High-Value Core,143.0,0.11944427973359571,0.15296259750227487,0.12036438654304626,1,-1267.5607999999988
Casual Regulars,,0.08660271253721469,0.17515705477968196,0.08939571394086776,0,-1528.8939999999998
High-Value Core,252.0,0.521397413492746,0.2106872543500282,0.07603598628196001,2,-9393.6574
Early Churners,,0.0,0.26213628236804143,0.5331216884126934,212,-1206.7422
High-Value Core,,0.20114119146783724,0.11061939250536001,0.08608206559251357,3,692.8392000000003
Bonus Opportunists,26.0,0.3043317265251144,0.45403231144188294,0.6425219993244108,122,-645.7851999999998
High-Value Core,105.0,0.12035870497034744,0.13117558521855727,0.08847393143689372,0,4025.7946
High-Value Core,117.0,0.16469860016712395,0.13512132253318954,0.010818745404868945,0,5666.313600000005
High-Value Core,200.0,0.14378172755980193,0.1437201087178773,0.031778188842275484,5,-1608.6338
High-Value Core,146.0,0.315088013866168,0.10443227712699156,0.004309280728212166,0,19821.4216
High-Value Core,144.0,0.39755587589974056,0.12430345104024468,0.010052028549127338,0,8391.596600000003
Early Churners,,0.010547292999495321,0.4809997500177037,0.45841335697128904,211,-1595.401
High-Value Core,119.0,0.1809481064114769,0.11544311600939436,0.008551584295192238,0,10765.241400000003
High-Value Core,252.0,0.16593870043574313,0.1898093225329585,0.05322800435729006,4,-9955.3434
Early Churners,,0.29336901075815097,0.13717757329478283,0.6745281723501101,244,-866.9488
Minimal Engagers,,0.0,0.4119078596205195,0.02134423221152009,43,-301.5962
High-Value Core,86.0,0.19260141121666058,0.10395481980561118,0.01831392720131531,0,16316.800000000003
Casual Regulars,,0.20985463386978928,0.1908434918257235,0.07462241137696578,2,-1799.2464
Early Churners,,0.05550661485663314,0.3096717382301726,0.6592263303422129,207,519.2683999999999
High-Value Core,159.0,0.14767681643187477,0.18621032142471958,0.10329474747024464,6,2522.5943999999995
High-Value Core,152.0,0.17980354614017546,0.11287455961326129,0.07215696594262243,0,3390.3853999999997
Bonus Opportunists,30.0,0.29938302289062646,0.5261549280108885,0.6998463129903864,237,-9108.2956
Casual Regulars,,0.06741019178104873,0.23947232256067386,0.17132352966540332,0,79.79660000000001
High-Value Core,136.0,0.14597526829734817,0.1529239853486141,0.0018606756155569585,0,4867.3374
Bonus Opportunists,30.0,0.46677860900237933,0.41810326168150025,0.7264654202928646,308,-1011.8496
Bonus Opportunists,16.0,0.9478953531942997,0.6597893368889092,0.8204935485985612,114,-728.7539999999999
Casual Regulars,,0.19172195322579175,0.2129653214354027,0.011941400247103403,16,-258.3198
Casual Regulars,303.0,0.12398294824652117,0.19870297121830913,0.034865534205355826,1,-4360.1672
Casual Regulars,,0.05495877077353032,0.24027505878986943,0.06640124724822515,3,196.69400000000007
Early Churners,,0.07996844531848195,0.3868509896645957,0.6348919523547489,203,-385.0594000000003
High-Value Core,89.0,0.15323879971658871,0.1635554806880022,0.07791715642797735,0,21.128600000000006
Early Churners,118.0,0.16132752994477287,0.18584023254106774,0.3745976329026342,211,-1460.837
Early Churners,,0.025125756875107194,0.2932133151884605,0.5467839456721617,202,-878.778
High-Value Core,179.0,0.1631761633837663,0.11542080363585756,0.053920183949652235,0,2756.598
Casual Regulars,,0.06722966040174432,0.21146986289904848,0.08244406776557554,0,-1704.3357999999998
Bonus Opportunists,0.0,0.3901481504017839,0.4027446239311884,0.6154868957776581,106,6907.021400000003
Early Churners,,0.5764991106804533,0.2904764391482191,0.5982560979113396,205,12.603200000000129
Casual Regulars,,0.24223244998750884,0.2735879552399503,0.20220035743797682,1,-83.70399999999995
Casual Regulars,,0.17749563377657207,0.20502370235327558,0.07015470724602121,7,-1735.981
High-Value Core,181.0,0.17821490977898477,0.11811272725378846,0.0,0,-3837.2924000000003
High-Value Core,216.0,0.16712770399516425,0.1616872078924879,0.03401392128048462,0,2206.183200000001
Early Churners,,0.14215645193865653,0.31235488538754796,0.5187623036752006,203,400.1794000000002
Bonus Opportunists,24.0,0.295764047586051,0.4611527199209864,0.7778218026755606,138,-9991.7752
High-Value Core,116.0,0.11932509703459532,0.14036264736565132,0.10166137471082629,13,240.82660000000033
High-Value Core,256.0,0.4373867583520122,0.1677463075681726,0.07602433417236729,1,1555.1332000000002
Casual Regulars,,0.20462799380236826,0.15497065890076722,0.077725874155274,2,121.89540000000011
High-Value Core,132.0,0.1680834457131795,0.16142571160177685,0.12431025772242948,1,-3446.6890000000003
Casual Regulars,,0.12843186978918786,0.33149401678331053,0.0,1,295.92560000000003
High-Value Core,169.0,0.5322160099054327,0.2095902566016916,0.08206477892725351,0,187.07060000000047
High-Value Core,151.0,0.10552711559582273,0.2413889566421156,0.15068507473673362,1,-1749.9022000000004
High-Value Core,114.0,0.17487196129519755,0.1418892045961122,0.04893446140286877,1,624.240600000001
Bonus Opportunists,5.0,0.36828214632357203,0.42756944982640593,0.7483485275247103,295,-8677.2316
Early Churners,,0.5707795935687006,0.23144943705187584,0.48093159523750084,219,297.41120000000024
High-Value Core,129.0,0.5008414339924591,0.1865274264123928,0.10359836572384612,7,-1975.8499999999995
Casual Regulars,,0.6271466578262305,0.18174737040532518,0.0,2,-364.57159999999993
High-Value Core,132.0,0.16877425980464186,0.15139456189565662,0.06531807165661022,3,241.26280000000042
High-Value Core,,0.17963544315843158,0.15157736767463084,0.07894210864563876,4,-212.46559999999954
Casual Regulars,,0.20618218872645455,0.16203533079314378,0.042494425779634165,4,-2104.415
Casual Regulars,,0.10686530308472951,0.1326835478794427,0.05430697088255083,3,-833.3686
High-Value Core,275.0,0.4918555421552582,0.19185222105104674,0.10508865947485825,2,-8583.3218
Casual Regulars,,0.10784489136075992,0.34860339207198027,0.07880960628982053,2,-69.54639999999995
High-Value Core,77.0,0.31996231460681324,0.11398266825143583,0.00584191598516591,0,20563.2654
Minimal Engagers,,0.045387512532008775,0.26704741832580986,0.06080994943127897,57,-818.7762
Casual Regulars,,0.1772424373276279,0.24570448710054582,0.05999622435982284,11,-1678.3019999999997
High-Value Core,254.0,0.11902726797564485,0.17939109725857583,0.11372732211632407,1,1617.3934000000004
Borderline Opportunists,,0.09082750540911864,0.3337270241410698,0.8824505238333,284,-316.14379999999994
High-Value Core,,0.3738738366811404,0.10938697646612287,0.09335689653881256,4,-116.86519999999973
Minimal Engagers,,1.0,0.5261541454034139,0.0,129,-1757.8322
High-Value Core,157.0,0.26444535437369243,0.1253867318082521,0.029180348161112903,1,3623.527400000001
Early Churners,,0.07303011786614381,0.44375302224954716,0.5437607342647429,205,472.2672
Casual Regulars,,0.31516833833919267,0.15047699304385273,0.03213171275213924,4,84.26479999999992
Casual Regulars,248.0,0.1471336559837061,0.15808648960258148,0.19214226717288058,11,-4658.5172
Bonus Opportunists,6.0,0.9928939634495894,0.7939659216114314,0.8661139684169334,126,-7367.852800000001
High-Value Core,89.0,0.12580972334414298,0.21134287444930405,0.12215648514330112,1,3226.523
High-Value Core,89.0,0.1612827078153185,0.15860879851322,0.09779756194867324,6,3504.9525999999996
Bonus Opportunists,0.0,0.3281512496446201,0.45292037611841734,0.849674342870435,226,6104.878400000001
Casual Regulars,,0.10858929786837744,0.27868423438392503,0.03830963068137557,12,360.0866000000001
High-Value Core,299.0,0.19256359183196378,0.15959401706499715,0.06878314777032855,3,1807.6494000000012
High-Value Core,96.0,0.17530912128658602,0.1147319806601321,0.024047851619354868,0,12970.538199999999
Bonus Opportunists,,1.0,0.8412317083667148,0.9551021555237049,318,-1239.259
High-Value Core,280.0,0.13955424519815643,0.12757130818748547,0.09787361252956395,0,1301.5796000000005
High-Value Core,149.0,0.48304589871447057,0.1676828127817801,0.09980949133238498,2,-346.39720000000034
Early Churners,,0.4979003947192102,0.19944688337839722,0.5147850045882091,213,-923.9029999999998
High-Value Core,,0.41286728363292113,0.1226876410291586,0.07494562296529049,0,-17.751800000000458
Casual Regulars,,0.5680940977129588,0.24886229978348307,0.17000017395661893,0,-44.66420000000005
Early Churners,,0.39632048421096844,0.17567256428686567,0.7496737514119595,201,-114.32740000000007
High-Value Core,136.0,0.1617589171937112,0.13699582315162617,0.06690652360612638,4,1073.5474000000004
Bonus Opportunists,6.0,0.3870092763449948,0.3913192972235784,0.892333543271201,309,-7436.169199999999
Early Churners,,0.12317390578543476,0.3005630515954457,0.4865238808561048,204,-1157.5224
High-Value Core,75.0,0.16635986793702573,0.11682376529420857,0.011215302368458939,0,20438.3744
Casual Regulars,,0.22514789489144457,0.2724547369340334,0.027210163461237113,2,253.03480000000013
High-Value Core,88.0,0.1680226976020437,0.12096462703623104,0.01035984185183368,0,18002.916200000003
Casual Regulars,,0.04925278888655021,0.12684009571457003,0.13182834260075826,5,-274.8026
High-Value Core,277.0,0.15322310936640016,0.13850911866893256,0.09162632289874317,5,-10110.0872
High-Value Core,57.0,0.14952873074802003,0.10385221876252476,0.012300871124393611,0,18227.5564
Casual Regulars,268.0,0.0963859987444478,0.2135571012611482,0.05110995842184927,5,-1418.0855999999999
Casual Regulars,,0.23228443305883872,0.24118386533702132,0.13184194150968204,2,-1139.8292000000001
Bonus Opportunists,18.0,0.3219508974265749,0.3807654773003436,0.9097768449772644,288,-10222.8724
High-Value Core,109.0,0.3839985867431505,0.12127041726679016,0.001990275184811516,0,6882.130800000001
Bonus Opportunists,0.0,0.3969919018217687,0.3998508152855438,0.8586631848314907,183,-2388.870999999999
Bonus Opportunists,5.0,0.9451374478155786,0.6185390411838556,0.7377955783945105,228,-2749.8324000000002
High-Value Core,134.0,0.3934519556743781,0.13669678153939244,0.0034527370920307767,0,6173.227999999999
Casual Regulars,,0.5470736870635885,0.1864829787529396,0.06319187839006066,0,131.9928000000001
High-Value Core,,0.48746871755226456,0.1594873312616705,0.06976555885877661,0,378.76240000000007
High-Value Core,341.0,0.20255245891549134,0.1831461115657912,0.09781450602111219,2,1026.6297999999997
Early Churners,,0.6826818438097112,0.3636416854685324,0.5518009461118014,207,266.05420000000026
Borderline Opportunists,,0.05425036054486354,0.5491081834984493,0.07916887062429642,37,-1578.807
Casual Regulars,,0.07131645030068848,0.22456942167118438,0.05259191307060543,3,-52.48599999999999
Early Churners,,0.629530554850118,0.3000751333450343,0.562529724571543,203,-30.51299999999992
Early Churners,,0.13089332893330655,0.2991642338725732,0.46070836410049176,219,-1903.6406
High-Value Core,108.0,0.16165942273968803,0.10527192855263394,0.0028005337886427223,0,22868.940000000006
Casual Regulars,,0.22510668591777916,0.3269378266133329,0.04277606808039021,12,-1700.4964
High-Value Core,87.0,0.21053503534705348,0.10537147359479059,0.007318335895942344,0,9228.021400000001
Bonus Opportunists,8.0,0.06570421796198789,0.8587088442714013,0.8702278752201399,299,-8915.0638
Casual Regulars,,0.07871818056787024,0.27795787796276994,0.03896960492548276,0,-758.2669999999999
Casual Regulars,,0.48100868905821964,0.2598188611192975,0.10963747822344652,11,-254.7964
Minimal Engagers,,0.1491052975216698,0.4491614015030658,0.12210382963739057,5,-1900.1126
High-Value Core,161.0,0.5276087841531261,0.20821985663215267,0.08125678984931241,1,2453.271000000001
Early Churners,137.0,0.09191667584833664,0.17079329924818135,0.5280156995456913,207,-1488.2561999999996
Casual Regulars,,0.4642532093711993,0.17861798213617414,0.08920011801082488,0,-1385.8374
High-Value Core,130.0,0.4960450166603731,0.1875152639816923,0.06132294124153275,0,-1942.8901999999998
Casual Regulars,,0.3438086339525565,0.27481612734079763,0.06129037152806755,22,185.39639999999997
Early Churners,,0.5504882075089162,0.27219654326351383,0.6074583653969186,202,731.7288000000001
High-Value Core,114.0,0.19246720961042468,0.1104378109312995,0.004121515734565018,0,8975.7062
High-Value Core,80.0,0.1970430568710029,0.10999964516605341,0.0054942115506924115,0,21197.276800000003
High-Value Core,100.0,0.17076129229607853,0.10368256847654285,0.0,0,10698.0762
Early Churners,,0.17660331005472663,0.1797861461182127,0.5312348660273685,205,-1511.3896
Bonus Opportunists,5.0,0.9423839024901149,0.5028993252659074,0.8210450331297883,191,-8456.9182
Casual Regulars,,0.48398169726324597,0.19585572136210894,0.009126148607153007,18,-513.1588
Early Churners,,0.09425318341513471,0.12795654995465114,0.5897101079744129,204,-1101.1121999999998
Casual Regulars,,0.5912051731855524,0.2682045219285801,0.0576160215944132,2,-196.96339999999987
High-Value Core,104.0,0.11489770905203611,0.17477210799405227,0.06609186389888602,2,-2813.8645999999994
Bonus Opportunists,10.0,0.9781245852972836,0.8235485598478188,0.8722525538459405,180,-9065.915200000001
High-Value Core,106.0,0.22581676005290036,0.12457927838175081,0.09204229395456986,1,1363.4173999999994
Borderline Opportunists,8.0,0.9923455030668846,0.694152921793321,0.44301239328778413,136,-2163.5949999999993
Casual Regulars,230.0,0.09574538767346234,0.26348799629655323,0.06780953415400863,3,-769.1489999999999
Bonus Opportunists,13.0,0.36058583648433107,0.3448581845664215,0.6996129193174799,310,-7492.4226
Early Churners,,0.1177522121708931,0.19201642704625854,0.3811686203370216,217,-1579.3058
Borderline Opportunists,,0.11345384337739278,0.41296511505615113,0.5233430517179862,213,171.3216000000001
High-Value Core,171.0,0.1805351277540627,0.14501614577147523,0.046807317103175095,3,-3761.33
Casual Regulars,,0.593138627815514,0.3153823861202932,0.17998191987092865,3,-110.8442
Casual Regulars,,0.14148532453546217,0.27220562352585703,0.021004157715896383,24,-178.80720000000008
High-Value Core,101.0,0.15561085605896957,0.14687154596078789,0.08135965557554664,4,286.7940000000003
Casual Regulars,,0.49665148023137634,0.2599671625566131,0.0,0,26.82980000000009
High-Value Core,285.0,0.2012458743491741,0.14314693261862832,0.08370879252324523,4,-10488.100799999998
Minimal Engagers,,0.5300208757377931,0.343452411235848,0.1680289438963065,103,-331.28740000000005
High-Value Core,124.0,0.2083271021908587,0.10796739983069142,0.006985604279975663,0,9966.120999999996
Bonus Opportunists,0.0,0.32811732229003754,0.4969246427372569,0.7926296273683427,309,-3367.0985999999994
Minimal Engagers,,0.0,0.500021704401381,0.0,52,-683.3954
High-Value Core,234.0,0.16909057375181769,0.15852417917716127,0.09089404266284752,1,2636.4906
High-Value Core,124.0,0.3780178328091063,0.10990406438834595,0.0,0,16060.231
Early Churners,,0.15330037329033872,0.24382864329267012,0.4953359847940326,209,177.18280000000004
High-Value Core,207.0,0.13658500195349627,0.1610216954105574,0.09781272576251564,1,-7529.1957999999995
Bonus Opportunists,13.0,0.6652673846700778,0.30102614544657214,0.6341062147825992,309,-3136.3371999999995
High-Value Core,116.0,0.18552296097882545,0.15349901002138278,0.07997767057923628,0,2964.2344000000003
Bonus Opportunists,18.0,0.383538120423514,0.3012997195951719,0.8049939676426293,236,-8543.661199999999
High-Value Core,123.0,0.11666076353906762,0.1262863926001742,0.009948014133476651,0,18229.283400000004
Bonus Opportunists,1.0,0.4468008320615501,0.40697996044030715,0.7440855583340921,209,-3680.4231999999975
Casual Regulars,,0.45062962604859524,0.17942466191822556,0.07992736860182036,14,-145.63920000000007
Casual Regulars,340.0,0.19311341857968753,0.18071898996228594,0.14868184197228793,0,603.1266
Casual Regulars,,0.06928545046071856,0.2111140691468671,0.057931746122686825,0,-1143.7208
Casual Regulars,,0.15657733766028428,0.16509626490678697,0.002203167739181305,4,309.5616
Minimal Engagers,,0.3997916532866858,0.18580446050080857,0.0,5,-316.2678
Early Churners,,0.47252080916350897,0.26904725314694683,0.4085156572222449,221,-2185.399
Early Churners,,0.13657536294830078,0.41863960496336505,0.5059175347284027,204,-1519.106
Early Churners,150.0,0.14915460982457823,0.2337783269056554,0.47185333170825644,213,-1582.0251999999998
High-Value Core,265.0,0.1227929752035433,0.19017345605280664,0.10251104034482633,2,1647.7183999999997
Early Churners,,0.15009280193900132,0.16389810370776123,0.5007216748803344,208,-2034.9256
Early Churners,,0.5655109579719669,0.31933569506538784,0.5337207099466017,211,152.72140000000002
Early Churners,,0.06550521524939257,0.2626560751839143,0.6691334933044872,201,-844.4944
High-Value Core,294.0,0.31693012840560286,0.10572403073957609,0.10751759069833007,0,1449.030800000001
Early Churners,111.0,0.6033636473528619,0.3445024589367355,0.39136044898413347,201,-1417.9484
High-Value Core,104.0,0.17727430584995557,0.16936913923973881,0.0007974837879857915,0,9957.342800000002
High-Value Core,224.0,0.1570491597673924,0.14786822247828657,0.06988005706066475,3,-769.7444000000005
Borderline Opportunists,,0.0772240718847496,0.27134140609884744,0.025716538003169656,7,-237.99380000000002
Early Churners,,0.27927850285152583,0.21472764531745236,0.5813286557671692,226,49.563600000000065
High-Value Core,258.0,0.15368322902069118,0.18192255797353474,0.08047724988249448,0,-9787.0162
Bonus Opportunists,2.0,0.16225036983636457,0.662494885990091,0.8870981402013838,222,4992.350400000001
Minimal Engagers,,0.5578799082052541,0.25768879780328474,0.00988003627075434,12,-1431.4386
High-Value Core,94.0,0.14518532239896337,0.12333025164528671,0.0012993517531069364,0,5136.73
High-Value Core,134.0,0.4005145665181397,0.11998446078682926,0.004852500854513124,0,11732.896
Casual Regulars,,0.38222700389301106,0.2674340262185181,0.10807633087778731,14,-1525.201
High-Value Core,,0.15411941302333032,0.1538349173820916,0.08629666780085651,3,720.4317999999998
High-Value Core,,0.15518444123686825,0.16638894477472949,0.07420706885484671,4,-460.0663999999997
Early Churners,,0.5065176085528975,0.2609589282511147,0.5651462877092807,203,214.81740000000002
Bonus Opportunists,11.0,0.9301059109298385,0.6191006655733516,0.9328689798551036,308,-428.5514000000003
High-Value Core,315.0,0.4415186408019386,0.1439092033511477,0.06793780982216835,4,-8848.871599999999
Casual Regulars,,0.10708127750624892,0.17170675204411,0.08485625116448152,3,-760.9634000000001
High-Value Core,71.0,0.1250482803001803,0.15031256198367426,0.09043964522624127,1,3603.6406000000006
Casual Regulars,269.0,0.09419086028393893,0.3370509377648916,0.04014607494464669,2,-1399.5238000000002
Casual Regulars,,0.2574799030495233,0.17104817636376352,0.05812865306536193,16,-437.06359999999995
Casual Regulars,,0.7511238601603669,0.5255130200313929,0.07198602422947159,11,-1233.6484
Early Churners,,0.23852795591530224,0.17001282209899246,0.5154776720566223,212,-1399.2142
High-Value Core,94.0,0.15281646007476782,0.12188312504036937,0.0029329115254278925,1,11709.679199999999
High-Value Core,174.0,0.22593815553630267,0.13474319817856154,0.07077760908188992,0,-3273.1025999999993
High-Value Core,247.0,0.12209833932565509,0.1304429183948887,0.08233824329498055,1,-8326.11
High-Value Core,77.0,0.23836080395566822,0.11875022921246864,0.017566865758098058,0,18937.393399999997
Borderline Opportunists,,0.2559928094146814,0.15976618474393572,0.018968481117976575,5,-843.7564
High-Value Core,68.0,0.13368104061459293,0.10568482691753929,0.017961862323561784,0,16956.3286
High-Value Core,160.0,0.17975158402217437,0.18297462504152048,0.10778078910144225,0,-1252.8561999999997
Early Churners,,0.05834515545241051,0.2529381058790797,0.42523585819360477,206,167.30079999999998
Casual Regulars,,0.5972641815414724,0.3495934753808965,0.1052490346045413,16,-1478.5339999999999
Casual Regulars,,0.2144669403157913,0.22249228446258118,0.12689616729844985,21,-1741.4566
High-Value Core,119.0,0.16463930156058273,0.12567870598389208,0.010545072566369747,1,11374.3874
Bonus Opportunists,,0.5384730268473196,0.31296613054582256,0.9733208945691589,317,-273.3746000000001
High-Value Core,265.0,0.2325249106415453,0.11493891109657076,0.08431588315512703,0,-915.2134000000001
Casual Regulars,,0.2181184544264441,0.261914660336374,0.04768552610047455,72,-287.1168
Bonus Opportunists,,0.3957418876711869,0.3359425779380327,0.9308492645951199,120,417.2548000000006
High-Value Core,104.0,0.16628312613064664,0.10777575179784567,0.00746034666373245,0,23039.532399999996
Casual Regulars,,0.07701367662074803,0.19363628583746484,0.07938961351023369,4,-736.2698
High-Value Core,165.0,0.12215614610554126,0.1291360421109558,0.058120955189076146,0,-9018.2992
High-Value Core,97.0,0.24237694155090383,0.13656370256558778,0.06514259269346659,4,1498.3885999999993
High-Value Core,266.0,0.17911184635323366,0.18809371106939277,0.0882868910052854,1,-2183.9856
Bonus Opportunists,,0.9399451240407167,0.512695147877025,0.6421207619804797,308,323.65520000000015
Casual Regulars,,0.2029963506617352,0.1786259136583763,0.128489725917694,1,-1794.173
Casual Regulars,,0.402135449635122,0.17292835797474493,0.12917732114191807,8,-1369.6644000000001
Bonus Opportunists,,0.33772414676692913,0.4676675761875872,0.742978189953384,225,-63.32499999999982
Bonus Opportunists,16.0,0.9809732487087677,0.49501721579336005,0.883123283384862,115,-1991.4058000000005
Casual Regulars,,0.6199836247671682,0.317547689794988,0.07787368345039537,7,-2223.3336
Minimal Engagers,,0.0,0.33801939985093676,0.08513090996808431,9,-1013.7728
Casual Regulars,319.0,0.3137728458858104,0.1331256385150586,0.07968315567885285,0,-1257.0899999999997
High-Value Core,123.0,0.18013961937861253,0.14838884351403478,0.07808613005362926,0,3410.6345999999994
Bonus Opportunists,36.0,0.17756447737712672,0.682553714064252,0.9622112700747334,238,-9357.4146
High-Value Core,312.0,0.19513840617848704,0.21633372447584234,0.05597943904865025,0,-10286.970000000001
Bonus Opportunists,1.0,0.3316135009670099,0.47385408416596897,0.6518448489576687,286,-4283.531
Early Churners,,0.34515496244171195,0.2894834680325675,0.7220436419578156,223,-328.289
Casual Regulars,,0.15229854590562386,0.2261110596734963,0.037212965309323096,13,-302.0738
Minimal Engagers,,0.04371307331533105,0.33325900302989603,0.5729919279753808,300,-631.0458
Bonus Opportunists,57.0,0.28134288822747955,0.5176089233855122,0.8205840924409923,212,-10933.7088
Early Churners,150.0,0.5910215637903572,0.23911032842786523,0.6097767444830096,214,-1591.5790000000002
Bonus Opportunists,7.0,0.2750510888154312,0.554029967649834,0.9095473166689724,133,-4025.7472
Minimal Engagers,,0.0,0.46022238871957405,0.0,30,-1641.5192
Bonus Opportunists,0.0,0.9830418551786569,0.5957253150050147,0.8986416888227917,226,3579.4904000000006
Casual Regulars,,0.1027729626792112,0.15381799107927133,0.10134336799215236,1,-2262.9814
High-Value Core,121.0,0.06702937050037344,0.18287448985116925,0.06757104118836653,2,2024.0428000000002
High-Value Core,71.0,0.161020188290829,0.16907226034883396,0.1049482662086959,7,-1007.6224000000002
Casual Regulars,,0.019941600695129427,0.27412952514578215,0.0,5,-1935.951
High-Value Core,159.0,0.12941183531206943,0.19846002728068787,0.077000393070813,0,-1167.5395999999996
Early Churners,,0.6294551691793747,0.35243210997457725,0.5766193635436638,217,-67.14359999999988
Bonus Opportunists,0.0,0.23750349936774265,0.6063824510435735,0.668549951069137,186,3720.4093999999996
Bonus Opportunists,1.0,0.9333816675639127,0.8241056759193984,0.8007236383253966,166,-1080.3411999999998
Minimal Engagers,,0.3406714162744272,0.40307765145321717,0.3406714162744272,235,-1167.2394
High-Value Core,312.0,0.21667821044228222,0.13085691067236938,0.1303177640057986,2,1593.3132000000005
Bonus Opportunists,5.0,0.36122780175314306,0.4250913669928491,0.8477939823893665,151,-6786.047399999999
High-Value Core,76.0,0.20598349301440622,0.10502205066193084,0.09191566068593515,0,-1014.4135999999999
High-Value Core,363.0,0.25831258759138065,0.14486097562290606,0.05448068523124257,1,812.4254000000005
Casual Regulars,,0.2916329904217105,0.2207504020994193,0.058962177814566814,2,-1698.5238
Early Churners,,0.17731140652593907,0.2479707356805067,0.4787252271688066,209,-1079.1706
Early Churners,,0.04454325048837002,0.5174926623178668,0.5957042960699788,205,-1380.437
High-Value Core,124.0,0.15553628530780939,0.12612939529465897,0.03297554644742761,0,2032.0463999999974
High-Value Core,246.0,0.496572306201031,0.1715903591764459,0.047169804376176516,3,-483.07119999999986
Bonus Opportunists,17.0,0.2199112032080086,0.5666907615246501,0.6944422227868259,110,-7356.371
High-Value Core,,0.16181213677713338,0.1289034331292095,0.076990419716418,4,-315.93399999999974
High-Value Core,173.0,0.3839003975077268,0.13340923476164407,0.055047218134613246,7,-3920.3462
High-Value Core,333.0,0.12336594267490689,0.12270180175108743,0.09337809999207669,0,-10969.024
Early Churners,,0.12948289144062225,0.28430565419984183,0.4577841785850685,201,-1342.6586
Early Churners,,0.10646803847071097,0.333836108879311,0.4715259332618486,215,-811.2582000000001
Casual Regulars,,0.0935807639879121,0.24926213169155073,0.17383702922017824,0,-2173.1922
Casual Regulars,,0.07507664103407456,0.28837265882549085,0.06099224638375058,0,76.45359999999994
Bonus Opportunists,0.0,0.31745144070153647,0.5081621761166543,0.9010964877762299,114,4422.352800000001
High-Value Core,153.0,0.17149877909232208,0.1804219482946337,0.11034485962968123,1,3231.0022000000004
Casual Regulars,,0.15012578062601015,0.32417717308524296,0.03006377077738715,19,-463.97199999999987
High-Value Core,92.0,0.13466067403379864,0.11664016817173348,0.010609189093876356,1,8500.53
High-Value Core,82.0,0.4201839981889843,0.14182390493908525,0.0849814085523228,0,1782.2377999999999
High-Value Core,263.0,0.15761345277865677,0.16664108773155453,0.09292612371627516,1,-8546.985799999999
Casual Regulars,,0.1762103844275529,0.1528277862740138,0.026478116010430618,3,229.71159999999986
High-Value Core,75.0,0.13336720511301314,0.18864325512261038,0.1525482101861239,1,2608.5858
High-Value Core,197.0,0.24570999671550284,0.14244393021587926,0.08467088307346429,1,-2040.0951999999997
Casual Regulars,,0.4360417670183193,0.1677251606855562,0.031788374732817676,2,-219.04939999999988
Early Churners,,0.03810377879714475,0.42501566207669467,0.5630216076447889,210,-595.8341999999999
High-Value Core,225.0,0.42780988976536105,0.12885759718844075,0.08839410989501824,4,-2178.4744
High-Value Core,171.0,0.4484341296614192,0.17508050503178457,0.07661719434579266,2,2428.855400000001
Casual Regulars,,0.04022782168457197,0.40448016280343363,0.029649479634015572,9,65.92940000000021
High-Value Core,107.0,0.15283701266885363,0.1512822716583028,0.009393245720281598,0,6324.4454000000005
Bonus Opportunists,32.0,0.4365706681177067,0.43745608695140525,0.7080369060189667,149,-10045.1872
Borderline Opportunists,,0.706511700789471,0.3189057099556974,0.356172488014811,222,-451.6164
Casual Regulars,,0.41282236455042537,0.2096894583279132,0.3134488998686702,38,-741.3610000000001
High-Value Core,258.0,0.2203758886720138,0.12014123076611961,0.09290105631307005,4,-3947.0966
High-Value Core,82.0,0.14914209372318554,0.14370664281749096,0.0160022314734586,0,17357.400800000003
Early Churners,40.0,0.07998137610876825,0.30540096966605773,0.5147965854062132,205,-877.9974
Casual Regulars,,0.13476086810029828,0.13130354565551328,0.18980319539316223,3,-454.83759999999984
High-Value Core,96.0,0.17290867073707653,0.1268102535934288,0.10284917193420258,0,515.3883999999998
Casual Regulars,,0.13930293129616958,0.1646009195862697,0.13662672954604113,2,-566.5655999999999
Bonus Opportunists,5.0,0.377512085128512,0.4388892648173234,0.8112836737033275,229,-7794.0848000000005
Casual Regulars,,0.15318792108763687,0.1729752262407796,0.08208769720270451,3,-51.753600000000006
Early Churners,,0.07936178264422239,0.19813020927319086,0.4758201881212224,212,-804.3016
High-Value Core,132.0,0.18768542369033325,0.160846686664082,0.12207489181539506,2,3810.3460000000005
Minimal Engagers,,0.04230609161841282,0.29608338339653645,0.0,21,-455.87440000000004
Minimal Engagers,,0.0,0.48757749109680276,0.6479438542020408,173,-438.161
High-Value Core,81.0,0.35135906733454786,0.11504826308240045,0.0032962696900850634,0,4814.693400000002
Casual Regulars,,0.1835651472556239,0.17404743957994828,0.06707159107768058,0,-1537.7112000000002
Bonus Opportunists,22.0,0.25014007576607006,0.5281204394201177,0.6765566925225089,136,-9166.2956
Casual Regulars,,0.11740933714675772,0.25969561603820146,0.060246830118311986,4,-245.61480000000006
High-Value Core,77.0,0.17051924662578025,0.10997641239888233,0.027822531319828637,0,16378.227800000004
High-Value Core,119.0,0.41288069919559117,0.1283391943211242,0.0073022600030297775,3,3392.7836000000007
High-Value Core,133.0,0.2072093145630894,0.149623644910157,0.08761629221161962,0,-3178.4089999999997
High-Value Core,93.0,0.31694488668787235,0.10421652445279318,0.0027150272348433822,0,16642.988600000004
High-Value Core,194.0,0.40323820860038145,0.16419025149970506,0.0717432282672923,2,-1313.1085999999991
High-Value Core,49.0,0.11165149161555074,0.13188536189439679,0.006473317385051214,0,19900.8676
High-Value Core,85.0,0.16574364227274604,0.17792222689600767,0.04785523365303372,0,1625.2792
Early Churners,,0.42153535307672224,0.1349740073880564,0.7095534049489708,229,-2265.2314
Casual Regulars,,0.09519151953354314,0.18790931255908744,0.04907164218132229,1,-954.0654000000001
Casual Regulars,,0.10856584012915511,0.32979454497646404,0.0,14,-1413.488
Casual Regulars,,0.7751894816213398,0.5511605638193259,0.033157979426532855,9,-235.82219999999995
Casual Regulars,,0.15207912274621777,0.3647295488890731,0.3086773108264354,9,-56.59840000000008
Bonus Opportunists,1.0,0.36621502250089105,0.4498566409254562,0.8631665768517586,220,-2100.8289999999997
High-Value Core,72.0,0.20098958301100334,0.14354839825888588,0.18782934229361192,2,4150.5666
Minimal Engagers,,0.795375634902585,0.37180924055649267,0.0,2,-2560.427
Minimal Engagers,,0.08457960054195236,0.39645122999367505,0.45235077849843475,228,-367.0644
Early Churners,126.0,0.03687612025867503,0.3848544524890042,0.48541909870108074,209,-4908.5572
High-Value Core,104.0,0.3753865280577315,0.12632004312747494,0.022832211527466086,0,9069.4706
Minimal Engagers,,0.0,0.5069907576618231,0.0,0,-527.585
Casual Regulars,,0.050629648039998414,0.3899704396763902,0.06218293025815127,21,-1703.5004
Early Churners,,0.45658185519589906,0.2084069103985694,0.5962679830186811,202,416.22259999999994
Borderline Opportunists,,0.4315978395786507,0.2688457361887394,0.22401791405280286,51,-2528.4584
Bonus Opportunists,4.0,0.4085517633766646,0.3875667292402619,0.6694820858234332,289,-7132.3611999999985
High-Value Core,64.0,0.15257081967546252,0.1497553132042441,0.012562713504206272,0,20774.8204
Bonus Opportunists,8.0,0.9553923450912548,0.6969768462438427,0.9222762256961902,216,-8524.2746
High-Value Core,269.0,0.19855650773301312,0.1293992606134685,0.038353623141484126,4,-926.7075999999997
High-Value Core,88.0,0.42628678680710197,0.13787427934143665,0.06937901943614387,2,1120.6717999999992
Bonus Opportunists,1.0,0.3051944700956982,0.5002664839292637,0.6966217129070829,196,1020.4997999999996
Minimal Engagers,,0.0,0.5118528871837619,0.8315899533480408,255,-969.5446
Early Churners,118.0,0.1739371350081861,0.22727197411875563,0.45634458185970833,208,-4908.9094000000005
High-Value Core,310.0,0.22799915931692255,0.15996414370136205,0.05546227098117587,0,874.0160000000005
High-Value Core,281.0,0.19466448189271107,0.154663120938862,0.10358837503859654,1,1431.2703999999999
Casual Regulars,,0.27434560335252733,0.17394989027279611,0.060258450243798674,8,-1292.204
Casual Regulars,345.0,0.42410004551853797,0.10418288910571284,0.0599597692121814,4,394.7756000000004
Minimal Engagers,,0.11466085519455317,0.41670441050295753,0.19278705143469616,31,-2048.4836
Casual Regulars,,0.5214963715813176,0.2537200137221917,0.0366724899619508,4,-2067.4264
Casual Regulars,353.0,0.41634252241485703,0.14368389003009713,0.040740530541354826,7,1019.7075999999997
Bonus Opportunists,1.0,0.2403758921510021,0.5473935115551548,0.927285077193036,138,3743.384
Casual Regulars,,0.06489277518128672,0.18775655736116337,0.06763686900666664,0,-113.13959999999986
High-Value Core,214.0,0.16164103374384428,0.1649006554175367,0.08099769262018978,1,-3340.5930000000003
High-Value Core,253.0,0.18258292838019524,0.11565403926854667,0.08310416622671274,5,1345.6688000000004
High-Value Core,178.0,0.14351308774111507,0.1200226049105689,0.02209879731300905,0,10504.323999999999
Early Churners,,0.07261969808811265,0.223172509757659,0.3879581888728611,210,-49.187599999999975
High-Value Core,237.0,0.13994127510630414,0.1734409952690541,0.10887797988081639,3,-962.1756
High-Value Core,162.0,0.18705353897084015,0.16666383220863282,0.05716381417784025,1,-1433.7942000000003
Casual Regulars,,0.206120151970045,0.20244045472605968,0.19534934688939581,2,-975.3376000000001
Bonus Opportunists,26.0,0.4198768366808987,0.39153160629903255,0.8461404989689438,182,-10240.6826
High-Value Core,215.0,0.17304129641430946,0.17325550552083915,0.08636948265299531,0,-8724.3228
High-Value Core,75.0,0.4331567968847847,0.14738995199891722,0.011622747244408612,0,19344.994199999994
Early Churners,,0.10256637814121997,0.35325215239120755,0.42518585111164897,217,-1679.422
Casual Regulars,,0.4345242558551311,0.22744380772825365,0.13769750795930136,1,-687.5834000000002
Bonus Opportunists,0.0,0.2958795385483322,0.5248472756358342,0.8214393686239706,145,2856.6910000000007
Early Churners,,0.07881234635946018,0.24687649831056482,0.5923845325833751,208,-1035.7974
High-Value Core,127.0,0.16004876558452225,0.16931450686248217,0.002350239083175456,0,7245.235199999999
Casual Regulars,,0.12493625230117163,0.1432655626201102,0.04376488809464334,9,-1680.3734
Bonus Opportunists,5.0,0.4521478263059653,0.3642182223624075,0.7496859256804081,283,-6807.0046
High-Value Core,122.0,0.16460064241019243,0.12781637907828766,0.012512511712968027,0,10940.068000000007
Bonus Opportunists,47.0,0.5384520967187897,0.3211564778190324,0.9229265329313204,112,-10968.0108
Casual Regulars,,0.19598291051163813,0.15481141347607874,0.059562777139395534,0,158.68860000000006
Early Churners,,0.17850157876179562,0.45569162571374044,0.5262261453767569,244,-212.27899999999988
High-Value Core,339.0,0.16723444081962113,0.1855446556510169,0.08063242539917433,0,1205.8560000000002
High-Value Core,170.0,0.17693109443766364,0.09614485690181533,0.019508071996970338,3,8600.1154
Bonus Opportunists,5.0,0.46678138832611255,0.40403574881512877,0.8480112450126018,244,-2629.8038
High-Value Core,144.0,0.165752809682413,0.14542095410776676,0.0368390368176535,0,5585.510600000001
High-Value Core,172.0,0.3632504220651778,0.12035013109412093,0.058751183376189106,0,1361.7361999999994
High-Value Core,291.0,0.15958084544130804,0.16040128474953091,0.05068710389129762,5,-10607.8358
Casual Regulars,,0.16149441945849582,0.24651869215079691,0.0,7,-1414.9836
Early Churners,,0.14192561828329972,0.35813537448163946,0.689149916575041,206,-513.8744
High-Value Core,282.0,0.17656322642752292,0.1381894875359171,0.0679474021433802,1,-10197.966199999999
High-Value Core,162.0,0.4827138580534959,0.18552230886392887,0.08860953269776764,0,456.83680000000004
Early Churners,,0.17596500624617328,0.21570505581683494,0.5969223504439131,208,-1546.2348000000002
High-Value Core,175.0,0.17597609191396651,0.10763393281606135,0.00549878576180261,0,-550.8619999999992
Casual Regulars,,0.21396807006184937,0.1868394525993855,0.07503137903028859,2,-523.927
Casual Regulars,255.0,0.21877761375609184,0.16843172886031635,0.09223364086781331,1,-4312.5802
Casual Regulars,,0.20327490022572542,0.15378360455039233,0.07385634557542867,3,201.3832
Casual Regulars,,0.09362248743132079,0.26482310931818265,0.04995813775014528,18,-650.1913999999999
High-Value Core,114.0,0.19789944666360995,0.10803569373288668,0.011972898767342284,0,16284.2254
High-Value Core,318.0,0.1726747769107619,0.17100702843481663,0.03932107460782041,3,1288.3126000000002
Casual Regulars,,0.1694757991245901,0.23836589541700662,0.22243254363162362,13,-1775.1476
Casual Regulars,,0.2362535899556074,0.2502794200965256,0.05443299965744654,9,-69.70219999999995
Early Churners,,0.5494657994306598,0.26232596318929086,0.6388925688643107,211,488.1117999999999
Casual Regulars,,0.2663082419533879,0.20453066203974582,0.057454895782930504,2,146.4584000000001
High-Value Core,102.0,0.19106921199316004,0.12013359263808848,0.03697582429935777,0,15239.373399999999
Minimal Engagers,,0.22014501102932815,0.2534594649771029,0.27948734469872116,20,-2094.4632
Early Churners,,0.1272395818028374,0.3768559920155743,0.5208509497702574,212,-1071.7502
High-Value Core,,0.19311809404331667,0.16432958124483138,0.0802080382118788,0,380.5994000000005
High-Value Core,93.0,0.203588746780261,0.14654375565156433,0.008093582477543312,0,19432.495
Early Churners,,0.5152956135179999,0.25547847896397385,0.5667526823739059,227,-546.3529999999998
Minimal Engagers,,0.12925863426165538,0.6831820632644786,0.8739030690235406,221,-2184.591
Casual Regulars,289.0,0.21395373855709482,0.11837456428078702,0.03835943918009972,0,409.97140000000013
High-Value Core,127.0,0.4010849778710757,0.13028281472180736,0.01106280599424449,0,10791.511400000001
Casual Regulars,249.0,0.22822901244707397,0.19225361023910992,0.059738816066561465,4,-4356.5788
High-Value Core,,0.5176204068070124,0.18327932854609913,0.08056034298969524,0,-221.89940000000024
Early Churners,45.0,0.09928093616252773,0.3518814486593508,0.559710045170717,211,-4403.747799999999
Casual Regulars,,0.4369695587351743,0.1854859090333459,0.11274171654909987,2,119.02400000000011
Borderline Opportunists,,0.2809612217385091,0.46553700700054357,0.7504977064502784,281,712.1777999999999
High-Value Core,151.0,0.08816127510998878,0.21791225026972183,0.05348390517098742,0,850.5494000000003
High-Value Core,144.0,0.16490599458785998,0.11299170568119837,0.06054031849830461,2,-1267.7876
Bonus Opportunists,3.0,0.9839790258477558,0.5326146736835421,0.7521734411712604,176,2053.892600000001
High-Value Core,123.0,0.15790127789123554,0.16482948491656876,0.0,0,16447.5154
High-Value Core,120.0,0.17092728113803335,0.12284969064761098,0.05068713563709814,0,980.3899999999999
Early Churners,,0.568868962046691,0.2294824955399715,0.6825219986074307,211,143.16959999999995
Early Churners,95.0,0.07661106445894576,0.24566440683191543,0.38824936019346273,206,-2840.4056
Early Churners,,0.560177793936662,0.24550537935497202,0.5176555188253982,205,-11.097600000000057
High-Value Core,69.0,0.19387442382760986,0.11109166388412009,0.02071478723580028,0,21160.9052
High-Value Core,277.0,0.17081145880963236,0.13374480635587485,0.04045136955551309,0,-9585.643199999999
Casual Regulars,,0.22174404859638908,0.20430122269920387,0.019873455991634013,12,-369.90139999999997
High-Value Core,324.0,0.43895358651334254,0.1731672686885607,0.043173957790565105,2,1295.199599999999
High-Value Core,192.0,0.1766566288292318,0.20254280159500246,0.06016987329056566,2,-256.9358000000002
Casual Regulars,,0.08202735485124808,0.20250891176376604,0.08550545134593567,1,-1273.1026000000002
Early Churners,78.0,0.059433081035408016,0.48795857767969303,0.45382273398601747,208,-1236.9694000000002
Casual Regulars,,0.06743289144690286,0.25530604163215975,0.11095123523769088,7,-691.2719999999999
Casual Regulars,,0.040798635132969635,0.22951879376288634,0.06983552477039304,17,-2289.2298
High-Value Core,74.0,0.13237710707026518,0.11257372137685087,0.015052088207113144,0,18296.756599999997
Early Churners,,0.08064280857611385,0.3587080994729446,0.3927315247234973,213,-2089.9508
Bonus Opportunists,5.0,0.9166401228823517,0.6431033739536914,0.768752450296931,141,-1461.2886000000008
Casual Regulars,,0.12508801250669518,0.1784195214830749,0.12183716023259472,1,-862.1787999999999
Casual Regulars,,0.16234072856961876,0.33115254016155116,0.06583091155020991,4,-1174.8408
High-Value Core,339.0,0.39507049162224755,0.15665978527136337,0.12354712162008281,3,1002.3146000000002
Casual Regulars,,0.41216298957079,0.18067362478661048,0.1546134505805506,1,-1776.8503999999998
High-Value Core,129.0,0.41584591857356173,0.15111154462684623,0.09427860224102717,2,2864.7862
Early Churners,133.0,0.20847969001848124,0.18889115021720373,0.6325862207247103,212,-1572.3575999999998
Early Churners,,0.1495211573291811,0.202054124176832,0.37754541222755733,223,184.8595999999999
High-Value Core,111.0,0.36471955652647325,0.11877801036690287,0.014886009464005949,0,8218.2496
High-Value Core,94.0,0.12268934364457522,0.13156928300309417,0.01105283606251522,1,6638.581600000001
Casual Regulars,,0.10233214508906285,0.25102806841957653,0.0477291468677314,1,-1367.3168
High-Value Core,191.0,0.23117589171468092,0.12835234132759127,0.09704599954092487,3,-2331.0904
High-Value Core,143.0,0.17190946963179946,0.21575534400831625,0.06669659150899142,1,-1879.8519999999999
High-Value Core,119.0,0.11168479354514796,0.12825369433270667,0.08580185721342441,4,2358.1048
High-Value Core,139.0,0.4640135558842837,0.15086705822061036,0.035559563475893306,0,2452.8439999999996
Casual Regulars,,0.16573005538738267,0.2795629715594896,0.019716866708914163,8,-31.603399999999965
High-Value Core,50.0,0.10596985799599327,0.1766273117937358,0.10459877091738655,0,3862.9613999999992
High-Value Core,58.0,0.3194788077477171,0.09345915253499121,0.042286389093951667,0,17730.8308
High-Value Core,,0.1229110799937696,0.16734468572674258,0.1057023780922858,0,486.8104000000003
Casual Regulars,265.0,0.20443068905477554,0.16613079639143036,0.13058215290035965,2,1264.5136
High-Value Core,201.0,0.21873115931316456,0.10027635805327105,0.00840331598673059,1,-1445.9545999999991
High-Value Core,34.0,0.18961349751064113,0.12474422570269991,0.02462927135203997,0,23367.3832
High-Value Core,,0.27422995325001653,0.1504834619312078,0.05326785551184553,8,14.503600000000006
Early Churners,,0.4038879314546447,0.17308372486842694,0.6391736092058261,206,-2234.7878
Bonus Opportunists,2.0,0.33461147905835703,0.3952338353850283,0.7003101705867762,192,-5414.030200000001
Early Churners,87.0,0.06893184437387712,0.18278428639184607,0.5144108662503082,203,-1506.4650000000001
High-Value Core,156.0,0.14584229334871318,0.1533631953827688,0.00593290333862667,2,2228.0782
High-Value Core,95.0,0.42065679534706285,0.11849331066501324,0.006791056848343039,0,13160.4874
Early Churners,,0.7586608631316988,0.48345857287941146,0.678024516091838,240,-266.9616
High-Value Core,71.0,0.36315074404923475,0.1069468537303611,0.03322741415254773,1,14262.466
Early Churners,,0.110471033216203,0.16135708501142199,0.5294124444013064,203,-1474.9286
High-Value Core,225.0,0.1175734476391249,0.16140112070615384,0.07310851716414346,0,-9018.527199999999
Bonus Opportunists,15.0,0.5413035953345688,0.3245086039999612,0.6404490387262486,307,-6887.6496
Early Churners,,0.5369684483681878,0.19483158968978087,0.4839398737709158,203,-248.8173999999999
Casual Regulars,,0.10844177686038556,0.23006986206448402,0.15899563053669083,5,-1381.086
Early Churners,,0.022788510487666773,0.3968996837416122,0.3404032903828431,218,-464.9365999999999
High-Value Core,127.0,0.37445406118704705,0.1127100429999943,0.0,0,9914.534800000005
Casual Regulars,,0.08670044967479755,0.27172965360296375,0.07312400987906996,13,-2091.855
Casual Regulars,,0.14408126921905573,0.13645881134236773,0.029728668452012344,8,-534.6670000000004
High-Value Core,,0.17368561194319027,0.174723320960955,0.07818533343056508,0,381.1934000000001
High-Value Core,254.0,0.4788443428847469,0.18815438943230406,0.03990315371753031,0,-7798.9378
Casual Regulars,,0.06885583920927446,0.29504158925790175,0.07473290580995483,1,-437.93499999999995
High-Value Core,167.0,0.22889502979402562,0.1545328982309978,0.11691271121929922,0,-1386.5033999999996
High-Value Core,143.0,0.4769742088585446,0.15657414650364565,0.09235186718195983,0,3357.8584000000005
Minimal Engagers,,0.48839035228303757,0.3617006048303992,0.878432021516401,192,-1816.8876
High-Value Core,211.0,0.16799331152218852,0.1520694281642805,0.07407221785826147,0,2097.4078000000004
Casual Regulars,,0.19178398338333716,0.364830317509201,0.01375239955846335,8,-1641.043
High-Value Core,125.0,0.17212765826417054,0.11887231874035106,0.0027645692612507573,0,5740.249200000002
High-Value Core,91.0,0.1748225977138427,0.1128849684573463,0.014022611255284112,0,19113.8714
High-Value Core,78.0,0.13820699120661542,0.14158668222286966,0.0016681135672866783,1,6328.295800000002
High-Value Core,104.0,0.17392110317709586,0.13123247574173094,0.06196029009491325,0,9512.112999999998
Casual Regulars,,0.042331094740786765,0.2946135542716164,0.05805861938816585,5,-1353.8268
Casual Regulars,,0.6505083974711602,0.3123543992399312,0.1712281207948981,6,367.8445999999999
High-Value Core,77.0,0.38175576410158985,0.10478134774686217,0.007724830956371163,1,27929.491800000007
Bonus Opportunists,2.0,0.054422939562318036,0.789638973690725,0.835295751267866,226,-3728.4061999999994
High-Value Core,98.0,0.19164069304741221,0.125032565754045,0.09002787386113696,0,1399.8544000000006
Casual Regulars,,0.12046700677225215,0.31694212170496716,0.04874559732165478,9,-1072.1476000000002
High-Value Core,273.0,0.4759145114652378,0.16299551575620894,0.10568197060379546,8,1408.7952000000005
Casual Regulars,,0.11474066734381545,0.21967735193437418,0.06706943344526593,12,143.4824000000001
Early Churners,,0.2181443186447886,0.184923037735319,0.46408829122290995,208,575.3612
High-Value Core,308.0,0.43827067719104856,0.14120522043707273,0.05316151463390282,0,-10766.753200000001
Minimal Engagers,,0.19544295472095588,0.2537177406486716,0.1411839656864953,51,-731.4454000000001
High-Value Core,226.0,0.2066273855913141,0.16423656736601427,0.04124255628919075,1,-1956.9969999999998
Casual Regulars,,0.15247574024083368,0.20451668754000982,0.07666483015935747,1,-766.8448000000001
Bonus Opportunists,0.0,0.29063115177949606,0.4527192786154053,0.6973378173694743,145,-369.77639999999883
Casual Regulars,,0.30310138873956616,0.30664541449476934,0.14340720424376485,7,-2250.2727999999997
High-Value Core,127.0,0.4145284819087219,0.12265086810689058,0.02658936832962226,0,5255.700999999997
Casual Regulars,,0.28986268424029543,0.15381190803355907,0.0768981649318736,3,-274.2796000000001
Casual Regulars,,0.2059627126623318,0.1624017729933108,0.18668380372281418,0,16.264599999999973
Bonus Opportunists,37.0,0.3005278170753109,0.4588474210862364,0.8223183478506327,162,-10716.1794
Early Churners,,0.04903548510343,0.298294240224321,0.6011485290563037,203,839.012
High-Value Core,160.0,0.16038605086090585,0.13207423152193817,0.0968753832911645,1,-1651.8495999999996
High-Value Core,172.0,0.17702681863329559,0.12196737195028134,0.027348182580670906,0,12021.490800000001
Early Churners,,0.04743622703836979,0.38185049900868123,0.6242311240151311,204,480.1317999999999
High-Value Core,87.0,0.21882895637118274,0.10033015341041872,0.0029843000965973634,0,19904.496199999998
Casual Regulars,,0.1983637078766416,0.24036277929802746,0.03710415936998963,1,-1634.3777999999998
Bonus Opportunists,0.0,0.5108346885135319,0.33180634423303457,0.8737283140528506,311,-547.5253999999995
High-Value Core,64.0,0.4074274433550664,0.11743016097241725,0.0440088887539529,1,3296.9880000000003
High-Value Core,74.0,0.3869483798738988,0.12399276484710453,0.0066708506053394035,0,15646.719200000003
Casual Regulars,,0.5138766786172996,0.18580360362485485,0.05416880459897836,3,-1220.8608
High-Value Core,137.0,0.11939645765370639,0.15393420592239224,0.08988643998781919,4,-3612.9802
Early Churners,,0.4204065592390697,0.20855978234697747,0.5353817407651219,215,325.4738000000001
High-Value Core,120.0,0.13940546341409307,0.12035547045444045,0.00476299231594739,1,3430.850000000002
Casual Regulars,,0.20527525073467096,0.1707147046738276,0.04596102267838784,3,-373.8478000000001
Casual Regulars,,0.28312007028246383,0.17796040222295295,0.07490346376691412,3,332.071
High-Value Core,258.0,0.21805951845783514,0.13727808689401064,0.04847199448081411,1,-1024.8966
High-Value Core,166.0,0.15031544000220773,0.11497592565401002,0.11869027007375464,0,2733.7560000000003
High-Value Core,95.0,0.3377881869739129,0.1059303033001569,0.005042862579659032,0,12454.279800000004
Borderline Opportunists,,0.09021335686885451,0.19198051602863664,0.0,28,-1968.4068
High-Value Core,158.0,0.11392872646974421,0.1390715860641807,0.07411430373355993,0,-1750.9872
High-Value Core,,0.13533972119884233,0.1919419536250445,0.07097854382456545,1,883.5005999999998
Borderline Opportunists,,0.17698311035760703,0.21086689967182787,0.01397078521089953,4,-1204.9726
Casual Regulars,,0.20216138661976718,0.2635805321962598,0.027496417807203907,2,-560.4475999999999
High-Value Core,70.0,0.3804410644429878,0.12172933473034732,0.012370124616135122,0,20583.578199999993
Casual Regulars,,0.2267760826388348,0.13766657603537769,0.12544460887400366,1,-106.98239999999998
High-Value Core,74.0,0.18168648899014186,0.09615286625753251,0.010366790151237424,0,23851.956199999997
High-Value Core,,0.1301570200908277,0.16780095940383585,0.052536975636614795,1,148.98579999999947
Casual Regulars,,0.12494999396752621,0.14190836405592797,0.041649468824810604,2,-666.1367999999998
Borderline Opportunists,,0.0902853428746918,0.328371123091455,0.2869677979151718,214,-1948.2957999999999
Casual Regulars,,0.18656285062409705,0.16139338360565897,0.09159445145539159,8,757.4010000000001
Bonus Opportunists,1.0,0.9387473996899856,0.5614580440034461,0.7519354301659138,165,-366.46479999999974
High-Value Core,162.0,0.4783434161878016,0.18076066855530296,0.05310312317055823,0,518.6890000000003
Casual Regulars,,0.20239589522706286,0.2647661499439615,0.03953577455647404,0,-2166.1246
Casual Regulars,,0.09322582509240104,0.2810721601680078,0.008816632923966023,1,-414.34860000000003
High-Value Core,137.0,0.16587234632897727,0.12941025523522237,0.00907616723968377,1,10626.293399999999
High-Value Core,101.0,0.15101901160264827,0.1803668173606895,0.1128462701787905,0,1079.9022000000014
High-Value Core,106.0,0.1577559152221436,0.11098937740409831,0.010150170522943338,1,11261.1486
High-Value Core,159.0,0.188112958333874,0.1228768304481412,0.017601635591039846,7,-3148.2835999999998
Casual Regulars,310.0,0.05631149810666521,0.2840840030561544,0.10344892052579505,1,-1366.0220000000002
Bonus Opportunists,2.0,0.33522661023698647,0.43067385114868023,0.7445240445766084,118,-5976.587
Bonus Opportunists,16.0,0.9800976240422349,0.7492318959397793,0.47263474674183975,202,-4256.448399999999
High-Value Core,272.0,0.17575908996453427,0.18892880376541285,0.03465345510734581,2,-9861.8462
Minimal Engagers,,0.7165283181466789,0.5513594249162078,0.6138707592482289,204,-784.372
Early Churners,,0.5025130160559586,0.2033523469239092,0.46520957309132194,202,-219.90279999999996
High-Value Core,82.0,0.19002785472244219,0.11087763662309968,0.007983273471580768,0,18006.866799999996
Casual Regulars,,0.2070643814994472,0.18721653021267515,0.022151156386541936,22,-107.81279999999998
Casual Regulars,,0.2292539981254652,0.22112529079373672,0.1226862257869797,2,-1501.4726
Borderline Opportunists,,0.49343119601920493,0.3612767397464342,0.913792483694468,316,-1153.3743999999997
Casual Regulars,,0.12538602054831596,0.24830564593643756,0.048429920825659084,3,294.3230000000001
Casual Regulars,,0.5208807878732918,0.18062878288159356,0.041877551036536564,10,-87.71540000000005
Early Churners,,0.04656885884853688,0.2207898389862797,0.48629896233032904,204,225.74739999999997
High-Value Core,160.0,0.17424025605521642,0.12771617588797915,0.013748613600465996,1,10733.999000000002
Bonus Opportunists,6.0,0.9790865324197695,0.4506625634106903,0.697112464676503,217,-2808.1100000000006
High-Value Core,232.0,0.14062961911603133,0.1609498515412412,0.06647037853791614,0,-7955.2438
Early Churners,136.0,0.06656730932480624,0.2549907617459747,0.5598966067605925,206,-4936.0102
Bonus Opportunists,1.0,0.3812143128523169,0.4220500550413611,0.8074271286643698,180,-2230.3646000000003
Casual Regulars,,0.10845813033720907,0.23973778906680354,0.10954611809907923,1,-1276.4602
High-Value Core,85.0,0.21902633781711897,0.11602713248570556,0.014595012874087357,0,15449.413200000003
Early Churners,,0.6203750016858421,0.2780350665060201,0.4005253377694929,200,-517.8484
Borderline Opportunists,43.0,0.3997973258421164,0.3821309435866565,0.7187770910102353,317,-1426.1182000000001
Casual Regulars,,0.17473147670862726,0.11418394041202586,0.0569662844041113,1,173.73940000000016
Early Churners,,0.17782566365713828,0.3313435907543311,0.36618069106045753,204,-1671.6818
Casual Regulars,,0.5694307464844148,0.28109735453812335,0.010584021312773969,1,-738.4551999999999
Casual Regulars,,0.25196761128357803,0.14582672092675283,0.026912396934371623,11,-1367.7754
Casual Regulars,,0.2771225849935453,0.2690450003281102,0.09187769723424374,5,-174.18359999999996
Early Churners,,0.0820866649309658,0.33106750393244694,0.44158284893664107,201,-1003.7188000000001
Casual Regulars,,0.2081103848811695,0.2072545955110468,0.05200775378379255,0,-1569.3806
High-Value Core,104.0,0.15333898659488016,0.11308894929450813,0.0019969867019463084,0,11975.6644
High-Value Core,160.0,0.20426249466774804,0.14127339636052574,0.03937151260767223,2,-2483.3291999999997
High-Value Core,178.0,0.21010346415324413,0.17504529519782483,0.0749114208426146,0,-1484.3122000000003
High-Value Core,98.0,0.4349021518715119,0.13651531204688833,0.028280121214184703,0,11547.621200000003
High-Value Core,118.0,0.3440185069525594,0.10872978475211217,0.004765252686072131,0,6252.977600000002
High-Value Core,70.0,0.1736863643034883,0.09453476223443294,0.01774540041008737,0,18092.0154
High-Value Core,143.0,0.4960094280923765,0.1614190652079941,0.1390229649135051,0,3260.1234000000004
Early Churners,,0.38550528422825164,0.16350295714735225,0.3935170201756427,201,459.9233999999999
High-Value Core,116.0,0.4867912119375112,0.16832335149415423,0.11521496126121603,1,1611.5088000000005
Casual Regulars,,0.1150436778170352,0.19151176821573476,0.11206464649342755,5,-526.1568000000001
High-Value Core,87.0,0.157346729484905,0.13452565787509835,0.00310911675699446,0,19231.719999999998
Casual Regulars,,0.213045508804856,0.15442400618939134,0.08935208375815078,10,-406.0921999999996
Early Churners,85.0,0.5831549903046704,0.2985382914375002,0.6601498896839089,201,1043.3686000000002
High-Value Core,38.0,0.16639725840586234,0.09957998486729516,0.022263725270869245,0,25320.539599999996
High-Value Core,,0.1305287219511643,0.14795990269496564,0.060196888259187536,1,532.9578000000001
Bonus Opportunists,3.0,0.30428671868986573,0.47051835160662214,0.6969854295521513,183,1524.8453999999997
High-Value Core,329.0,0.14908376394980244,0.1376988627935133,0.1121435945420851,1,1055.596
High-Value Core,248.0,0.22807020897562763,0.11389701284393566,0.17169788770333932,1,-9787.3048
Early Churners,65.0,0.17320538701642546,0.18175567790040673,0.6013442781520139,203,-1288.346
High-Value Core,95.0,0.14527102866678143,0.15514358805379405,0.06933056860005582,1,3990.2703999999994
High-Value Core,270.0,0.14462231523561414,0.15709676612360066,0.06506757085952287,0,-10107.3038
Early Churners,,0.5750906561783036,0.25033149748870176,0.49048208996699644,202,817.1607999999999
Bonus Opportunists,0.0,0.2701033456137673,0.5290350183932583,0.7434340422351428,134,1606.5680000000002
Casual Regulars,,0.061022440008006336,0.2255322392765849,0.02013447695580942,9,-176.25679999999994
High-Value Core,66.0,0.41241369338690426,0.1317225929021044,0.00818791971972953,0,18002.252800000002
High-Value Core,157.0,0.14159828247659179,0.17866591354843112,0.07573239475280685,0,-2857.6570000000006
Bonus Opportunists,27.0,0.21632898975282444,0.5435003820635852,0.8425454184793175,148,-10274.613
High-Value Core,144.0,0.10739470464696708,0.18119886951157235,0.13431753893941034,7,-1118.9252000000001
Early Churners,101.0,0.6311955534032354,0.3633190056610459,0.6482231074435926,204,-4482.7272
High-Value Core,268.0,0.180582845209785,0.17580638540548257,0.11551624550393935,4,1665.2051999999999
High-Value Core,90.0,0.21537117428170566,0.12884698160456337,0.0037667860836320924,0,10783.353000000001
High-Value Core,113.0,0.15745610256974377,0.1705820041879637,0.06950279963286539,0,3330.7653999999998
High-Value Core,129.0,0.48445084307395914,0.15988110207466164,0.13058589568517076,0,-201.17439999999988
High-Value Core,141.0,0.3340222490543302,0.12094217405383095,0.008324647990547756,0,5487.745999999999
Early Churners,,0.566985577560867,0.283544404063327,0.4188189135246571,203,-231.13339999999994
Early Churners,,0.5821316581326571,0.3154694704992847,0.6125411954097545,205,-1044.3494
High-Value Core,122.0,0.20298923943005984,0.11316802436996859,0.029036334132140715,1,3811.3508
Early Churners,,0.1054195199361842,0.22203141063390092,0.5311195944983085,201,181.70319999999992
Early Churners,105.0,0.2370660795178708,0.14531321538201478,0.36224064588095967,201,-4657.177
Early Churners,,0.15997314407653052,0.32212729360118053,0.49008246577820985,200,-672.5020000000002
Minimal Engagers,,0.20723830996500625,0.6714188143042916,0.8888509503601449,301,-1689.2946
High-Value Core,162.0,0.21297270868512733,0.12092766043617262,0.05374338580453906,2,790.7348000000006
Early Churners,,0.12733095709004488,0.3165225598672897,0.49323817068036485,202,-1537.3142
High-Value Core,181.0,0.23385268092441966,0.15792547157586312,0.07615556325565555,1,286.8234000000002
High-Value Core,,0.4957072409151913,0.18585356764661093,0.07296647138244183,0,-127.0916000000002
High-Value Core,117.0,0.18426954636186574,0.10776488628664176,0.024940734719338317,1,22485.2792
Early Churners,,0.07803079430503455,0.29372318609860837,0.4728078876319968,204,-131.59619999999995
Early Churners,,0.06988633235398639,0.1815066392246343,0.42690985169650586,250,-1600.621
Early Churners,,0.8086143220322275,0.4460317066684121,0.4389405628200748,213,-998.5858
Minimal Engagers,,0.03806672161913666,0.65292224312366,0.0,5,-2394.0038
Minimal Engagers,,0.12931313259914695,0.38335627350581786,0.02554077280539818,4,-542.91
High-Value Core,103.0,0.17128870727026504,0.14112990242655646,0.11479442710281774,0,1184.3766000000005
Casual Regulars,352.0,0.6151340009577942,0.2283845450362357,0.05010347789799171,1,441.7470000000002
Early Churners,78.0,0.5650354344709165,0.1883086182724602,0.5764152608088222,201,1253.1390000000004
High-Value Core,160.0,0.1818810610819959,0.13907519407769026,0.09330111340164811,0,-3170.2398000000003
High-Value Core,139.0,0.2507933421892207,0.1372490998899426,0.006491800519976512,1,12720.3754
High-Value Core,80.0,0.38837559710199343,0.11063183962577577,0.01261467144468768,0,17860.7356
High-Value Core,90.0,0.08656808910510738,0.20858059377095337,0.06923305589072962,0,1155.3146000000002
Early Churners,,0.0920127626709488,0.3393976525204813,0.5979771944190398,208,603.6352000000002
High-Value Core,92.0,0.3233872898561445,0.09402329946933066,0.003067720501664097,0,16455.702
Casual Regulars,,0.15437167025269177,0.17547992989865618,0.044425259334475505,1,-411.57600000000025
Bonus Opportunists,20.0,0.9847828461065492,0.8598244907968766,0.9339574703203316,313,-1194.671
High-Value Core,,0.19171081771220672,0.14427278884044267,0.06391345466096812,0,-95.45379999999977
Bonus Opportunists,4.0,0.9489182707416789,0.537814837366736,0.8889970248692655,191,1557.0317999999988
High-Value Core,345.0,0.202990144169564,0.16390593304468112,0.08918282920838218,0,645.2734
Bonus Opportunists,0.0,0.5894701494924381,0.2920635492127582,0.6569201876835734,229,5534.587
High-Value Core,73.0,0.15972550752688863,0.12507015841700916,0.007512489934989209,0,19902.209200000005
Casual Regulars,291.0,0.17709017258452972,0.15478863506070534,0.14987777290565085,3,1281.9067999999997
Casual Regulars,,0.06974805823024677,0.3670431957386211,0.0307921577054957,19,-1801.6778
Borderline Opportunists,,0.6941112905379971,0.4047411368795419,0.5374631196804311,209,-105.83399999999995
High-Value Core,135.0,0.18031265878682184,0.16956838546765038,0.06101580251641239,0,3638.780599999999
Early Churners,,0.12837741481841564,0.19499530648463834,0.4631502795407018,227,-139.317
High-Value Core,109.0,0.21138241093687682,0.12303786860898011,0.15391845196353388,5,-949.7293999999993
High-Value Core,98.0,0.14737346059879328,0.1910322231031366,0.0797137012072115,0,-186.90419999999995
High-Value Core,91.0,0.15065017316764168,0.14865151177984237,0.14894382553533345,5,2847.9696
High-Value Core,95.0,0.17902610159977547,0.11804477543186957,0.010803160235483675,0,14401.220000000001
High-Value Core,159.0,0.42190123755970815,0.16124367881112392,0.08185059988368866,2,3253.183
Casual Regulars,325.0,0.13481452067586197,0.3048701397974704,0.23029108942847723,23,474.0924000000001
Casual Regulars,,0.12606791292216515,0.20454530469349497,0.022838227724060654,20,480.4954
High-Value Core,,0.20832646367532467,0.14684807918231133,0.07543318366571594,1,127.8694000000005
High-Value Core,105.0,0.31679253612332015,0.11541025626801842,0.009971774560684696,1,1048.7799999999988
High-Value Core,158.0,0.19633262642653082,0.15154747754520803,0.07522810282145054,1,-1581.1202000000003
High-Value Core,139.0,0.14553713835833532,0.15554270836911285,0.011311819689439936,0,11283.111799999997
Early Churners,,0.008161785799122263,0.40192146530858347,0.4274421753166258,232,116.31119999999999
High-Value Core,97.0,0.4372986347114268,0.15011054287601852,0.09503471136122454,0,1157.9666000000002
Early Churners,,0.12741609791049963,0.20244259092791858,0.4210211193700377,218,-1094.664
Early Churners,,0.23570550052977063,0.24538605282089115,0.42271975950764834,201,-28.577399999999898
High-Value Core,135.0,0.1412952287415992,0.1344284220461586,0.08062795737038032,0,-2299.9136000000003
High-Value Core,92.0,0.46876271302628336,0.15750349987192422,0.056646782141715535,1,1377.4206000000013
High-Value Core,60.0,0.18635817219863204,0.11970393969305099,0.09460943836381941,4,2303.3621999999996
High-Value Core,135.0,0.1486433928345393,0.1906141443410881,0.0494744428640398,1,-1791.2581999999993
Casual Regulars,,0.4719185271339819,0.18068387264854316,0.10734481635165301,8,-36.71699999999964
High-Value Core,143.0,0.12450541224597503,0.15413301502605758,0.12834766228110472,0,2384.6574
Casual Regulars,131.0,0.09424966033500044,0.27339604722669125,0.10999372884959467,1,-632.7189999999998
Early Churners,,0.2053657657541002,0.21228244536043378,0.4261236049019829,201,241.38160000000005
High-Value Core,129.0,0.14262819626038137,0.12809576429126554,0.10074604233638626,1,522.7645999999991
High-Value Core,146.0,0.20083785485418132,0.11694701788586512,0.0,0,6721.145600000002
Borderline Opportunists,,0.0,0.5207660236844311,0.5226899358809323,223,-2338.9856
Casual Regulars,,0.34546255680223187,0.23799691063051776,0.07746068705705406,6,19.121799999999894
High-Value Core,149.0,0.13683475526890546,0.16803405594749785,0.06205127510611776,1,-2260.3979999999992
Bonus Opportunists,3.0,0.1646508579770147,0.6640277633934675,0.7452881529850823,200,-54.28179999999975
Casual Regulars,,0.5108613074428568,0.23098195421538534,0.1766384133595526,9,-528.4326000000001
High-Value Core,,0.2582244984097445,0.14634052451060003,0.0599814059941458,0,278.21799999999985
High-Value Core,61.0,0.1748991989998485,0.1225305958183784,0.013092122834620024,0,20244.7148
Casual Regulars,,0.16552217607935002,0.16834433419477862,0.1378115222161738,5,18.775199999999927
Casual Regulars,,0.2178209883657509,0.15223549928822955,0.01782931423727886,7,-181.1354
High-Value Core,335.0,0.1064010577630728,0.2571899344450344,0.08183386308645392,0,708.8416000000002
Early Churners,,0.0800515350726577,0.1537081541375186,0.4224423311660929,204,462.8878000000002
Early Churners,44.0,0.5902697706941967,0.21578567085033318,0.7329535584336002,208,-4277.4818
Early Churners,,0.059481269811942114,0.35350065939759084,0.4954739297355838,201,-996.3068000000001
Early Churners,,0.07827999933836875,0.30391433284004254,0.4797620533425161,211,-469.9540000000002
Casual Regulars,,0.6193525176465413,0.29638189761001466,0.07067131480675604,5,-1563.473
High-Value Core,253.0,0.14737441264403148,0.13929278816444482,0.08434868315388133,0,1833.3718
Casual Regulars,,0.07634548336845459,0.3002504508975164,0.10394832640523986,1,-1072.0459999999998
High-Value Core,75.0,0.1674430088621397,0.12798342316628478,0.021624806381165734,0,17547.5606
Early Churners,,0.15150118167324225,0.2170520040158751,0.40505225111178106,201,-406.5262000000005
High-Value Core,89.0,0.12426863713490659,0.17138153832793687,0.1194460932890699,7,297.70560000000023
Borderline Opportunists,,0.14345695544704345,0.41069766498057264,0.7174299748415899,217,-118.7231999999999
Bonus Opportunists,1.0,0.16757468942040196,0.7042752971839781,0.681874170733373,308,-2257.6612000000005
Casual Regulars,,0.5892021807195283,0.2989208086505772,0.029756577959405027,2,-1750.2988
Casual Regulars,229.0,0.5352801055930658,0.1988503522257266,0.05068586032651611,1,-4214.5666
High-Value Core,67.0,0.42071712077886436,0.12386000791052411,0.07837437311836082,1,3523.0880000000006
Early Churners,,0.07217499417144442,0.20811578683296275,0.516806020677065,207,-1679.2878
Casual Regulars,,0.08055846465091875,0.2495829217350633,0.10952835908648278,6,279.68600000000026
Bonus Opportunists,12.0,0.5812542485272342,0.3238194600186209,0.5796620163239283,115,-217.59899999999925
High-Value Core,360.0,0.4816688744566327,0.1640061408271739,0.112608026139577,0,976.1251999999995
Early Churners,75.0,0.6151678044947929,0.3298214899064937,0.4792939122476852,209,-4271.2528
High-Value Core,139.0,0.23832205049217467,0.1451864504572969,0.09693724267436005,1,2466.1526000000003
Early Churners,,0.7050913451170402,0.4190283841751182,0.6556612242874912,223,-590.6954000000001
Early Churners,,0.11288430517786957,0.3958083621160153,0.5265246654518676,201,-287.2557999999999
Casual Regulars,,0.4735762029540954,0.20776857377847843,0.07044483256831953,4,-27.330600000000004
High-Value Core,169.0,0.42940121013716737,0.1469403133789832,0.13146991383905654,2,86.33819999999969
Casual Regulars,,0.09477211493872688,0.1862211367385284,0.12338607651254126,6,-35.588599999999815
Bonus Opportunists,0.0,0.985713458229669,0.6201884735881271,0.7800787734462525,129,3274.008999999999
Casual Regulars,,0.5077194025980581,0.2994062681353546,0.05945565580653766,36,-2195.8366
Bonus Opportunists,1.0,0.3796099373754855,0.43466244228708883,0.9094357951427525,235,-2174.1644
Minimal Engagers,,0.10893588326842263,0.28539178758289613,0.0,9,-2043.9908
Bonus Opportunists,7.0,0.971001102110531,0.7533694058714455,0.7104455950434366,108,-319.48559999999907
High-Value Core,138.0,0.3835118710814089,0.10796690789736342,0.00036907095256449835,0,10755.3094
Minimal Engagers,,0.09559455212459302,0.6415426878486659,0.5021371957442053,201,-2258.0098
Minimal Engagers,,0.3820704091679159,0.33775125698050185,0.0,168,-1777.4518
Borderline Opportunists,,0.14194221196362525,0.3307085180222031,0.5433487521281953,206,-452.73799999999994
High-Value Core,111.0,0.1325738809898,0.16180450803264443,0.10274520937615317,0,-381.7498000000005
Casual Regulars,,0.6219958607849293,0.3641471631570973,0.1296324241579339,0,-121.55180000000001
Early Churners,,0.1590796902256472,0.41326602801557116,0.4627691214816923,204,-962.1256000000001
Minimal Engagers,,0.0,0.6498807102034501,0.0,8,-1757.4316
High-Value Core,100.0,0.20272466709501938,0.12649201194952642,0.10266127417315851,0,2055.8839999999996
High-Value Core,201.0,0.20797750719814243,0.11604245692637878,0.10288525786624728,2,-7197.3542
High-Value Core,255.0,0.25820917638679813,0.13421738756292753,0.0459997261758477,2,-9913.7808
Bonus Opportunists,18.0,1.0,0.8429058716102943,0.8831731068406559,165,-10330.394400000001
Bonus Opportunists,3.0,0.23022786978996865,0.5322537369806596,0.8099217072314266,221,-2889.1706
Bonus Opportunists,0.0,0.24744414215764507,0.5253056368383309,0.8493129233152796,110,-1970.9557999999997
Casual Regulars,,0.41238733330649713,0.14715205279131713,0.06628133125661702,15,10.480599999999868
High-Value Core,171.0,0.18943168085099596,0.20683196829548348,0.10582672478574698,4,2904.135000000001
High-Value Core,156.0,0.48300650944545165,0.1600027324560878,0.11141653206043309,6,-1778.6844
Casual Regulars,,0.3477266659236815,0.14517457143289444,0.04077184396349965,30,-101.11159999999995
High-Value Core,194.0,0.0966009211596602,0.18057539701865571,0.12513618741283586,5,-1983.3851999999997
High-Value Core,,0.14395944491830312,0.15939883060203847,0.18105812420394302,4,71.44820000000027
Casual Regulars,,0.5833910062254758,0.20696083113475297,0.0450843515995237,18,-2099.476
Casual Regulars,,0.09865247346090045,0.17346979362671527,0.052652135651788404,9,-932.0542000000002
Casual Regulars,,0.17402894842272687,0.2431301232440284,0.058962661505336904,0,49.62580000000003
High-Value Core,95.0,0.5155783028846856,0.15725367482904495,0.06639824335068079,3,185.6583999999998
High-Value Core,142.0,0.19377661873543464,0.11804632782269732,0.0027568330123224414,0,6299.7062000000005
High-Value Core,245.0,0.47240822012707945,0.18773780137373133,0.06335292629194907,0,-9237.877199999999
High-Value Core,101.0,0.2094250321393238,0.1025028044690314,0.016191510726387977,0,11048.800599999995
Minimal Engagers,,0.09279278771895985,0.4868206999587436,0.5576986707179193,208,-415.9068
High-Value Core,89.0,0.18870439010829018,0.11177301905869425,0.0020907282917325435,0,11942.9368
High-Value Core,37.0,0.1036008570369126,0.184179333315045,0.15582435518665896,0,2400.139
High-Value Core,160.0,0.2320005958619893,0.09217504706861995,0.002302750442197637,2,8387.6866
Bonus Opportunists,3.0,0.43869345945320554,0.32841613935266173,0.7022710719361895,292,2715.3035999999984
Borderline Opportunists,0.0,0.4787422922672216,0.4059595882515491,0.5415166489588839,190,2547.1895999999997
Casual Regulars,,0.5222664906681878,0.23568850390468712,0.03939354038434606,1,-1770.1478
Casual Regulars,,0.5307868853294188,0.266343605208124,0.053572422787611665,34,-1250.3926
Casual Regulars,,0.2278822976225644,0.2498669575695212,0.12712285602248144,3,-1113.4956
Early Churners,159.0,0.09424350880009379,0.2008456074170513,0.4755637466519384,204,-1548.1806
Borderline Opportunists,,0.6872832301518721,0.34863604911458307,0.02661926905821838,48,-1580.3546
High-Value Core,106.0,0.19029193288891286,0.11729629696632006,0.013698324630292,0,9389.7838
Casual Regulars,,0.6302874559936577,0.27912867139757414,0.052739913918986185,3,-1864.3673999999999
Bonus Opportunists,7.0,0.2470553591312912,0.5618208965543704,0.7611708698112738,277,-2036.7841999999996
Bonus Opportunists,4.0,0.9706209234197728,0.3676681367157423,0.8269786382874104,112,-1912.1147999999994
Casual Regulars,,0.09123891846163562,0.16268883568146061,0.0,0,-2337.1077999999998
Early Churners,14.0,0.13038961383024328,0.26456067202038763,0.6762712966575626,208,-839.1759999999997
Bonus Opportunists,2.0,0.29982765559000224,0.46628945624466683,0.898180924532122,267,401.6324000000013
High-Value Core,329.0,0.1771347792831444,0.14006079280807537,0.09393159761618788,0,1173.4182
High-Value Core,85.0,0.43909352110184585,0.1452632771735817,0.005815892102725487,0,13717.529199999999
Casual Regulars,,0.49693513368533787,0.24598036534946743,0.04773573606496791,0,-280.5798000000001
Early Churners,,0.04755512613367671,0.36363901197113674,0.45050272988618484,213,-1809.8937999999998
High-Value Core,309.0,0.108250653056404,0.14817687918684225,0.10436165639312843,2,919.6731999999997
High-Value Core,103.0,0.19583701100542403,0.1385486771225288,0.018036631109676207,1,13189.529999999999
Casual Regulars,,0.11420581683891304,0.2636692785341871,0.09053595907926025,0,166.18180000000007
High-Value Core,176.0,0.13118702796176268,0.17757856929928392,0.0947131717420691,0,209.54900000000043
Casual Regulars,,0.17179630665920534,0.32570860830743825,0.0795459141927772,2,-1572.0482
Casual Regulars,,0.15457269695164821,0.2411368977304371,0.13670531132251587,2,-855.0827999999998
High-Value Core,143.0,0.16874975036168424,0.13112515916697964,0.013919466768972065,1,-254.82500000000255
Casual Regulars,,0.43566095798697546,0.2125533901161728,0.09120755707387893,0,248.31080000000009
High-Value Core,276.0,0.45533668289405616,0.16558597688713614,0.06575609272109767,1,2004.0266000000001
Early Churners,31.0,0.08537075712235899,0.28391494221642677,0.5615880806034036,220,1099.1682
Casual Regulars,,0.0,0.23155492541027212,0.05999832154234999,5,-732.9964
High-Value Core,122.0,0.14582795927550682,0.15008026007358366,0.13501264700513702,1,-3208.778
High-Value Core,237.0,0.4619611095683746,0.1754222359350829,0.06362675863403916,0,2386.6441999999997
High-Value Core,170.0,0.1750634798604078,0.21803529949140096,0.11174262840726173,3,2188.5222
High-Value Core,137.0,0.2004518765903666,0.20692769292768187,0.09687869576926057,1,-2189.1092000000003
High-Value Core,98.0,0.17694798083228866,0.12309053237671604,0.0003409777949932821,0,10423.6308
Casual Regulars,,0.14589227793872928,0.23058484356275297,0.054062725412107125,7,-138.15059999999994
High-Value Core,93.0,0.14598488348117378,0.1782756956262299,0.11771776514012633,1,27.758600000001024
Early Churners,,0.09585925965116904,0.26946706283797334,0.52662521626319,206,-1590.6974
High-Value Core,356.0,0.4265071506592674,0.1572544735835355,0.07095610407148516,0,948.4840000000004
Early Churners,,0.5440664234568141,0.30674111580826324,0.3572904740651622,205,-2022.8303999999998
High-Value Core,54.0,0.4446653848923739,0.12078236077803323,0.06298084025257691,0,11149.996999999998
Bonus Opportunists,0.0,0.4086617295388213,0.4028556969097651,0.6677796106261563,133,5042.974000000002
Bonus Opportunists,20.0,0.969945475580381,0.7605463183150918,0.7374097285303037,182,-9951.4816
Casual Regulars,,0.025769121869620576,0.29956143610937125,0.0,8,-754.5866
Casual Regulars,,0.21000395325646326,0.20695261846537133,0.11759249948542323,2,50.93820000000005
High-Value Core,100.0,0.4539032742480862,0.19840542149168197,0.050955320545732936,4,3084.4931999999994
Casual Regulars,,0.39671641476847397,0.14814679813121961,0.08209952232742342,5,-622.8946000000001
Bonus Opportunists,0.0,0.5409299538300016,0.36883108473726334,0.8601754532183614,308,-220.0127999999986
High-Value Core,162.0,0.11583235904646301,0.19585774900549177,0.024442811593028583,3,2110.1874
Bonus Opportunists,6.0,0.47436188589557904,0.41038131544718914,0.8380784392990941,122,-8225.5356
High-Value Core,109.0,0.3753989456980561,0.11217610344428205,0.0011926756999820192,0,14916.720999999998
High-Value Core,90.0,0.15814300089214992,0.17460068794869046,0.15968239182195698,8,634.2266
Bonus Opportunists,1.0,0.44381509911149075,0.383000124339379,0.7502461022466347,220,-3866.7120000000004
High-Value Core,91.0,0.1022173309175425,0.1532822690487944,0.09648216608841785,4,265.3607999999995
Casual Regulars,,0.0947903295055564,0.1809549165545281,0.14050222409167484,3,317.678
High-Value Core,108.0,0.09334438892014586,0.15175366910878943,0.11043919318870137,0,505.35239999999976
Bonus Opportunists,18.0,0.6067879536006681,0.3118849050360675,0.813760245914039,309,-10068.475
Bonus Opportunists,1.0,0.9438976623581261,0.6215180789058331,0.4087933640003479,185,3983.4482
High-Value Core,224.0,0.11817648263651244,0.15884069678383833,0.09008086703465513,0,-7734.981400000001
High-Value Core,235.0,0.1648464734370515,0.17793672451500064,0.10332322309272711,0,-8008.6626
High-Value Core,141.0,0.1392821646064704,0.11050144165776965,0.07881467465443359,3,-1237.9256000000005
High-Value Core,116.0,0.23628099629939175,0.11719517409007969,0.0008675708621762852,0,7873.090400000001
Early Churners,,0.14494865984293587,0.26835181375666023,0.621088786390547,205,-1324.4086
High-Value Core,,0.37515064444496216,0.12042087830168823,0.1519773652425844,0,164.45640000000003
Bonus Opportunists,0.0,0.3417202821803075,0.3755786947133737,0.8811007716712244,269,1600.2436000000007
Early Churners,,0.15657178488329532,0.3114683535231039,0.5166060216488403,210,-220.64519999999948
Early Churners,,0.10582691329741796,0.17429535482657985,0.6150856080499038,201,294.203
High-Value Core,83.0,0.3991743681360556,0.1335630812207749,0.006472170462056723,0,18326.3344
High-Value Core,92.0,0.19840021090712656,0.1300220021439272,0.07163037211088362,0,-2428.1028
Minimal Engagers,,0.0,0.3963345408259279,0.0,55,-2505.4052
High-Value Core,53.0,0.14983792020830294,0.09299477780621407,0.01623396971126752,1,22008.916
Casual Regulars,,0.14206871001529583,0.2944273720424101,0.17909708289577453,17,-1212.6504
Casual Regulars,,0.12726587771371,0.25197707671629777,0.1216892893040982,5,-1188.9454
High-Value Core,154.0,0.15054798858857793,0.12184788802489568,0.1267438617706129,0,-6850.1524
Casual Regulars,326.0,0.2066605056543294,0.1227500410194883,0.13951024675011842,9,70.35400000000027
High-Value Core,88.0,0.3544354972738682,0.11877963480623457,0.04627441844829841,4,1747.9972000000007
High-Value Core,58.0,0.23936937088328938,0.11494602540002104,0.0024180050365523406,0,15329.082
High-Value Core,195.0,0.45503067357941046,0.14179805551733873,0.1273930413389963,1,2207.954
High-Value Core,112.0,0.17710232459558645,0.12971225585234994,0.007385701959776435,0,10884.020000000002
Minimal Engagers,,0.11744215287589463,0.15726035261045926,0.038678077817741435,48,-258.22479999999996
Casual Regulars,,0.13062068180034203,0.33684330474969576,0.173696607210377,28,-210.16740000000004
High-Value Core,84.0,0.16559021670242632,0.1325254286247217,0.0062365156042480715,2,16196.260000000002
High-Value Core,159.0,0.34707497277725036,0.11087701227196298,0.00190470687505803,0,16991.150999999998
Casual Regulars,,0.42896273332743096,0.18935486741136887,0.16102772956930975,0,-377.0146
Casual Regulars,,0.53212446010596,0.20549936226739254,0.05558785743126674,5,217.28999999999996
High-Value Core,74.0,0.24056482505476726,0.11490356583035209,0.018624201432590033,0,16763.562
High-Value Core,89.0,0.20726818885073442,0.16065544623711273,0.11769630405269754,3,4759.491999999999
High-Value Core,114.0,0.36986342435480524,0.11803163562059418,0.04045224049324292,1,769.0747999999999
Early Churners,,0.1247844179331489,0.5117810288176715,0.5820939663505952,220,134.32920000000001
Casual Regulars,,0.30012401255725074,0.156513653230142,0.025824312251425674,5,87.19859999999983
Borderline Opportunists,,0.020984060592358127,0.36137326024534566,0.19156610332353605,7,-973.5424
Minimal Engagers,,0.4089183655827381,0.2459345880462048,0.1482896307668403,27,-917.2266
Early Churners,,0.07669199470980138,0.41760787548865375,0.37489391222276486,203,-1167.6001999999999
Bonus Opportunists,,0.5623073583248388,0.41010483449126955,0.5018389320858505,144,180.13139999999976
High-Value Core,122.0,0.33225792164394646,0.09111096617569646,0.018921703097792977,0,5655.0494
Casual Regulars,151.0,0.4726958112039182,0.2272664774717558,0.04350204331516188,1,-448.43200000000024
High-Value Core,109.0,0.17686547932866786,0.21639877034751132,0.11833417113297151,0,-1933.1326
Bonus Opportunists,0.0,0.3943083875766558,0.4278710526000677,0.8920106710286726,232,111.20999999999913
Casual Regulars,,0.535307192447995,0.2352145960761794,0.1063009644844824,13,217.79599999999994
Minimal Engagers,,0.04384622924879046,0.2210337489386989,0.0,120,-985.7416
Casual Regulars,,0.10875032911602898,0.25132449730274203,0.04833452441991444,13,-795.8872
High-Value Core,105.0,0.12798394256801746,0.16876060216540442,0.08253870262687814,0,-2113.4686
High-Value Core,72.0,0.3867875212885406,0.12915907023852438,0.006812575607634931,0,18529.1494
Early Churners,157.0,0.5953211918841721,0.2625280924485557,0.485940377229278,207,-4995.6078
Casual Regulars,,0.2309885192116739,0.1720683915199918,0.3096309786557294,1,-106.62980000000005
Casual Regulars,,0.19357123476410126,0.2577403407056936,0.12437379677950952,29,-359.45560000000006
High-Value Core,101.0,0.25518356007241616,0.14862365096871452,0.12948070320843588,0,3504.5851999999995
Bonus Opportunists,0.0,0.3658849312975649,0.32331378655497606,0.8827624696300479,307,1141.3845999999985
Casual Regulars,,0.31308163440259346,0.1567112092653695,0.09925449194006726,26,-2348.0376
High-Value Core,343.0,0.15588312932470785,0.1950398831407285,0.07179042092776391,0,1094.3536
Early Churners,,0.5055488559860348,0.2369845386276928,0.5386040888212992,205,-492.98940000000005
High-Value Core,265.0,0.39271012318516596,0.1330476087953842,0.10352266775303592,0,-9795.2494
Casual Regulars,,0.1356395661365787,0.35045481854739213,0.1557882136480238,18,-401.2732000000001
Casual Regulars,,0.12480503356841124,0.19671413506525967,0.06097436038337488,0,-321.98440000000005
High-Value Core,145.0,0.20312711950627863,0.13529324991462802,0.014231932256283683,0,9723.8294
Casual Regulars,,0.04980665722908668,0.27748471153761745,0.09347032765086433,2,-243.28320000000008
Early Churners,35.0,0.12430926422611861,0.278051453331206,0.5063090333269707,210,-855.9921999999999
Early Churners,,0.6806383218084655,0.4307288855556763,0.5327316309250303,203,605.3356000000001
High-Value Core,84.0,0.22094677388559092,0.14564930244438906,0.0069877872948674305,1,18590.2594
Minimal Engagers,,0.23312787788695116,0.3093038054932361,0.6179290091004677,223,-1689.676
Casual Regulars,335.0,0.15572538400722705,0.22311146569187673,0.07732758325409031,6,1016.6604000000002
High-Value Core,,0.1616429182346698,0.1449136347796897,0.0866869723724127,4,-107.4985999999999
Casual Regulars,,0.10250322079885464,0.1707462680050915,0.05604214141973875,50,-85.66179999999991
Bonus Opportunists,0.0,0.9829010041720189,0.4910793127097439,0.828963846276424,142,-7255.592199999999
Bonus Opportunists,,0.5783472454717393,0.26605919330278593,0.7616056137171494,205,-17.517399999999725
High-Value Core,98.0,0.1660445185281584,0.14217997394629417,0.02748728655168308,0,17457.65
Borderline Opportunists,,0.0,0.3552782466693389,0.43473436910968893,210,-142.6812000000001
Early Churners,,0.05031991254651995,0.24013564866339293,0.4632233198562805,225,-702.3639999999999
Casual Regulars,,0.3385443837870993,0.14279140433998438,0.10606110214954013,2,-2050.2452000000003
Bonus Opportunists,,0.9511529541725041,0.4772453606672601,0.8568495218998844,174,-38.31860000000006
High-Value Core,96.0,0.3526581539702786,0.10199825752096618,0.024085533552931682,0,16275.192399999996
Early Churners,,0.04389481168626583,0.5556147602377565,0.4529636102761482,200,-824.2016000000001
High-Value Core,57.0,0.17273191672286475,0.11356468947199976,0.022866027841929034,0,24426.4194
Casual Regulars,,0.5079397174009886,0.2551890428458552,0.13151082777203507,26,-730.0624
Casual Regulars,,0.5919585058014498,0.2530309073522788,0.11939974528140367,6,-1732.0618
High-Value Core,163.0,0.16114466069960276,0.19061618577766262,0.0840055786656618,1,-2858.4123999999997
High-Value Core,124.0,0.41821837562949615,0.13216691032202918,0.06422112001329187,0,225.2747999999997
Bonus Opportunists,1.0,0.2918771238522544,0.4706670694883951,0.7365407379266561,300,-5193.549400000002
High-Value Core,145.0,0.1446986859443155,0.13472682290122612,0.011996939333821113,0,2840.7342000000026
High-Value Core,168.0,0.20457153715616694,0.16312696531374923,0.08564642235226495,1,-1878.2283999999995
Bonus Opportunists,1.0,0.42948269137953904,0.3267619844482709,0.620245647137833,125,-241.51820000000043
Early Churners,,0.07868002483201056,0.2990697783789511,0.606917520499226,202,-341.10839999999996
High-Value Core,137.0,0.4404399070027499,0.13721496413519332,0.005026332705395843,0,4984.542799999997
High-Value Core,167.0,0.10391728381572507,0.20783977964062517,0.07372009859569653,2,39.89800000000014
Casual Regulars,,0.09272749102089149,0.2962920208935066,0.02134387258729373,10,9.73879999999997
High-Value Core,,0.19579271285797192,0.19092374533780687,0.19574260530087847,2,672.9594000000002
Casual Regulars,,0.08637171040750213,0.3545590087023173,0.08793726552620021,8,-230.6597999999999
Minimal Engagers,,0.0,0.780448389984176,0.0,46,-995.7648
Bonus Opportunists,2.0,0.18062395893622019,0.6453018232897175,0.6458387736213984,229,-5651.892599999999
Casual Regulars,208.0,0.2018583481199591,0.1812199258479153,0.075028440276152,1,-4014.0155999999997
Bonus Opportunists,,0.13800924413390586,0.7544402498802599,0.8815326883352359,323,114.6167999999999
High-Value Core,287.0,0.18813324992643926,0.1412872928187972,0.06227651400239805,0,-10391.2352
Casual Regulars,,0.26270659526487794,0.23416056604084706,0.016127812638252925,3,338.9494000000001
Casual Regulars,197.0,0.2414548897811861,0.16168201855181208,0.08331195987105516,15,-1108.087
Casual Regulars,298.0,0.08552524055866007,0.33500742264111344,0.04149218771831921,0,217.07640000000015
Bonus Opportunists,0.0,0.8960201038199616,0.48257552716920676,0.8286353687337658,209,3061.2440000000006
Bonus Opportunists,,0.6623037941993596,0.3484720703603039,0.8137272038284743,139,512.4825999999998
Casual Regulars,,0.12903871366483613,0.28322151142637675,0.09134723497057548,0,65.65039999999999
High-Value Core,127.0,0.12901343666935927,0.1500401392363994,0.0755056995732643,3,-325.3986
High-Value Core,91.0,0.15875027020976273,0.13912489290279642,0.05050176917789696,0,1001.9090000000001
High-Value Core,239.0,0.11376469692682918,0.2733645795370231,0.048391670762438346,0,1836.2704000000003
High-Value Core,288.0,0.127474957068172,0.15557519105355347,0.05287556529656508,0,-9872.039200000001
High-Value Core,313.0,0.13113462592354497,0.14996054081771829,0.06560633567146275,2,1853.8167999999996
Early Churners,95.0,0.3612859998560284,0.174204303498252,0.493384024041698,203,-1235.863
Casual Regulars,,0.0,0.25291371526654155,0.0,18,-785.027
Casual Regulars,,0.1759686329338997,0.1929746514916821,0.03612759587547396,0,-1778.8704
High-Value Core,155.0,0.11934041382789559,0.13745347142308098,0.020118628083904914,1,9926.4034
Early Churners,,0.027961708668136843,0.26654325263936984,0.639994834294063,205,-81.85660000000007
Minimal Engagers,,0.3655648033238008,0.2325641964007591,0.6261614417525495,247,-803.472
Minimal Engagers,,0.22621360348217012,0.5764578141027177,0.0,44,-1696.4324
Early Churners,,0.18418004927086112,0.28304618712517055,0.3426606828983865,217,322.0054
Early Churners,123.0,0.6533896855019448,0.3218849527367962,0.5451847309135112,211,-4571.1384
Bonus Opportunists,1.0,0.4229915360825012,0.38812432645354933,0.7509288098259133,162,3935.2065999999995
High-Value Core,112.0,0.1820491665886625,0.1660876976343827,0.07290874379866646,1,3075.0159999999996
Early Churners,,0.15111993735298063,0.19979147103841358,0.5797071089334974,226,-1412.3488
Bonus Opportunists,43.0,0.28511351771824794,0.5313103372675657,0.6420967266024433,293,-10539.1978
High-Value Core,168.0,0.16246772967357814,0.17834969912177187,0.04774546608323069,0,-3486.6083999999996
Casual Regulars,,0.16726462319138724,0.18652557811989418,0.06452684632791607,0,-516.68
Early Churners,,0.11137167678169005,0.2724681110829271,0.6020896841117513,205,-1374.0348000000001
Bonus Opportunists,4.0,0.9667118817522476,0.6975321058723943,0.8929210546103183,154,539.7547999999992
Early Churners,,0.13233265202876907,0.2979662497397337,0.5696347671586839,213,-1307.4156
Casual Regulars,,0.0309506620289199,0.4728555525640363,0.07203202004538567,4,-42.61180000000002
High-Value Core,92.0,0.13959095050280204,0.14159410436691766,0.0023799013598278544,0,15308.078000000001
High-Value Core,287.0,0.17588372164287214,0.16409927350519468,0.055070126071598016,1,1585.4679999999998
Minimal Engagers,,0.0,0.28569356127961726,0.0,0,-2005.1736
High-Value Core,363.0,0.13091716882649748,0.1667816272687038,0.09067883313141535,0,835.886
Casual Regulars,,0.0,0.2196264836512218,0.0945707528343584,16,-1774.5598
High-Value Core,296.0,0.1466440848874927,0.17087890086760693,0.041988912120015154,0,-10690.1496
High-Value Core,210.0,0.2365871588385472,0.176981956256141,0.08708917946568447,0,-3764.3390000000004
Casual Regulars,,0.2534188414301319,0.18076485697184722,0.1473670873601892,27,-1887.4526
Bonus Opportunists,4.0,0.6194651020439418,0.35070316088113307,0.7977046573999805,112,-5113.625599999999
High-Value Core,120.0,0.2006415445275441,0.11194238621412184,0.01436917084646977,0,7025.567799999997
Early Churners,,0.7191370518858744,0.3599590109447024,0.3927383779014701,204,-1983.416
High-Value Core,75.0,0.17749445639240916,0.11104739136042754,0.01266778826410316,0,21287.5738
Early Churners,156.0,0.4811828620116838,0.2050992456776004,0.41847493868682495,205,921.5112000000004
Early Churners,,0.08012177692632057,0.3554747828452191,0.35525816364551954,202,-164.59860000000003
High-Value Core,166.0,0.4332441217884073,0.147283826827469,0.07826117784579478,0,3203.9114
High-Value Core,108.0,0.17223325565752445,0.11038132670695401,0.0018908960426279808,0,14089.7882
High-Value Core,73.0,0.20290491037817981,0.1177326881049483,0.009047769499255339,1,16362.571600000003
Casual Regulars,,0.14216231221494732,0.2590512052469479,0.060686967440831574,4,222.1980000000001
High-Value Core,104.0,0.23105585406873344,0.10856213103715444,0.016677803998372126,2,5321.048000000001
Casual Regulars,,0.14080539450762022,0.23813639013613733,0.05255347190258957,1,-1747.4587999999999
Casual Regulars,,0.12427327185613454,0.1875710963407455,0.02311331082576602,10,-764.7646
High-Value Core,214.0,0.2119226750361759,0.1865909607937108,0.10812859310966784,0,2210.5012
High-Value Core,152.0,0.20803512279161,0.14192474240135242,0.11545870483268902,0,-6928.861
High-Value Core,142.0,0.41362630997136246,0.136719007800318,0.08485834141940203,0,3196.0012
Early Churners,64.0,0.5296724069524964,0.21679505831485799,0.4825584534889398,203,-1262.9651999999999
High-Value Core,213.0,0.1938401426322624,0.13900015115624215,0.13305256448774844,1,2147.4939999999997
Early Churners,111.0,0.10812046460998977,0.41564571812133133,0.6483873633131604,205,-1442.2353999999998
Early Churners,,0.13745479017023965,0.17730361239177608,0.3816086402098058,205,358.14339999999993
High-Value Core,224.0,0.17479122903181174,0.16237785270259658,0.08683045167613489,4,-3827.5575999999996
Casual Regulars,301.0,0.10605398143236139,0.203878175142284,0.09811855958445463,4,-2966.0604
High-Value Core,217.0,0.14501005490227994,0.24113374259020576,0.08463644103138795,1,1739.3564000000001
Bonus Opportunists,1.0,0.4327262992831048,0.333933043021796,0.8235923904869163,125,-2108.1756000000005
High-Value Core,159.0,0.16703940236387319,0.1439255687181277,0.11343334047885828,7,1316.2601999999997
Casual Regulars,,0.22064803702589242,0.17902149115085692,0.013487311098747597,0,-341.9193999999999
Bonus Opportunists,23.0,0.18443481468322648,0.6821556195731499,0.901995377074456,322,-4283.8108
High-Value Core,,0.1930511330552742,0.15002028463028402,0.04687935780005472,0,701.5511999999994
Casual Regulars,353.0,0.16277801552715945,0.20966180854765043,0.04375022861260417,1,338.0222000000001
High-Value Core,97.0,0.3410661869259026,0.13333324720418666,0.045054021655956095,0,-1279.063
Casual Regulars,,0.1622620802562897,0.38185601579222206,0.03515891823184932,0,-690.8262
High-Value Core,116.0,0.11955127105114366,0.17787739767352276,0.17015214368299897,5,-349.6773999999996
Early Churners,,0.39027972661347754,0.1971965950668998,0.5002650734589809,211,-121.78060000000005
Early Churners,,0.1413886756561174,0.16143003577923484,0.3894216462913877,206,-17.954799999999977
Early Churners,,0.6868670451943931,0.3190646515019054,0.4860473761327808,213,201.1038000000001
Borderline Opportunists,,0.33735520400572383,0.506157105012987,0.0,44,-338.1516
High-Value Core,81.0,0.12007141187364703,0.11648772756798781,0.012990741851152189,0,16597.626
Minimal Engagers,,0.06210393868187364,0.2816522653675902,0.10429872679353329,21,-1990.0262
Bonus Opportunists,0.0,0.22896878788037223,0.5249991294000043,0.8079965274783635,169,2931.9028000000008
Borderline Opportunists,,0.21112325997519232,0.15357811316347014,0.03853739675340355,0,-699.9626
High-Value Core,,0.4952623373325731,0.1975849468589696,0.047880265909812696,0,544.3142000000007
High-Value Core,98.0,0.12809344782509,0.1634562600216201,0.08040406492693873,0,-741.9897999999994
Casual Regulars,,0.1943469797194497,0.15303064489552143,0.08011681677890087,2,507.2382
Bonus Opportunists,3.0,0.41426896008366415,0.4252637414764162,0.6314848015148046,252,1651.4532
Early Churners,145.0,0.15138912597967635,0.31706843442991844,0.5587788109530932,203,-4517.1558
High-Value Core,213.0,0.18085689475305577,0.15839944044376641,0.09514985504980825,0,-4150.3994
Minimal Engagers,,0.2590294791748992,0.25351506483807934,0.759362374236317,201,-532.9803999999999
High-Value Core,65.0,0.13421372623596808,0.2342667399150934,0.07070623242710164,0,3966.9052
Casual Regulars,,0.15519256866238595,0.15674565353949463,0.10018171148947005,0,-366.1994000000002
Bonus Opportunists,,0.42173420713378273,0.39754001053639165,0.794231459727221,250,-360.25139999999965
High-Value Core,168.0,0.19094577176930178,0.11063314202362812,0.00732126131259634,3,-4443.7991999999995
Early Churners,,0.08267124407389244,0.18599722153473122,0.5526195572626615,202,-490.962
Bonus Opportunists,12.0,0.48634820558125413,0.43521142080037134,0.7279114918257594,268,-9388.8376
Bonus Opportunists,12.0,0.4452109994139321,0.38266653356124686,0.9132313838488103,159,-9327.231800000001
Casual Regulars,254.0,0.17781101378452846,0.15153601857920496,0.06147221732193309,3,-4264.5074
High-Value Core,120.0,0.08148691729005418,0.14555640679085857,0.06983852537266334,0,3992.613400000001
Bonus Opportunists,9.0,0.14763246568885188,0.6697148094623189,0.7271149878618376,158,-9568.0798
High-Value Core,220.0,0.22210461054573502,0.12233060401035936,0.07149348760606987,2,-9253.4012
High-Value Core,83.0,0.22785459541598294,0.12056449877818998,0.003968611151472162,0,15677.527599999998
Minimal Engagers,,0.6005456531359754,0.40530750386427483,0.1596847546679472,9,-345.1128
High-Value Core,110.0,0.19791501822504518,0.1433943500532576,0.00983362673734846,2,10328.7234
High-Value Core,104.0,0.22504775588466425,0.09733912789159947,0.0048142262230705364,0,9956.093599999998
Early Churners,58.0,0.2065108506539289,0.288251530356282,0.5954986351204246,200,458.3148000000001
Casual Regulars,,0.440590455442163,0.1820838810539073,0.0,7,-794.7806
High-Value Core,218.0,0.15556765648208395,0.14426503637248833,0.07240558290266749,2,-4163.425000000001
Casual Regulars,,0.08854866486251206,0.24488035476360914,0.0,0,-1504.0904
High-Value Core,128.0,0.18977841952261643,0.11268972262185323,0.017551764217867773,2,5453.7016
Bonus Opportunists,22.0,0.22926995898458993,0.6090024498379581,0.8167588601190737,328,-1105.9386000000002
Casual Regulars,,0.38141533523607896,0.2303949098613478,0.08875343179281076,11,-1454.0438
Casual Regulars,,0.09398029243051202,0.2364592053736535,0.07493453114064634,3,-406.4166
High-Value Core,106.0,0.17783647734032382,0.17071830873118957,0.07984091977470656,2,4237.383
High-Value Core,,0.20750470776969,0.2183595724861842,0.06309827528233908,30,-396.83359999999993
Casual Regulars,,0.19849143130789537,0.2214119290678358,0.025288882633776155,18,-62.313600000000065
High-Value Core,149.0,0.49074711295818757,0.2110489252414589,0.08274572169755177,0,-1531.7035999999998
Casual Regulars,,0.17148170818245068,0.24750591710025927,0.07117470411895668,1,-1740.5924
Minimal Engagers,,0.0,0.5652180037388189,0.0,83,-420.0314
High-Value Core,212.0,0.11818729560263364,0.16537895585896226,0.04253401961303311,3,2033.2898
Early Churners,,0.16116817296254515,0.22700958447862712,0.5422126864199137,214,499.7618
Casual Regulars,,0.6061841391148887,0.21729071919326903,0.0,11,-2355.6782
High-Value Core,161.0,0.19045533003972392,0.17354262510065066,0.10166557912958174,3,-122.4038000000005
Casual Regulars,,0.26684587133956683,0.14212812103368205,0.10267126363936159,15,-1561.1133999999997
Casual Regulars,,0.1734786911602089,0.2466957031486414,0.12282753575129,8,-1824.993
Minimal Engagers,,0.2276072144897876,0.446022083503068,0.5126504404304826,246,-489.5014
High-Value Core,118.0,0.12279389940143558,0.11935621443147203,0.0933294803296606,3,120.12700000000041
Casual Regulars,,0.10382968762343653,0.2551126327479785,0.07714143579055671,7,-1432.9022
Early Churners,,0.4358244600913354,0.23047288625035828,0.7013792479484776,206,-1209.7798
High-Value Core,93.0,0.17945607280054907,0.1504352323692641,0.027809217032561236,1,18672.636800000004
High-Value Core,125.0,0.17346558498246678,0.12029227010139146,0.024044748808553604,1,284.09380000000056
High-Value Core,62.0,0.2121477678336934,0.09343393533258347,0.011188585311601983,0,19395.627200000003
Early Churners,,0.6092547151036231,0.2989955335550538,0.586737099516414,209,-128.21860000000004
Bonus Opportunists,1.0,0.224034002432942,0.6040216109409805,0.8015858102256572,134,2102.1647999999996
Minimal Engagers,,0.6695759013214254,0.4231261329540447,0.17164151344604953,31,-339.76779999999997
Casual Regulars,,0.09989654733035482,0.1956336653672055,0.0,6,-804.4567999999999
Early Churners,,0.1160856489459209,0.30800728413357353,0.535249431978169,203,758.9228000000003
Bonus Opportunists,3.0,0.8324043264510329,0.49624040356382265,0.9352162733483305,174,-6436.297199999998
High-Value Core,122.0,0.16164898384835416,0.16005091688461387,0.10685092101855347,0,3723.2768000000005
High-Value Core,152.0,0.1629028436781933,0.10741852672791122,0.003378508657134739,0,14288.163600000002
Casual Regulars,,0.10248240018572907,0.28201768247608766,0.08520263484416567,2,-404.79380000000003
High-Value Core,303.0,0.22265925753313917,0.16514591032260673,0.07610585395523836,0,1922.2382000000007
Bonus Opportunists,,0.4489158982065627,0.3582938698567761,0.8191519114390021,168,479.5362
High-Value Core,,0.2130767319068422,0.14081721115767928,0.08187692959328206,0,64.5963999999999
Casual Regulars,,0.21109078955335467,0.37464001008980496,0.09293068879201913,16,-734.2658
High-Value Core,,0.284756636295771,0.160192544372997,0.0818673355704384,1,594.0464000000002
Minimal Engagers,,0.1384282114086241,0.29706599256622046,0.24493296900422046,24,-962.6322
High-Value Core,166.0,0.16687651696853883,0.15341025662993202,0.10463761001756075,6,-1252.5344
High-Value Core,166.0,0.11941763890860418,0.22582041785542575,0.07723887063470845,6,-203.41800000000012
Borderline Opportunists,,0.582113072932457,0.3303862671032693,0.10754809608598428,5,-2080.1656
High-Value Core,78.0,0.16291991966308272,0.12121561817703479,0.009034733913497729,0,26062.213
Early Churners,,0.0,0.5812344424576096,0.6832802159634064,230,-1828.3074000000001
Casual Regulars,,0.4941302470522503,0.2252895260021868,0.17496936297314428,1,-560.9702000000004
Early Churners,75.0,0.47971038814019246,0.19335436685632112,0.4535284179148629,201,906.2959999999998
Early Churners,,0.0833090960035852,0.2636657420268176,0.7400573011439746,239,-111.77239999999995
High-Value Core,235.0,0.37124701689076006,0.11735443486951883,0.04424311757892108,4,-3756.3044
Casual Regulars,,0.16711259529397246,0.18295987312019055,0.030741415297674643,9,-824.0056
Bonus Opportunists,,0.2955057414683958,0.47186757151654507,0.7088038069076137,173,402.54199999999946
Casual Regulars,,0.6504978354684798,0.29877056856988765,0.08926675138538152,5,479.74720000000025
Bonus Opportunists,14.0,0.36192221128942875,0.5089358911739671,0.9282402852076791,291,-7025.374
Early Churners,67.0,0.6546831907703247,0.31313323171984836,0.543933823230732,200,-1146.0022
High-Value Core,321.0,0.4251525794079198,0.14026195021527632,0.09277473648796689,3,963.1185999999998
High-Value Core,52.0,0.4488784107201813,0.1605815355454342,0.12033480725220282,4,1975.5063999999993
High-Value Core,211.0,0.1619064332431683,0.12526666304660591,0.022372212422798316,0,-5190.967000000001
High-Value Core,121.0,0.11666391684135424,0.18590752020443668,0.06434701715154437,8,-2941.6112000000003
High-Value Core,186.0,0.45800757528689007,0.15022086356053133,0.1598166071375565,8,-3956.3358000000003
High-Value Core,292.0,0.19084517260189005,0.15129291186415295,0.07068530354152598,1,-8493.193800000001
Casual Regulars,,0.36532680697691444,0.13182644900273735,0.07258058911486291,13,-225.88619999999997
High-Value Core,135.0,0.27436377125053196,0.14546991894489347,0.11400687099678132,2,1743.2262
Bonus Opportunists,,0.8232666132113216,0.6998259100872304,0.7622433194118298,202,-1836.5814
High-Value Core,116.0,0.1982611347161207,0.18513439873692286,0.08121320514194215,2,-2105.5559999999996
Bonus Opportunists,0.0,0.979074973543089,0.7119041188571603,0.8021320515510857,130,-6945.1848
Casual Regulars,118.0,0.1669158865055712,0.15938482896853773,0.07953015579763606,0,-470.8678
Bonus Opportunists,0.0,0.9805260357106754,0.7629069828777435,0.9322156309000472,193,-4875.1806
High-Value Core,,0.16459447812363245,0.18148337695759822,0.14840032773953415,2,159.9966000000004
High-Value Core,89.0,0.15948262937392685,0.19283319809875832,0.10979882810793251,0,68.96240000000034
Borderline Opportunists,,0.0,0.28045147198517245,0.28723784051990175,208,-435.5808
Early Churners,94.0,0.13762190794586052,0.2513907159792007,0.48816193256288914,203,-1342.5898
High-Value Core,301.0,0.1140802142746714,0.15036227489586088,0.05340297811003668,0,1479.1656000000003
High-Value Core,113.0,0.3143959587298559,0.09958236600391565,0.021620555274438933,0,9666.8846
Bonus Opportunists,1.0,0.22303566880679293,0.6289746270821909,0.6103440046404079,164,-534.6273999999994
High-Value Core,136.0,0.08343551733924377,0.12864002624028975,0.04644546060621684,0,2812.8146
Early Churners,81.0,0.23624536643884925,0.24165526410387106,0.570872102460826,201,-2769.1188
High-Value Core,75.0,0.1888860401310388,0.12356590675068514,0.006701882464412735,0,13789.2688
Minimal Engagers,,0.04265458657945223,0.39724011219502703,0.0,0,-877.5292
Borderline Opportunists,,0.40138494677712716,0.24684851464888635,0.14445584893013122,13,-870.8504
Casual Regulars,,0.5159004088109106,0.18259134935021698,0.15261002913419897,4,-822.3682
High-Value Core,135.0,0.35061301075811785,0.09439895930689216,0.026462036787534567,0,2522.3446000000004
Minimal Engagers,,0.07614702938680594,0.19987458873599828,0.03361216595976894,12,-450.41179999999997
Casual Regulars,194.0,0.32070670606548857,0.11667803867302315,0.056886423105930096,2,-785.2955999999999
High-Value Core,133.0,0.38101127171433613,0.13608648209876084,0.0,2,5583.6176
Casual Regulars,,0.1895334339396235,0.2330444786027267,0.0924692504350811,1,221.35979999999995
Casual Regulars,,0.4323355343075587,0.19893483432593587,0.09102125138483017,10,110.00259999999992
Casual Regulars,,0.10175780806317022,0.177957303958243,0.06364152649281929,4,-539.689
High-Value Core,167.0,0.1996252545276301,0.10948761635350313,0.018013663108504944,0,-699.1515999999992
High-Value Core,134.0,0.39203247476381914,0.16025725510840674,0.09177936371403922,0,2603.7498
Borderline Opportunists,,0.08264515994098844,0.2758550736162891,0.20041732829450445,37,-951.3708
Bonus Opportunists,3.0,0.3366957183639209,0.4949845439784645,0.6519733382850104,227,-6214.557200000001
High-Value Core,121.0,0.16179082604247216,0.16352115397167277,0.058630498949124796,0,-2173.4634
High-Value Core,333.0,0.16701210459462706,0.1250137137110242,0.06996690987958577,0,1332.1102
Casual Regulars,,0.47695559117275543,0.21936822438222578,0.1058720314872352,11,-162.37560000000008
Bonus Opportunists,0.0,0.542446746721571,0.31649591417343387,0.8849497905988506,119,5205.398000000001
Early Churners,86.0,0.5424553633789638,0.24021272901448065,0.5834032865199844,213,-2914.8253999999997
High-Value Core,149.0,0.10818306355204049,0.21381880181195892,0.06974269792793371,4,-2575.5278
Early Churners,,0.19149239903636947,0.20594661547834536,0.4117672634465697,225,51.99580000000003
Early Churners,,0.3131041746148597,0.19225725982947708,0.6695077165386298,204,-1130.0364
Bonus Opportunists,5.0,0.4793219315460457,0.3280940703789611,0.7701394364733571,168,-4684.6594
High-Value Core,290.0,0.14525761245428295,0.13290785403821886,0.10810536509521959,1,-10493.2848
High-Value Core,130.0,0.2117613921513659,0.1323206931108759,0.0,1,8269.334400000002
High-Value Core,81.0,0.19449075215465117,0.13901958327674666,0.0033132097412543753,1,12454.553600000001
Bonus Opportunists,34.0,0.11974847201052619,0.7472990841568521,0.665777336956964,304,-10642.937399999999
Bonus Opportunists,8.0,0.1799574475928851,0.6455840948113344,0.8248171516629192,159,-6244.685599999999
Casual Regulars,317.0,0.09974371442487133,0.29678889156728794,0.04103363099236453,0,-1490.6572
High-Value Core,62.0,0.16460434980801,0.11028523077168911,0.024888471183875438,0,23995.347600000005
Casual Regulars,,0.4946849440120038,0.24686543556384874,0.08892717800562763,1,314.9104000000001
High-Value Core,,0.31852725852533686,0.12017163303533245,0.04025178723833636,9,-112.5029999999997
High-Value Core,86.0,0.16866490105987425,0.1345713904105636,0.07801599357271151,0,3968.945200000001
High-Value Core,148.0,0.21674835773981874,0.09652933579027362,0.00710733584914593,0,3306.954599999999
High-Value Core,83.0,0.173880363687423,0.12028048448511741,0.013292178133028831,1,18144.278400000003
High-Value Core,85.0,0.1800803436670558,0.14105042571764337,0.07795501379403647,0,4547.5868
Bonus Opportunists,0.0,0.4095924688779056,0.4558018891113953,0.9153188336813312,252,2528.2938000000004
Bonus Opportunists,0.0,0.20710236364314294,0.5811773435002521,0.5569194472636669,152,5551.274599999999
Bonus Opportunists,10.0,0.2388460617117841,0.5848274958066948,0.827329694631333,306,-6038.9252
Early Churners,,0.1156792227850735,0.2925882440791663,0.4818367624580862,210,-950.4100000000001
High-Value Core,189.0,0.14807612188499783,0.13404881326221188,0.03721238228346993,1,-2927.8032
High-Value Core,280.0,0.2097343025973634,0.14674650997198352,0.06206175158946976,2,-10599.3024
Minimal Engagers,,0.0916685512723286,0.18923019630000545,0.041771918230223436,53,-349.7266
Casual Regulars,,0.015196531806013455,0.34660265520917616,0.03000200106886361,17,-2272.1752
High-Value Core,92.0,0.17763283868917046,0.11279368637930469,0.01440883641047722,0,16043.2176
High-Value Core,156.0,0.16773357884487375,0.14083710828497098,0.06886523570892432,4,-3431.7933999999996
Early Churners,,0.6187096580524485,0.3107186228160062,0.46845603450149786,200,-1040.7227999999998
Casual Regulars,,0.15552845729195952,0.1340041620431974,0.2212513928569437,8,-848.8974
Minimal Engagers,,0.0,0.3488050103317604,0.7082507699286175,275,-2499.4712
High-Value Core,123.0,0.13972485033249382,0.15619582944475413,0.0945741899345753,2,2062.2128000000002
High-Value Core,177.0,0.16816602823925658,0.15424150279828414,0.0022553811812815305,3,-3551.3343999999997
Bonus Opportunists,0.0,0.10788028996954795,0.7651714644227449,0.9065534861921913,277,-545.2374000000009
Early Churners,,0.04935635491163221,0.30964284132630787,0.5637443276344473,215,-1021.3566000000001
Bonus Opportunists,10.0,0.952476496344123,0.569451177393961,0.6817298670365247,124,-7913.1908
High-Value Core,155.0,0.40213716223259743,0.15018514803869218,0.04321884368885736,2,2622.9671999999996
Bonus Opportunists,21.0,0.3841191375834065,0.43517373962852557,0.8426276301853075,108,-8585.3956
High-Value Core,211.0,0.43823889929676435,0.13985715334361792,0.05130011365034079,0,-3877.2174
Casual Regulars,,0.038028521391043284,0.18386301585062154,0.010417159716634322,8,-845.0663999999999
Early Churners,136.0,0.11420026996994534,0.2945982974852376,0.6640962345904586,219,848.1612
High-Value Core,50.0,0.36389024272332865,0.11522803883778322,0.0006156203970048838,0,22645.040799999995
High-Value Core,247.0,0.12733619067855903,0.24172973889111363,0.11883690587863364,5,-8712.752
High-Value Core,84.0,0.1868784927759081,0.1388671363142333,0.13459807797054704,1,-1315.7043999999996
High-Value Core,196.0,0.20886961472893498,0.1591352330500629,0.05512486715810423,3,1267.476
Casual Regulars,,0.15537219646095926,0.20646264174519421,0.005776698383322666,44,-94.09340000000003
High-Value Core,146.0,0.1712095721135634,0.12429646817416255,0.07715390389507752,1,-585.2711999999992
High-Value Core,331.0,0.16329871680028507,0.12039606301968313,0.07224489187864647,0,-10679.8308
Casual Regulars,,0.042631897587075654,0.3309283991426777,0.1008874945778869,0,173.68359999999984
Early Churners,157.0,0.12642655757074928,0.28016344249972575,0.42661456181327023,204,-4992.7932
Bonus Opportunists,1.0,0.3081450270570616,0.4771849426672892,0.7124822090660619,200,3267.4038
High-Value Core,80.0,0.38262684075970804,0.12268910391762862,0.004459958339978308,0,20005.267200000002
High-Value Core,210.0,0.17081377800612887,0.1370630594667007,0.09133103653222904,0,-3828.9922
Bonus Opportunists,0.0,0.9759578605692505,0.760313276032785,0.8320731859431313,136,225.47699999999986
Bonus Opportunists,6.0,0.15775777152890189,0.606318800325443,0.9002442291596111,213,-8611.7238
Early Churners,153.0,0.552858191889123,0.24035149297852013,0.5170072977597748,209,820.9017999999999
Casual Regulars,,0.20140072737786768,0.17052090004207068,0.05476860931324364,1,158.12040000000013
High-Value Core,176.0,0.38856613984468497,0.12049039117297868,0.015532791311691234,0,-2204.1715999999997
High-Value Core,170.0,0.1742814185946935,0.1423773438760835,0.01648875489284308,2,-2238.1258
Bonus Opportunists,0.0,0.2488166041666331,0.5466127150845601,0.7691802777799934,282,-1010.0294000000004
High-Value Core,173.0,0.1556580915977276,0.1129932162552811,0.025323643500686055,0,12970.2104
Bonus Opportunists,1.0,0.2500182717893548,0.583559110393206,0.9071315353711645,250,447.1661999999992
Early Churners,,0.3772750595001327,0.1912359956900505,0.5315061432499053,204,-73.27959999999985
High-Value Core,239.0,0.13357353034023903,0.15607330489652108,0.10578193228401835,0,-7884.6584
Early Churners,,0.1592606539483142,0.2786029573745338,0.6735323145949494,201,147.05880000000002
Casual Regulars,,0.36915001251195556,0.16506499001689118,0.10398947699161593,5,-174.48520000000008
Bonus Opportunists,5.0,0.3072473356341299,0.40416266136707674,0.7398402465759374,199,-7192.900000000001
High-Value Core,135.0,0.16447165426111457,0.16887705459855273,0.08329395503438121,0,3302.7418000000007
Early Churners,,0.13277810912565957,0.3021369246490346,0.686100643530301,221,-1327.8544000000002
High-Value Core,218.0,0.5564636116105153,0.23240638673407477,0.0542898444710238,1,-2385.9174
Bonus Opportunists,0.0,0.4629113515601903,0.35073125241152764,0.8513040363307847,309,-5081.774600000001
Casual Regulars,,0.16694203051045325,0.26222446316229603,0.002796145045552914,21,-1338.9573999999998
High-Value Core,180.0,0.0785071153615117,0.2365529622312096,0.06051949462583253,4,1830.5160000000005
Minimal Engagers,,0.11002058624657916,0.3239584425185977,0.25315056211942283,0,-881.4377999999999
Early Churners,71.0,0.07546194248156379,0.3760722909977326,0.6780427198970047,201,-4478.4886
High-Value Core,188.0,0.11226159622735467,0.11871022994621266,0.06564367946733696,1,-634.4155999999998
Casual Regulars,,0.5414724330831666,0.25177682360704823,0.030198445494370053,9,-1362.692
Bonus Opportunists,3.0,0.3143849206782054,0.4142544342445299,0.7593167713155009,171,-3349.6588000000006
High-Value Core,121.0,0.1415541116416323,0.1486272901472165,0.0654315092973597,0,-235.3199999999988
Casual Regulars,,0.0,0.24386645024469758,0.12230693865179887,0,-822.5578
High-Value Core,300.0,0.1313594940661549,0.1370032936912873,0.0698524124653846,2,-10596.6198
Early Churners,,0.07842098291164393,0.21653450255332946,0.5537413440976826,213,-1513.0410000000002
Bonus Opportunists,2.0,0.9551551372661257,0.7698968968504892,0.9169188662100989,207,-8302.222999999998
Minimal Engagers,,0.0,0.7936576002799922,0.8831824632469447,212,-1770.9684
Bonus Opportunists,5.0,0.9879222337695146,0.42250605928550905,0.8402694602183011,307,-7620.087999999999
High-Value Core,362.0,0.16939387078369272,0.13940319979248186,0.07486418583952233,1,876.6674000000007
High-Value Core,109.0,0.1335248247158233,0.1728320334051962,0.09586178665537129,1,-2010.9168000000009
Minimal Engagers,,0.0,1.0,0.8898777556135236,260,-2537.4368
Bonus Opportunists,55.0,0.969862685522085,0.5666642794417077,0.7651589116563083,178,-10514.327399999998
High-Value Core,282.0,0.5836124761541605,0.2171345368920894,0.058851346978716294,7,1497.5353999999998
High-Value Core,179.0,0.4578591951326471,0.15284346060887988,0.08618031504336704,0,3325.8085999999994
Casual Regulars,,0.12399576588837517,0.22688599124576775,0.08188165579360815,16,59.45620000000008
Early Churners,,0.48362638173013567,0.15714530335574464,0.46368456173441636,200,234.34159999999997
High-Value Core,203.0,0.49804671211054335,0.17722614283068888,0.046578565931449926,3,-2326.6024
Casual Regulars,199.0,0.1515670638575939,0.11455717376522022,0.07868336521882899,0,1125.8175999999999
Casual Regulars,,0.31109722851527283,0.2580208600895234,0.11437735168563676,17,-1672.0808
Casual Regulars,,0.2728362110404041,0.12226217750689945,0.11036706517646187,3,-2334.9626
High-Value Core,174.0,0.18953542932992604,0.141319253953538,0.10079444120906805,1,1455.0234000000005
High-Value Core,134.0,0.16332280591759282,0.11339384044036274,0.00737536999176566,0,10010.344999999998
Early Churners,,0.20121994112893019,0.2751291389076684,0.7049927857146208,231,167.64359999999988
High-Value Core,191.0,0.17920657698366343,0.1556699897128384,0.0200882647924949,0,-3576.285
Minimal Engagers,,0.018309790047447854,0.34393694040631184,0.0,20,-1926.9002
High-Value Core,123.0,0.35057132253335016,0.10298855676491576,0.003969501641760598,0,7579.561200000004
Early Churners,,0.1856925846678105,0.19110395103988467,0.6126360917444327,201,374.61220000000003
Bonus Opportunists,1.0,0.3360095465179421,0.493235641362689,0.9251244421286661,307,-1212.3804
Early Churners,,0.5253278575899606,0.19686751465881586,0.5545036893153716,203,-896.9740000000002
High-Value Core,90.0,0.17206192797753436,0.12691155128410603,0.006618340345161172,0,12799.541799999999
Bonus Opportunists,14.0,0.27797446432625,0.5296079601894806,0.7557518778362842,193,-8103.0856
Casual Regulars,,0.1674673935035324,0.20615429170268507,0.17232783263548362,5,-1208.5258
Casual Regulars,,0.22230337626031943,0.30633264556534345,0.054628795976062086,6,-1780.9814000000001
High-Value Core,151.0,0.09673161193220892,0.21144869670003666,0.06371146865024942,0,636.8822
Casual Regulars,,0.16324314671981474,0.16129947329857147,0.09883319988709871,4,-863.97
High-Value Core,91.0,0.15000782187042996,0.15316088871285044,0.008039774626701928,1,20457.224
Bonus Opportunists,,0.2873235561999294,0.5450436809573623,0.8552225877804419,316,-2062.01
Casual Regulars,,0.03825680634303033,0.3289481373871196,0.05105053834560859,3,-1697.9958000000001
High-Value Core,300.0,0.08309735562905528,0.14809981432724031,0.11828592359267148,1,1432.1228000000006
High-Value Core,351.0,0.24106358811354753,0.11103808804020279,0.09493933925299661,2,958.6934000000001
High-Value Core,209.0,0.11410945251712586,0.19183104310978252,0.1026553523835353,7,-3984.7234
High-Value Core,135.0,0.24163974179972292,0.10394780486177271,0.01163178387844032,3,-610.270199999999
Casual Regulars,,0.17162683467761428,0.1359655295228412,0.14713876750880586,8,-165.6938
Bonus Opportunists,1.0,0.2076231697385536,0.6204766358083159,0.9068156385993634,150,-837.4328000000005
High-Value Core,259.0,0.16281801156999562,0.13594435887944228,0.05930466744268489,1,1715.8874000000005
High-Value Core,142.0,0.13749046386720962,0.18582329383841728,0.10106910044333207,2,-803.3876
High-Value Core,,0.43870488267097635,0.13303641179411227,0.057907953015996515,4,716.3627999999999
Early Churners,148.0,0.08467874935210133,0.33984950571448475,0.5562860627894125,205,-4605.9392
High-Value Core,104.0,0.34352082688099667,0.10594699712045584,0.1563386417667639,0,-439.3626000000004
High-Value Core,139.0,0.17519700431764296,0.12283807841538046,0.06785666236450535,0,-1513.932999999999
Bonus Opportunists,9.0,0.4263092392896743,0.34459452389938006,0.8372877659747636,289,-9187.0432
High-Value Core,71.0,0.1800151729324139,0.14790917152007782,0.05523795902048008,5,2134.0416000000014
High-Value Core,124.0,0.44811738542927226,0.1303749252550176,0.08767222053928124,1,1583.953199999999
High-Value Core,203.0,0.4347197385118471,0.14840749685563054,0.07829414591156425,3,-326.7225999999996
High-Value Core,140.0,0.12181379597729823,0.18411473704124348,0.09396281710421035,1,-250.94440000000077
Early Churners,,0.20937256147922909,0.2088063464727171,0.3530846907319107,207,-633.5654
Early Churners,,0.2005519495642215,0.27275008042630067,0.411111666698632,228,-616.0336000000001
Casual Regulars,336.0,0.18206089049585944,0.1439605080436845,0.10082596237307391,3,-1412.8968
Minimal Engagers,,0.17732726567026488,0.2408774782500487,0.4449494580166842,18,-1586.6724
High-Value Core,173.0,0.1704380392303099,0.15723731671330865,0.10308589528908099,1,-1666.2582000000002
Early Churners,,0.2298798643702423,0.22444399183601593,0.4794534390227472,205,-254.67000000000002
Early Churners,,0.5817173472914196,0.33340089749938673,0.47283747933211023,201,-1652.5324
Casual Regulars,,0.11859669977410173,0.16623461404548412,0.08880882583194971,9,239.2274000000001
Casual Regulars,,0.7062829880958743,0.3042710918416182,0.04476484139748732,0,-1668.5204
High-Value Core,70.0,0.20264396283048014,0.11803635867581398,0.009971145411840104,0,19308.664200000003
Bonus Opportunists,15.0,0.35387077898862024,0.4248931311664201,0.764647825818843,174,-7181.580800000001
Early Churners,,0.13078982480072593,0.30813806322955595,0.5513775447081706,201,-1365.1466
Early Churners,,0.11002826381741246,0.3682601059160617,0.47140387851459753,242,-1893.955
High-Value Core,58.0,0.16371468785145732,0.13473183415967155,0.0763078813192862,1,4769.8436
Casual Regulars,322.0,0.20031169898887036,0.13002921607215537,0.07236880216069139,3,-3056.7162
High-Value Core,81.0,0.1902959941989311,0.15595052947372492,0.06505823324926213,2,1858.3692
Early Churners,,0.06582262694090343,0.3074560705130969,0.41672444589055424,202,-1552.1316
Casual Regulars,,0.5607249207518172,0.3193089060602096,0.006580866031411964,4,-37.78120000000001
High-Value Core,138.0,0.23356088040485729,0.11768240578593203,0.015564469537781747,0,-3185.1947999999993
Early Churners,,0.15947521526420683,0.47299342602675837,0.5649299336111019,204,430.59400000000005
Casual Regulars,,0.03776786155235836,0.21450976711664968,0.10805694200388824,2,-1823.3782
High-Value Core,,0.16799651088232656,0.15111857932919365,0.15729270515233884,1,489.8355999999999
High-Value Core,213.0,0.5147485225541722,0.16830992823128896,0.13769606993515318,3,-7813.221000000001
Bonus Opportunists,,0.14410996396339634,0.6863047501445356,0.7903229583110195,307,714.0747999999999
Casual Regulars,309.0,0.12344572055358054,0.2546657642065763,0.15847109620557767,1,405.183
High-Value Core,228.0,0.3774975724679786,0.12948619064337466,0.057256242489448786,0,-2302.3990000000003
High-Value Core,133.0,0.15191240545673054,0.26439485400444385,0.07656747782897748,1,499.1528000000003
High-Value Core,146.0,0.21435853657571377,0.12092988534030194,0.006086139227195775,0,15438.045399999999
Early Churners,,0.019960216712491687,0.28955331167580756,0.5461057142669057,243,-235.42479999999995
High-Value Core,103.0,0.154358873711327,0.1784178592247465,0.0510354728936269,0,-1799.6459999999997
High-Value Core,98.0,0.16899636642500848,0.1353382753690972,0.0031674007360597113,0,17766.056200000003
Minimal Engagers,,0.0,0.3801912983465351,0.0,44,-1058.5868
Casual Regulars,,0.09505773893352866,0.47718830494310527,0.008757607430727779,0,-1482.7444
Bonus Opportunists,10.0,0.15689364084222926,0.6747421427589578,0.9062569153903818,152,-8218.314999999999
High-Value Core,182.0,0.19468407355862954,0.15230205476741515,0.0884069285921799,0,-73.17719999999963
Bonus Opportunists,1.0,0.3002020995321166,0.4198059805546912,0.7820279551177047,197,523.7130000000006
High-Value Core,293.0,0.15078710667840603,0.13209148432034795,0.06863883955089052,0,1801.3855999999996
Casual Regulars,,0.19555472896865458,0.18871926253615962,0.028418357628488853,2,66.73099999999988
High-Value Core,,0.398706472536729,0.1381690261575114,0.10663014334407726,4,792.2433999999998
Casual Regulars,,0.10241660712107217,0.2745840358643561,0.14520937538123707,2,-232.7744
Casual Regulars,334.0,0.1380354037143034,0.12641362673873127,0.0731014073252091,0,972.3781999999999
Casual Regulars,331.0,0.1213546506759365,0.24231598412399719,0.07002943116762694,3,479.2339999999999
High-Value Core,211.0,0.515744931482052,0.1749584987383425,0.04639833564957514,6,-6799.514600000001
High-Value Core,72.0,0.15794884658439412,0.10948625760156228,0.037772442594939594,1,5560.505000000001
Minimal Engagers,,0.08699098229001544,0.23180449933155284,0.0,31,-2523.7944
High-Value Core,109.0,0.3340413519034738,0.11153482165280386,0.06389708704456121,10,1066.3847999999998
High-Value Core,182.0,0.1848173730140295,0.20416979174570332,0.10436418223699537,0,2343.663
Early Churners,,0.08980663314314144,0.40813657245073504,0.5947505084964397,205,194.59680000000014
High-Value Core,123.0,0.19045748671233337,0.1754134188548439,0.07090874029500954,0,-376.7604000000001
Bonus Opportunists,5.0,0.37756523284728355,0.3801632889772931,0.8113883621311743,172,-3394.9824
High-Value Core,88.0,0.49225394910733133,0.21562425062916837,0.1411901405873291,0,101.14480000000049
High-Value Core,259.0,0.48426433627524534,0.14141073466869628,0.09560310512890542,0,-8554.5824
Casual Regulars,,0.4575590354585076,0.22976762448101135,0.08786596289888082,2,-1458.5249999999999
Borderline Opportunists,,0.24825458172297718,0.3039745490024339,0.1888848590631411,233,-2058.8304
Casual Regulars,,0.2871191993497635,0.2633923747922969,0.059483058355273205,6,380.66420000000016
Minimal Engagers,,0.42728369469176924,0.19215984124618002,0.07051829771533435,6,-535.2144000000001
Casual Regulars,,0.3214638773305536,0.15574982554318187,0.03284395228097966,0,-1650.5168
High-Value Core,240.0,0.4001527596350149,0.11938125811444289,0.06882861427225907,0,-1026.6509999999998
High-Value Core,73.0,0.14712600451995467,0.1270222115514527,0.059478813894753416,0,2595.8918000000003
Casual Regulars,313.0,0.1568824511503113,0.1585428769538032,0.06181186485536242,19,1205.0582000000002
Casual Regulars,192.0,0.5119494813229498,0.1526679239604079,0.025517960942524055,3,-314.5746000000004
High-Value Core,160.0,0.20370321340944839,0.11483146085182933,0.011018512185461652,0,14660.987399999998
High-Value Core,128.0,0.1280778320785043,0.12187170601549091,0.00431449611570878,0,4910.641999999996
High-Value Core,64.0,0.15300219735073536,0.20235286813191594,0.08164613490590547,2,3022.4684000000007
High-Value Core,125.0,0.19860698721479156,0.12037332677464593,0.003716655069067094,0,7232.104000000003
Casual Regulars,,0.5384754295985099,0.20160694751339975,0.0,20,-368.8536
Casual Regulars,,0.19516176947079372,0.12195310670243142,0.026521217243215385,3,710.433
Casual Regulars,,0.5645299721033085,0.28168768619156603,0.059992985178285635,19,-355.58639999999997
Casual Regulars,,0.10295605996526581,0.2993261990436938,0.044472589898208424,21,-1351.2202
Bonus Opportunists,43.0,0.31220478797519147,0.511133905543626,0.7856587156299575,105,-10409.4102
High-Value Core,112.0,0.13972654106958182,0.14643899993098114,0.0532305896395324,1,820.7033999999999
High-Value Core,306.0,0.17933122937370488,0.13697284296943554,0.05101977510705362,0,1465.4062
High-Value Core,100.0,0.20874878989531687,0.09613365702368659,0.0023767665001038028,0,11467.901600000001
Early Churners,,0.10107374317267968,0.282562070957171,0.4439783602748129,201,840.685
High-Value Core,98.0,0.18892572499329693,0.11561336238472811,0.020601838238075085,0,11010.9594
High-Value Core,105.0,0.15481280004348902,0.103104166029209,0.01775043481509698,1,12070.7882
Casual Regulars,,0.15713212463815324,0.20335448468185038,0.09825858231368285,9,-1743.1768
High-Value Core,87.0,0.15538571645789212,0.12375979733312242,0.0066142815262610136,0,27179.888
High-Value Core,,0.5558511690336975,0.21892411362293568,0.051084925489312656,12,586.4496000000004
Casual Regulars,,0.21752510141940296,0.17412415314018587,0.05734337541878105,1,-353.24940000000004
High-Value Core,352.0,0.427727060520774,0.1719607722821034,0.0225662880236867,0,845.4897999999998
High-Value Core,115.0,0.2091674446643248,0.10548816552798981,0.00028299546457349,1,4041.9500000000007
Casual Regulars,,0.1349499920234882,0.29467446751053983,0.05850649385680145,6,-1021.4642
Casual Regulars,,0.5161092158239919,0.2906352434123978,0.03132203715940372,10,-1709.3678
Casual Regulars,,0.10011080244811378,0.1675598670954709,0.1250066895001605,2,-2271.1264
High-Value Core,70.0,0.15204381026839264,0.1268169467056018,0.06505408520571065,1,1558.2632000000003
High-Value Core,193.0,0.3541389488954651,0.11034230903517317,0.1268943079153753,0,-1941.9579999999996
Early Churners,,0.10451324333698357,0.3042083525134041,0.47395434186953767,208,-41.53819999999996
Casual Regulars,264.0,0.13939592912475215,0.20710484458680248,0.06593983458186352,2,-3994.6444
Casual Regulars,,0.16007747316166213,0.36419173909434716,0.01724576658720998,15,-936.217
Bonus Opportunists,35.0,0.5075798253955398,0.3126525965558117,0.7739906148352795,307,-1199.822
High-Value Core,184.0,0.22546009947607534,0.1211983147195763,0.045842078875549336,0,-2235.6526
Casual Regulars,,0.11726158378464344,0.24917666271012878,0.06869098337835193,10,-710.7946000000001
High-Value Core,172.0,0.0654794716450117,0.23619632886022107,0.0688277066008052,11,-1263.1373999999996
Minimal Engagers,,0.19937449113641612,0.32634121113509296,0.01892293494959559,7,-798.1017999999999
Bonus Opportunists,29.0,0.9797112456922792,0.6121369882783616,0.5754787485769577,307,-8370.061
High-Value Core,145.0,0.2007258953209642,0.1705768226582837,0.08828666674190161,0,-3683.4388
High-Value Core,287.0,0.17045617339445832,0.20371858740747717,0.08798894681145193,4,-1107.2825999999995
High-Value Core,74.0,0.41133964614220087,0.11375991048330301,0.014732160500321006,1,17669.901400000002
High-Value Core,132.0,0.1429251004957316,0.14174162871226514,0.09322964162440874,1,-375.9399999999996
Early Churners,,0.11029673083625292,0.28972873822107204,0.4318479499513914,205,-1204.3648
Early Churners,,0.1462762661190952,0.3846049172913644,0.420062001594418,206,250.3678000000001
High-Value Core,246.0,0.18475998953039682,0.16567634755369615,0.014661644426504607,6,-961.9017999999996
Early Churners,,0.08211114105535493,0.25135039729709385,0.7301689214682263,201,-2136.175
High-Value Core,333.0,0.22962336794449176,0.13992496855031308,0.07534981815610464,0,1065.5616000000005
High-Value Core,114.0,0.1211524897029283,0.2660059850420433,0.08629576858561548,3,363.24119999999994
Bonus Opportunists,0.0,0.1829247646184473,0.6520978831668537,0.8549342862737439,151,-6353.633199999999
Bonus Opportunists,13.0,0.749960807197626,0.5162651714226626,0.9026398715364283,264,-4422.110799999999
Casual Regulars,,0.20578173415939738,0.13893580870579675,0.08773903410594452,6,-1236.5544
Casual Regulars,,0.46927552725233396,0.15015313042082007,0.0643617329869594,9,-1917.4236
Early Churners,,0.24211851537352136,0.22765048261671522,0.634321105685991,245,-2207.1362
High-Value Core,106.0,0.15934492079965995,0.1588378442941545,0.054680307077431524,0,1364.6929999999993
Bonus Opportunists,2.0,0.9437287130379717,0.5413561938352938,0.7436709721645977,137,-5774.7724
Casual Regulars,,0.12372260234693322,0.22666961709476288,0.10063621532419655,3,138.2116000000001
High-Value Core,65.0,0.3921625567512609,0.09429580103559596,0.010300248400172077,0,15103.447400000001
Early Churners,56.0,0.23176417726381177,0.35704534029686974,0.5112022899920113,208,812.6334000000004
High-Value Core,276.0,0.1303000397087266,0.19112905159071003,0.05325859886415457,1,2008.143
High-Value Core,,0.45612788912610464,0.16660086037458843,0.13352906393741043,1,112.29939999999988
Casual Regulars,215.0,0.14474824872723965,0.16853116965807002,0.06758093887649833,5,-4264.836
Bonus Opportunists,2.0,0.9690720832895916,0.5331027730533122,0.7821697424153665,119,-721.8297999999995
Borderline Opportunists,,0.0,0.5969863324774487,0.6371396367830725,221,-1716.4246
Casual Regulars,,0.14229581900684635,0.21904319615902812,0.03677824513552098,2,4.8134000000000015
Borderline Opportunists,,0.5703846313631717,0.24893944188631545,0.4598417006426736,230,-819.6825999999999
High-Value Core,80.0,0.1980041600192952,0.13150665789320704,0.014611240700088806,0,16464.221800000003
Casual Regulars,,0.20770503205605478,0.22161741317896932,0.03211421859512378,1,42.73020000000008
Casual Regulars,,0.22315176160741773,0.14578474316280443,0.058411628097768356,0,318.46860000000015
High-Value Core,362.0,0.15513531198866745,0.15149528677394303,0.06328654630093695,0,1052.6534000000001
Early Churners,163.0,0.5618969810987477,0.2343761005564649,0.5017922267704508,201,2.470600000000104
High-Value Core,127.0,0.1092261788274774,0.13034788975356035,0.006865848973604542,0,7965.337600000003
Early Churners,,0.640813387938807,0.37895639645134493,0.60936873984192,203,-187.1214
Early Churners,,0.11046481813461652,0.25917645106155396,0.5136652770981879,202,148.81759999999997
Casual Regulars,,0.1010001211452262,0.2571155046181625,0.030011710705199823,18,-402.83599999999996
High-Value Core,167.0,0.18889622770492712,0.11063716262800502,0.004090528411078483,5,7266.5548
Bonus Opportunists,0.0,0.9932224126653681,0.700326747430988,0.9133506637125666,222,3935.7546
High-Value Core,,0.12463477002059309,0.16841008675703292,0.0769028553992307,0,644.6459999999997
High-Value Core,77.0,0.19833031976512694,0.10169471643745301,0.0026599260398776697,2,15095.752400000001
High-Value Core,192.0,0.19167752887016323,0.14206968440339357,0.048895815629883134,3,1946.5570000000002
Early Churners,,0.17849116906141388,0.26660595583952357,0.39765649463849784,203,-1572.9744
Early Churners,,0.15336460931134624,0.24236524662511272,0.44408290125077615,202,-25.261999999999716
Casual Regulars,,0.20684162698527353,0.17463650658109858,0.16347011188382607,14,-608.5437999999999
Casual Regulars,,0.2432268334353924,0.1984000527578832,0.028440488766126832,1,109.00860000000011
Casual Regulars,,0.12066049396101222,0.16751007198389176,0.2061411735368736,7,37.87199999999996
High-Value Core,106.0,0.15619526080421134,0.13246755753200826,0.009303683202727002,0,16010.069400000004
Early Churners,,0.09217575023877166,0.2274582137118576,0.4891061252109735,202,-921.8276000000001
Casual Regulars,276.0,0.22242535803740804,0.18037933963312855,0.08656201469919478,4,-2622.2317999999996
High-Value Core,149.0,0.15080401426947143,0.19088334225822745,0.031062382945956177,3,1726.6395999999995
High-Value Core,116.0,0.18111282354675234,0.11973401240267435,0.008958635442460172,0,12050.239399999999
High-Value Core,233.0,0.48066123480045575,0.14748034452148673,0.06868621170847732,1,-9994.6436
High-Value Core,178.0,0.11575259416925576,0.19021063791778195,0.03354336642887059,1,2157.0418
Bonus Opportunists,,0.48528483646099047,0.31884181363105046,0.8050462086022678,308,-270.09960000000024
Early Churners,,0.17777889453938506,0.24203618253111464,0.4239469467314241,205,139.7295999999999
Casual Regulars,,0.04896655700029985,0.3859846574293383,0.01013753378583815,5,253.80200000000013
High-Value Core,267.0,0.3759285899230692,0.13442875465253012,0.06141617698043158,0,-921.3300000000004
High-Value Core,,0.1532179378147558,0.15662899846088024,0.06308628471599613,6,523.056
High-Value Core,141.0,0.19350059857809596,0.11792896770284483,0.0,0,1888.9406000000017
High-Value Core,84.0,0.49950741817664,0.17674147812069418,0.05352861926280932,0,2328.639399999999
High-Value Core,80.0,0.43378062644074916,0.1413206213411982,0.016331241856810105,0,8719.061400000002
High-Value Core,,0.13369395651267182,0.17177473514014263,0.03988168095370741,1,651.1385999999998
Bonus Opportunists,,0.1587281065453087,0.5880667746185045,0.8583990502862378,312,181.2037999999999
Minimal Engagers,,0.0,0.7438520267932076,0.8491790563544781,255,-1978.243
High-Value Core,201.0,0.16535676897756743,0.1888344634244897,0.06272645479934957,3,2382.7344000000003
Casual Regulars,,0.14941820188801638,0.26550933268471216,0.15378399887019562,18,8.406600000000026
High-Value Core,245.0,0.22591350080540487,0.12405196948093793,0.08773517862323486,0,-8142.833
Bonus Opportunists,,0.4969762316074038,0.3301887264354415,0.7149529844100632,318,42.30379999999968
High-Value Core,146.0,0.13878338342538382,0.20960442942799754,0.04243960003602153,1,-2899.6918
Bonus Opportunists,16.0,0.45959159788597137,0.37033520267378767,0.8428431279832458,307,-3824.4584
Bonus Opportunists,0.0,0.968015826595303,0.6584929614459595,0.9155074436758629,312,-2375.9393999999998
High-Value Core,82.0,0.39401908060103674,0.12279922729620107,0.0777333380351417,1,4010.0905999999995
Casual Regulars,,0.05481383489997435,0.41886090883250926,0.10086647801141864,0,-857.7177999999999
Early Churners,,0.14032586589609441,0.3068858602306606,0.5885007355849945,209,-167.62439999999992
Casual Regulars,309.0,0.15094384873708058,0.22420451324197704,0.20419047465555998,0,-1457.5978
Casual Regulars,,0.3199579098456048,0.15859448101075807,0.0,6,-646.3072
Borderline Opportunists,,0.2883502611163727,0.19350487229297308,0.03766369873791279,0,-365.2708
High-Value Core,144.0,0.20974807516512642,0.1254113123144053,0.09110610607848163,1,-1679.2051999999994
Early Churners,,0.3674918674197551,0.19229637813782877,0.5702693686868495,201,-883.9969999999998
Bonus Opportunists,0.0,0.9657451518673124,0.7160204517403775,0.6893644733076619,150,-449.0126
Casual Regulars,,0.36237494099194445,0.2055708216732821,0.09066987467450394,22,-240.31699999999995
Borderline Opportunists,,0.17687678380208557,0.22878353801417664,0.12670044169987615,51,-1527.6884
Bonus Opportunists,24.0,0.465615965354381,0.36477631199246163,0.7703154801390923,307,-2271.8788
Bonus Opportunists,25.0,0.45138826438227975,0.4104832780210989,0.8527694029446761,145,-10579.364
Early Churners,,0.6102873533908291,0.3369835793900988,0.4362194549222827,204,-1058.8105999999996
High-Value Core,305.0,0.15111750388658474,0.14900320977061002,0.09272115032068015,0,1496.0126
Casual Regulars,,0.20326248106946299,0.1734537617519567,0.15669808197107424,5,-842.2579999999998
Casual Regulars,,0.4658291633388359,0.19026564744235244,0.08585445760531586,1,-9.950599999999895
Casual Regulars,,0.15396329762351318,0.31097311547054957,0.10128020936372603,10,-647.6216000000001
High-Value Core,,0.38009518709835355,0.13504818785400358,0.0705211808014414,3,246.0877999999998
Casual Regulars,,0.5515439249599734,0.29971506146068866,0.05522845823510245,16,-257.42019999999997
Casual Regulars,363.0,0.13658465353300148,0.1667485855958899,0.1445334469563572,1,17.593599999999924
High-Value Core,121.0,0.13131324045475373,0.13072142818286336,0.007210853970689219,0,6820.6168
Early Churners,,0.029367243018178373,0.2012058549557564,0.57606069213828,206,-274.71239999999995
High-Value Core,166.0,0.41719519676236966,0.1395970548921643,0.10223313736717936,4,2230.337
Casual Regulars,,0.15631604844764063,0.18526896678317706,0.09001146339913121,11,-300.0924
Bonus Opportunists,46.0,0.5294859954586345,0.41309899354464297,0.874594914221547,263,-9230.1122
Early Churners,140.0,0.16891975635533543,0.2915389487535336,0.44400927526303585,203,-4591.2126
High-Value Core,129.0,0.19885801042751525,0.19902706885072105,0.1562248610650526,2,-1621.3038000000006
Casual Regulars,,0.24740388669850477,0.1832571479070451,0.10390572063828492,4,-1668.4535999999998
High-Value Core,,0.14850395336872557,0.14507731002790641,0.09431024158450227,0,693.4057999999995
Casual Regulars,,0.1805072028288234,0.24027233496313793,0.08145490981498034,2,-239.71299999999985
Casual Regulars,,0.48475977902599693,0.2566364549441537,0.11783602707469827,7,198.827
High-Value Core,126.0,0.2803469660532681,0.11521610522247813,0.0015869984826044482,0,11509.1508
Bonus Opportunists,6.0,0.9265542960326375,0.5353229897348563,0.6018638810177753,109,-1594.8348000000005
High-Value Core,120.0,0.20394621689260511,0.16757542918540846,0.09446429358549893,0,-2202.4341999999997
High-Value Core,155.0,0.21081794380385083,0.09856103448791173,0.017233418841130808,0,13905.624200000002
Casual Regulars,,0.21815713246466717,0.2189739357137757,0.11467766509651471,12,-1121.2122
Bonus Opportunists,1.0,0.2277152433698972,0.5278433452518699,0.7341689687957004,129,-6288.273599999999
Casual Regulars,,0.14637185892507204,0.22228660060190977,0.05234620165908911,9,-1810.3404
High-Value Core,99.0,0.13022358939866482,0.14776318344053652,0.010823723395150484,1,11539.771200000001
Casual Regulars,,0.2024309365459688,0.2598956262183731,0.07272127301182095,16,-1956.9391999999998
High-Value Core,149.0,0.1875146560659992,0.15857130209281453,0.13706293793855592,4,-3324.9105999999997
Borderline Opportunists,2.0,0.2523914438757037,0.48875080992195963,0.6770662816740358,313,56.447200000000066
Casual Regulars,,0.11671316427264723,0.25066420688169433,0.11003544780651514,2,-129.69399999999996
High-Value Core,99.0,0.1652133682897907,0.20116587088131524,0.10293635079215414,1,-1325.2980000000007
Minimal Engagers,,0.16247744095414957,0.5238217358506503,0.6895940679517694,142,-1169.4136
High-Value Core,284.0,0.46786359465177596,0.1250279053508578,0.0555457216039109,7,1888.5378
Bonus Opportunists,25.0,0.18033604799239855,0.6725059847730549,0.7793368060728901,151,-9264.154999999999
High-Value Core,140.0,0.17286319724779586,0.21566354926396297,0.07598300288491988,0,-1637.8310000000001
High-Value Core,282.0,0.5132281610351795,0.18183073334767222,0.06449010458730259,0,-10197.687399999999
Bonus Opportunists,0.0,0.20167104537266253,0.6381525042623615,0.6132821804537729,143,-2180.6238
Bonus Opportunists,2.0,0.128799742117793,0.6285593639258859,0.8333477877554771,127,285.76800000000003
High-Value Core,96.0,0.11663205478842897,0.23546730813052427,0.10079603468131716,0,4419.2788
High-Value Core,177.0,0.11556455523845165,0.24734787918387716,0.10674408636018093,1,-1800.9878000000003
Casual Regulars,352.0,0.07883524268039928,0.18501458491669404,0.023170716700055553,1,476.47260000000006
Bonus Opportunists,0.0,0.3508294807937866,0.4281148097905838,0.7891984166917417,116,2262.2843999999996
Casual Regulars,223.0,0.25610939043031355,0.18446646458227559,0.1752812773999489,0,-3954.4668
High-Value Core,,0.13349087410319935,0.18057926333778507,0.08106242242409893,0,705.4723999999987
High-Value Core,131.0,0.2963440261959822,0.12148574875472075,0.038525085054512596,1,6073.331399999999
High-Value Core,322.0,0.1673292488519929,0.14609901456129545,0.07030787302857668,2,-10798.4094
Casual Regulars,,0.09241166481424312,0.39061693747558884,0.04103299043641121,4,155.4068000000001
High-Value Core,230.0,0.4359528614694261,0.15683454157179227,0.028907064054410393,0,-7922.0344000000005
High-Value Core,192.0,0.18787978217966506,0.12661965174673193,0.016992439770819774,1,-2868.900599999997
Bonus Opportunists,6.0,0.12197557823357925,0.6134592570717555,0.7519091518757965,122,-346.2163999999998
Casual Regulars,,0.18743515796703072,0.25565235464189995,0.07719782412241186,25,-496.0322000000001
Casual Regulars,,0.1107813796337001,0.19111209191838002,0.04783155958203556,4,-607.7476
Early Churners,,0.060470385360113024,0.31516255991590786,0.49966022884549277,209,-1654.0692000000001
Early Churners,,0.17940142442003792,0.1806693910736349,0.47947658604387533,215,-668.6118
High-Value Core,213.0,0.14224797798779906,0.11775982688278552,0.06619330663025083,5,-1993.8090000000002
Casual Regulars,,0.20073197725084801,0.2296784013029079,0.17457621422038058,8,-1866.7656
High-Value Core,181.0,0.180381715007008,0.10745768040188745,0.006018663336667694,0,-3870.7073999999993
Bonus Opportunists,13.0,0.4780923026830819,0.312152204555253,0.8108110631301477,157,-7986.7284
Casual Regulars,,0.4614117090822277,0.166834784270955,0.040152981572461444,4,-772.759
Borderline Opportunists,,0.13332536139218648,0.23115606335020855,0.12652452219665053,20,-1975.8806
High-Value Core,253.0,0.45264731555812593,0.15708467452729427,0.06808140999881789,0,2273.376800000001
Bonus Opportunists,20.0,0.17580030996611112,0.6453942543084616,0.38746186869073684,107,-5180.308599999999
High-Value Core,85.0,0.1705822484372609,0.11963983623844575,0.11206412632594387,5,-1939.8837999999996
Casual Regulars,,0.5723619025032609,0.30318198890729153,0.04797348827630109,2,-998.845
High-Value Core,224.0,0.12648668638908603,0.13798542163280322,0.04591759804478556,1,1445.3203999999998
High-Value Core,,0.14068672699994647,0.18542437319463423,0.05366022968708436,2,676.4227999999994
Casual Regulars,,0.17798143296736244,0.14622520368975686,0.00407973600401727,8,-23.688199999999938
High-Value Core,,0.18770388651259898,0.14915093508996882,0.04506322167401677,0,715.0181999999995
Bonus Opportunists,29.0,0.4230073449101734,0.41549035953606184,0.8932618309107915,196,-8987.0044
High-Value Core,87.0,0.19104496473626204,0.1641150019745931,0.0685973086994944,1,-1762.3536000000004
Bonus Opportunists,0.0,0.42406995862873825,0.38360919392504933,0.7096493363970052,278,-4681.918799999999
High-Value Core,49.0,0.1575550637294922,0.15562929004233877,0.1393764925443947,0,3841.9143999999997
Casual Regulars,,0.22527201213879752,0.15897174009914566,0.0586185372101453,35,-910.5544000000001
Early Churners,,0.0,0.42603591127395696,0.54806452078854,218,247.69079999999985
Casual Regulars,,0.04298659235404306,0.281387836904881,0.11653855736313222,7,-266.5160000000001
High-Value Core,224.0,0.16400298307236816,0.12612531273378938,0.08363081694685151,0,1384.9548
High-Value Core,84.0,0.2541869501168818,0.11707487268458647,0.008646632612881764,2,8812.7822
High-Value Core,62.0,0.1812320122183886,0.12025782269093621,0.01270995366055891,0,20198.1158
Minimal Engagers,,0.2735242489255954,0.6025825316494314,0.0,30,-1040.5252
High-Value Core,85.0,0.3732386553557603,0.11217543621241508,0.006304473214219812,0,11915.0664
Casual Regulars,,0.33408117849893926,0.201763044659794,0.08394363587804135,16,-1337.9614
High-Value Core,303.0,0.11890845161243586,0.23389263344670663,0.05877514081823411,4,-8845.730599999999
High-Value Core,109.0,0.12646941383105448,0.12503966065017935,0.015192933560633452,0,12723.968799999999
Early Churners,,0.6251088990014422,0.37863707000476504,0.3752316021016587,205,-1222.0295999999998
High-Value Core,203.0,0.4688525991733587,0.21156269993578497,0.048912528273444125,0,-1675.8779999999997
Bonus Opportunists,24.0,0.19389380489328104,0.607655165935916,0.8291956239152656,258,-8930.0472
Casual Regulars,,0.13022467820802877,0.2968250181140793,0.07546626705948782,5,333.0848
High-Value Core,138.0,0.2383211854681162,0.13415471907358112,0.1231001804658823,0,2952.7680000000005
Early Churners,,0.03871089850403957,0.44688622481495566,0.36573133575052236,220,-561.082
Casual Regulars,,0.17172601477213995,0.31366564376728645,0.07704428100685802,0,-53.835800000000006
High-Value Core,286.0,0.12020146645903976,0.17003354860803666,0.18035516807362642,3,1751.6524000000009
High-Value Core,92.0,0.42572160587479596,0.13627647335094323,0.006580333959186998,0,14872.2186
Bonus Opportunists,19.0,0.13452039061876717,0.5723181146326415,0.5389287513964245,160,-7659.5462
Bonus Opportunists,0.0,0.9766723751612417,0.6602489148164704,0.7478350120051103,131,2746.8158000000003
Bonus Opportunists,15.0,0.9852539363364656,0.7058496283839357,0.7639099141954653,135,-8961.953000000001
High-Value Core,197.0,0.3915292609076597,0.15944619709627664,0.06748547122465129,0,-1941.6204000000002
Early Churners,91.0,0.14866139662034922,0.21031085027978985,0.48263323867101054,203,-1237.266
Early Churners,,0.0716919201504984,0.18066934624236908,0.5315559969372307,250,-115.16980000000001
High-Value Core,92.0,0.18914671730739907,0.14875119884614701,0.061168501577660364,0,4257.487800000001
High-Value Core,,0.15678071254828,0.2473766812771998,0.04198110953545501,0,-348.2395999999994
High-Value Core,81.0,0.3421077430788416,0.09419357101681036,0.00843434944248359,0,18099.4108
High-Value Core,181.0,0.41736405406255633,0.12245377899823214,0.011470364475589799,0,-3429.6662000000015
Bonus Opportunists,9.0,0.19056973531413926,0.6426845447335376,0.9102132703319584,107,-3602.7
High-Value Core,118.0,0.1640314044033923,0.11331034365221632,0.0013638256273223346,0,6108.465
Bonus Opportunists,0.0,0.48557573344640415,0.3211500206236304,0.8907964008914403,186,3822.279199999999
Casual Regulars,,0.08380103135057834,0.15931999671488717,0.031206502852981856,22,-112.75540000000007
High-Value Core,,0.483767528830387,0.2120965054785952,0.10920237153587001,1,-326.13179999999966
Early Churners,,0.17324341021669737,0.18999393709877713,0.5872605096926099,205,-1385.8229999999999
Casual Regulars,,0.14275018411245535,0.3352829632137606,0.0,8,-339.0182
Early Churners,,0.2933341700591735,0.2658758488782074,0.5651792576060758,238,72.46240000000012
Casual Regulars,,0.07348812948463045,0.25095456373266933,0.042415156874380494,3,88.33140000000003
High-Value Core,161.0,0.17618458634151649,0.1589142654949061,0.055448829840452754,0,997.0516000000007
Early Churners,,0.15341720542391624,0.2692271615694522,0.40563967505643517,203,-1679.048
Minimal Engagers,,0.05380243931386443,0.27529456146527587,0.5085196795055279,240,-528.1156
High-Value Core,220.0,0.2038341669199518,0.1613099504655519,0.07896672390115357,1,-9172.728
Casual Regulars,,0.32072588241082306,0.20096682463791535,0.08734914856719986,1,-805.6882
High-Value Core,301.0,0.12409150409458773,0.19210661307660282,0.09403784352580986,0,-10377.719000000001
Casual Regulars,,0.27543199852420974,0.2285213831675594,0.036627334704094634,1,-1057.3469999999998
High-Value Core,288.0,0.14718470622347524,0.16819017710995654,0.11276552425395334,3,-10471.1316
High-Value Core,128.0,0.2089700909067662,0.14913572506884426,0.11440190204188615,0,804.4544000000005
Casual Regulars,,0.20543078442432766,0.24528558196962436,0.025319686091532904,14,-52.197
Casual Regulars,,0.09105301897056876,0.2356057441609542,0.05199777924512958,0,-833.4817999999999
Casual Regulars,,0.06397970657952393,0.2927707366510649,0.15177356259337665,18,-1421.158
High-Value Core,212.0,0.1470347638677602,0.1989773429639874,0.09992269396378738,1,-8428.7238
Casual Regulars,,0.13710744600400057,0.20591595929681586,0.1192011528185378,20,-926.7315999999998
High-Value Core,299.0,0.44036681716625464,0.14567590899891583,0.08688495618024976,0,-10299.655999999999
Bonus Opportunists,1.0,0.5104079384687626,0.3367273218875229,0.8656975023801726,307,-5857.5743999999995
High-Value Core,212.0,0.13860924135862263,0.13092090742931436,0.030449271814719604,1,-7023.550800000001
Casual Regulars,,0.6237529138878597,0.19865352817991805,0.1062198962578733,32,-1385.4336
Early Churners,118.0,0.09000273553630068,0.16863401686875645,0.5712944040140682,202,1015.0398000000005
Casual Regulars,,0.26945240320507713,0.12053924104141366,0.1483608106334252,3,-92.81820000000016
High-Value Core,83.0,0.484215527992165,0.1726514000402969,0.09736172381039417,0,-1866.7160000000013
High-Value Core,191.0,0.4850589254858285,0.17237908925529685,0.047278960099496684,1,-3870.5155999999997
Bonus Opportunists,50.0,0.396174574077771,0.4163797527753644,0.8332340356739044,264,-10892.292599999999
Early Churners,,0.26166018820184933,0.28587657330401817,0.3302591138595703,205,-480.04859999999996
Early Churners,,0.12909330147701795,0.331332595885737,0.468508634097698,207,-394.7274000000002
High-Value Core,78.0,0.2137620771149201,0.16553453561531473,0.10302029833937687,1,1376.4845999999998
Casual Regulars,,0.09262121011483797,0.2247244953651705,0.02522794924377269,12,-1991.3337999999999
Early Churners,35.0,0.14312047228596922,0.23310843172856768,0.5246289909573101,203,-898.5295999999998
Casual Regulars,,0.15123137889697405,0.22380821040774118,0.054985454351096086,14,-1145.165
High-Value Core,96.0,0.2992599946004201,0.10424085143383788,0.0,2,7783.762799999997
High-Value Core,120.0,0.20018473537565176,0.10570173875913286,0.0074060586418750384,0,4065.2617999999966
High-Value Core,117.0,0.437997132083718,0.14696065812294082,0.07979927332195837,4,-1293.3045999999995
High-Value Core,73.0,0.19169528233746808,0.11915371228041123,0.0,0,17226.825399999998
Bonus Opportunists,,0.2902741501067244,0.5396115377583183,0.8765656493520785,149,-409.96619999999984
High-Value Core,105.0,0.18157053488474426,0.16879701407274036,0.06501483930641483,1,3240.7061999999996
High-Value Core,200.0,0.1780921735126532,0.14293961509429895,0.0015300046101513875,0,-2592.5851999999995
High-Value Core,144.0,0.13261359091466762,0.11524429025137274,0.019148531362503992,0,2329.5342
High-Value Core,251.0,0.18177429800641887,0.12395367534232477,0.02968840596052458,1,-8226.0998
Casual Regulars,,0.39670087746588595,0.1737636058936288,0.1385071127210089,7,-2128.1412
Bonus Opportunists,,0.876548945843271,0.6167274554580915,0.8382561495625969,307,754.9734000000001
High-Value Core,99.0,0.21724216005743222,0.13907155106526747,0.06689255279167997,2,853.6624000000002
High-Value Core,176.0,0.5126742273719432,0.18803841121594134,0.0599832208742318,1,-3414.1576
High-Value Core,214.0,0.05990161602320162,0.19190894904168707,0.17777974976817648,2,-2274.0928000000004
High-Value Core,74.0,0.16831372920669294,0.1309177688700314,0.007458140850284521,1,23819.7606
Early Churners,,0.06441193409007155,0.21039349157964315,0.3804871478556665,212,-1322.4265999999998
Minimal Engagers,,0.5393801701036933,0.35871346699519063,0.0,67,-2493.5708
Casual Regulars,,0.2614748874677,0.24621690537523183,0.023186725795972925,18,-1683.4372
Casual Regulars,,0.07903928485505503,0.2872811506900321,0.0,3,-186.00840000000005
Minimal Engagers,,0.037552816338182055,0.4831971985310132,0.053278981004574746,18,-2437.4556000000002
Casual Regulars,,0.08269475992710165,0.23990435945836155,0.041027313549162274,6,-377.0458
High-Value Core,110.0,0.20714323102655224,0.15068148621994376,0.08792697635312344,1,-1634.027
Minimal Engagers,,0.03243414326229785,0.25985713769353513,0.05574480569706345,1,-2037.605
High-Value Core,120.0,0.19333510207855248,0.12145876672866134,0.0007461991377055109,1,4158.119600000002
Casual Regulars,,0.13693180747387337,0.1895719924991381,0.05654415669215308,9,-297.951
Early Churners,,0.12855193037084794,0.3239884735985106,0.40810119615091806,211,-866.8736
Casual Regulars,,0.14705142818502223,0.19706281508551307,0.056143785794981346,15,-2085.3678
Early Churners,,0.6572492414931796,0.35294159989946006,0.37203245528116463,202,232.95140000000004
High-Value Core,315.0,0.20135234066298316,0.1554337266681957,0.13666655140810194,1,-10574.2688
High-Value Core,113.0,0.1395209406525797,0.14812246913202545,0.0841232619936941,0,484.1300000000001
Bonus Opportunists,5.0,0.16104165591156855,0.653082880095797,0.8570417037586394,283,-2923.212
Bonus Opportunists,,0.278809477503432,0.5484925198561511,0.8674665509726772,162,607.406
Minimal Engagers,,0.0,0.4107553540896233,0.0,5,-572.9098
Casual Regulars,,0.1641237362786485,0.21943128915973464,0.13123025320152576,1,77.95800000000008
Borderline Opportunists,,0.09851786063849005,0.4226430009011122,0.01924383008427555,2,-782.2565999999999
High-Value Core,157.0,0.21002990929828527,0.12032311981586973,0.0,0,12934.7008
High-Value Core,83.0,0.1529247591896236,0.1224195446093366,0.014065649098742495,0,15765.482199999999
High-Value Core,85.0,0.19104586261677656,0.10813060388349593,0.015537000833963173,1,9130.648599999999
High-Value Core,107.0,0.11792927848962124,0.12040764416690129,0.04689631884821384,5,2749.3254000000006
Early Churners,,0.11010943567286476,0.3376520848443185,0.5513216527822918,215,-1264.6560000000002
High-Value Core,97.0,0.17965809496877286,0.1101227871592783,0.023961533378055743,0,16630.731999999996
Casual Regulars,,0.09691629733372943,0.2769449265448445,0.04836594174341314,2,587.5464000000002
High-Value Core,202.0,0.16891416497535444,0.11813439744033846,0.0008446861320895697,0,-2675.3340000000007
High-Value Core,200.0,0.4113897879602011,0.13604609984899402,0.08273106132724078,2,-363.7399999999998
Bonus Opportunists,,0.7529651385603467,0.46494644810828434,0.9185121694572559,320,-231.4111999999999
High-Value Core,155.0,0.4435686793617507,0.1430379421637445,0.08703724025167156,0,339.4068000000002
Bonus Opportunists,2.0,0.48447199567565746,0.4223887467582441,0.8522591459140186,181,-1634.6628
High-Value Core,86.0,0.1708784769606213,0.14384325453422528,0.08430926140546204,0,1289.8113999999996
Casual Regulars,,0.18654034452811513,0.17422111867139614,0.11415984467162213,3,585.3081999999999
High-Value Core,62.0,0.21568103659741564,0.1213564260615052,0.0026363431588624347,1,17212.9876
Minimal Engagers,,0.07946831583707221,0.22942065934085776,0.16258841771883414,4,-978.4098
High-Value Core,247.0,0.1368977869633501,0.2040272027011569,0.08916939546635629,6,-10068.6426
High-Value Core,63.0,0.20718835690193818,0.13649524974522312,0.11182994379759563,0,1938.9560000000001
High-Value Core,108.0,0.15741468908180847,0.11126017698599595,0.013764660042599743,1,9360.707999999999
Bonus Opportunists,0.0,0.4258224383305351,0.4115236298501335,0.7796990016704786,141,334.2954000000009
Casual Regulars,,0.061548839339180685,0.3032759088045976,0.03704920920074677,9,-532.22
High-Value Core,,0.43594384378252926,0.15297942406456674,0.09109787802168284,0,231.85740000000123
Early Churners,,0.5871077755697137,0.3181204347218427,0.6158112080769653,205,-1628.4586
Casual Regulars,,0.04508911402939155,0.2970362607261115,0.19714532490212272,10,-465.5319999999999
Casual Regulars,,0.12497262193731332,0.26794893521971536,0.04577041333324136,2,341.00180000000023
